id,latitude,longitude,radius_km,is_on_land,county,distance_to_land_meters,twd97_x,twd97_y,grid_row,grid_col
1,25.30905,121.533581,3.0,False,沿海緩衝區(新北市外海),997.6,303724.7,2800116.2,85,44
2,25.308854,121.585186,3.0,False,沿海緩衝區(新北市外海),1341.3,308920.9,2800116.2,85,45
3,25.268685,121.456021,3.0,False,沿海緩衝區(新北市外海),1877.9,295930.5,2795616.2,84,43
4,25.268517,121.50761,3.0,True,新北市,0.0,301126.6,2795616.2,84,44
5,25.26833,121.559198,3.0,True,新北市,0.0,306322.8,2795616.2,84,45
6,25.268126,121.610785,3.0,True,新北市,0.0,311518.9,2795616.2,84,46
7,25.228137,121.430084,3.0,False,沿海緩衝區(新北市外海),1012.1,293332.4,2791116.2,83,42
8,25.227978,121.481655,3.0,True,新北市,0.0,298528.5,2791116.2,83,43
9,25.227801,121.533226,3.0,True,新北市,0.0,303724.7,2791116.2,83,44
10,25.227606,121.584797,3.0,True,新北市,0.0,308920.9,2791116.2,83,45
11,25.227393,121.636367,3.0,True,新北市,0.0,314117.0,2791116.2,83,46
12,25.227162,121.687936,3.0,False,沿海緩衝區(新北市外海),1666.2,319313.2,2791116.2,83,47
13,25.187584,121.404163,3.0,False,沿海緩衝區(新北市外海),306.1,290734.3,2786616.2,82,42
14,25.187435,121.455718,3.0,True,新北市,0.0,295930.5,2786616.2,82,43
15,25.187267,121.507272,3.0,True,新北市,0.0,301126.6,2786616.2,82,44
16,25.187081,121.558826,3.0,True,台北市,0.0,306322.8,2786616.2,82,45
17,25.186877,121.610379,3.0,True,新北市,0.0,311518.9,2786616.2,82,46
18,25.186656,121.661932,3.0,True,新北市,0.0,316715.1,2786616.2,82,47
19,25.186416,121.713484,3.0,False,沿海緩衝區(基隆市外海),1228.6,321911.2,2786616.2,82,48
20,25.186159,121.765035,3.0,False,沿海緩衝區(基隆市外海),1711.4,327107.4,2786616.2,82,49
21,25.147149,121.326722,3.0,False,沿海緩衝區(新北市外海),2532.2,282940.1,2782116.2,81,40
22,25.147027,121.378261,3.0,False,沿海緩衝區(新北市外海),431.7,288136.2,2782116.2,81,41
23,25.146886,121.429798,3.0,True,新北市,0.0,293332.4,2782116.2,81,42
24,25.146728,121.481336,3.0,True,台北市,0.0,298528.5,2782116.2,81,43
25,25.146551,121.532873,3.0,True,台北市,0.0,303724.7,2782116.2,81,44
26,25.146357,121.584409,3.0,True,台北市,0.0,308920.9,2782116.2,81,45
27,25.146145,121.635945,3.0,True,新北市,0.0,314117.0,2782116.2,81,46
28,25.145914,121.68748,3.0,True,基隆市,0.0,319313.2,2782116.2,81,47
29,25.145666,121.739015,3.0,True,基隆市,0.0,324509.3,2782116.2,81,48
30,25.1454,121.790549,3.0,False,沿海緩衝區(基隆市外海),10.1,329705.5,2782116.2,81,49
31,25.145116,121.842082,3.0,False,沿海緩衝區(新北市外海),1799.8,334901.6,2782116.2,81,50
32,25.144814,121.893614,3.0,False,沿海緩衝區(新北市外海),2454.7,340097.8,2782116.2,81,51
33,25.144494,121.945146,3.0,False,沿海緩衝區(新北市外海),2679.0,345293.9,2782116.2,81,52
34,25.106751,121.19781,3.0,False,沿海緩衝區(桃園縣外海),517.2,269949.7,2777616.2,80,38
35,25.106673,121.249332,3.0,True,桃園縣,0.0,275145.9,2777616.2,80,39
36,25.106577,121.300854,3.0,True,新北市,0.0,280342.0,2777616.2,80,40
37,25.106464,121.352375,3.0,True,新北市,0.0,285538.2,2777616.2,80,41
38,25.106333,121.403896,3.0,True,新北市,0.0,290734.3,2777616.2,80,42
39,25.106183,121.455417,3.0,True,新北市,0.0,295930.5,2777616.2,80,43
40,25.106016,121.506937,3.0,True,台北市,0.0,301126.6,2777616.2,80,44
41,25.105831,121.558456,3.0,True,台北市,0.0,306322.8,2777616.2,80,45
42,25.105628,121.609975,3.0,True,新北市,0.0,311518.9,2777616.2,80,46
43,25.105407,121.661494,3.0,True,基隆市,0.0,316715.1,2777616.2,80,47
44,25.105169,121.713012,3.0,True,基隆市,0.0,321911.2,2777616.2,80,48
45,25.104912,121.764529,3.0,True,新北市,0.0,327107.4,2777616.2,80,49
46,25.104637,121.816046,3.0,True,新北市,0.0,332303.5,2777616.2,80,50
47,25.104345,121.867561,3.0,True,新北市,0.0,337499.7,2777616.2,80,51
48,25.104035,121.919076,3.0,True,新北市,0.0,342695.8,2777616.2,80,52
49,25.066239,121.068982,3.0,False,沿海緩衝區(桃園縣外海),1863.8,256959.3,2773116.2,79,35
50,25.066206,121.120487,3.0,True,桃園縣,0.0,262155.5,2773116.2,79,36
51,25.066156,121.171993,3.0,True,桃園縣,0.0,267351.6,2773116.2,79,37
52,25.066087,121.223497,3.0,True,桃園縣,0.0,272547.8,2773116.2,79,38
53,25.066001,121.275002,3.0,True,桃園縣,0.0,277743.9,2773116.2,79,39
54,25.065896,121.326507,3.0,True,桃園縣,0.0,282940.1,2773116.2,79,40
55,25.065774,121.378011,3.0,True,桃園縣,0.0,288136.2,2773116.2,79,41
56,25.065634,121.429514,3.0,True,新北市,0.0,293332.4,2773116.2,79,42
57,25.065476,121.481018,3.0,True,新北市,0.0,298528.5,2773116.2,79,43
58,25.0653,121.532521,3.0,True,台北市,0.0,303724.7,2773116.2,79,44
59,25.065107,121.584023,3.0,True,台北市,0.0,308920.9,2773116.2,79,45
60,25.064895,121.635525,3.0,True,新北市,0.0,314117.0,2773116.2,79,46
61,25.064666,121.687026,3.0,True,新北市,0.0,319313.2,2773116.2,79,47
62,25.064419,121.738527,3.0,True,基隆市,0.0,324509.3,2773116.2,79,48
63,25.064154,121.790027,3.0,True,新北市,0.0,329705.5,2773116.2,79,49
64,25.063871,121.841526,3.0,True,新北市,0.0,334901.6,2773116.2,79,50
65,25.06357,121.893024,3.0,True,新北市,0.0,340097.8,2773116.2,79,51
66,25.063251,121.944522,3.0,False,沿海緩衝區(新北市外海),1294.6,345293.9,2773116.2,79,52
67,25.025622,121.043215,3.0,True,桃園縣,0.0,254361.3,2768616.2,78,35
68,25.025598,121.094704,3.0,True,桃園縣,0.0,259557.4,2768616.2,78,36
69,25.025556,121.146192,3.0,True,桃園縣,0.0,264753.6,2768616.2,78,37
70,25.025496,121.19768,3.0,True,桃園縣,0.0,269949.7,2768616.2,78,38
71,25.025419,121.249168,3.0,True,桃園縣,0.0,275145.9,2768616.2,78,39
72,25.025324,121.300655,3.0,True,桃園縣,0.0,280342.0,2768616.2,78,40
73,25.025211,121.352143,3.0,True,桃園縣,0.0,285538.2,2768616.2,78,41
74,25.02508,121.40363,3.0,True,桃園縣,0.0,290734.3,2768616.2,78,42
75,25.024931,121.455116,3.0,True,新北市,0.0,295930.5,2768616.2,78,43
76,25.024765,121.506602,3.0,True,台北市,0.0,301126.6,2768616.2,78,44
77,25.02458,121.558088,3.0,True,台北市,0.0,306322.8,2768616.2,78,45
78,25.024378,121.609573,3.0,True,台北市,0.0,311518.9,2768616.2,78,46
79,25.024158,121.661058,3.0,True,台北市,0.0,316715.1,2768616.2,78,47
80,25.02392,121.712542,3.0,True,新北市,0.0,321911.2,2768616.2,78,48
81,25.023664,121.764025,3.0,True,新北市,0.0,327107.4,2768616.2,78,49
82,25.023391,121.815508,3.0,True,新北市,0.0,332303.5,2768616.2,78,50
83,25.0231,121.866989,3.0,True,新北市,0.0,337499.7,2768616.2,78,51
84,25.02279,121.91847,3.0,True,新北市,0.0,342695.8,2768616.2,78,52
85,25.022463,121.96995,3.0,True,新北市,0.0,347892.0,2768616.2,78,53
86,25.022119,122.021429,3.0,False,沿海緩衝區(新北市外海),1799.5,353088.1,2768616.2,78,54
87,24.984999,121.017465,3.0,True,桃園縣,0.0,251763.2,2764116.2,77,34
88,24.984984,121.068937,3.0,True,桃園縣,0.0,256959.3,2764116.2,77,35
89,24.984951,121.120408,3.0,True,桃園縣,0.0,262155.5,2764116.2,77,36
90,24.984901,121.171879,3.0,True,桃園縣,0.0,267351.6,2764116.2,77,37
91,24.984833,121.22335,3.0,True,桃園縣,0.0,272547.8,2764116.2,77,38
92,24.984746,121.274821,3.0,True,桃園縣,0.0,277743.9,2764116.2,77,39
93,24.984643,121.326292,3.0,True,桃園縣,0.0,282940.1,2764116.2,77,40
94,24.984521,121.377762,3.0,True,桃園縣,0.0,288136.2,2764116.2,77,41
95,24.984381,121.429232,3.0,True,新北市,0.0,293332.4,2764116.2,77,42
96,24.984224,121.480701,3.0,True,新北市,0.0,298528.5,2764116.2,77,43
97,24.984049,121.53217,3.0,True,新北市,0.0,303724.7,2764116.2,77,44
98,24.983856,121.583639,3.0,True,台北市,0.0,308920.9,2764116.2,77,45
99,24.983645,121.635107,3.0,True,新北市,0.0,314117.0,2764116.2,77,46
100,24.983417,121.686574,3.0,True,新北市,0.0,319313.2,2764116.2,77,47
101,24.98317,121.738041,3.0,True,新北市,0.0,324509.3,2764116.2,77,48
102,24.982906,121.789507,3.0,True,新北市,0.0,329705.5,2764116.2,77,49
103,24.982624,121.840972,3.0,True,新北市,0.0,334901.6,2764116.2,77,50
104,24.982325,121.892436,3.0,True,新北市,0.0,340097.8,2764116.2,77,51
105,24.982007,121.9439,3.0,True,宜蘭縣,0.0,345293.9,2764116.2,77,52
106,24.981672,121.995363,3.0,False,沿海緩衝區(新北市外海),1415.0,350490.1,2764116.2,77,53
107,24.944372,120.991732,3.0,True,桃園縣,0.0,249165.1,2759616.2,76,34
108,24.944366,121.043187,3.0,True,桃園縣,0.0,254361.3,2759616.2,76,35
109,24.944342,121.094641,3.0,True,桃園縣,0.0,259557.4,2759616.2,76,36
110,24.944301,121.146096,3.0,True,桃園縣,0.0,264753.6,2759616.2,76,37
111,24.944241,121.19755,3.0,True,桃園縣,0.0,269949.7,2759616.2,76,38
112,24.944164,121.249004,3.0,True,桃園縣,0.0,275145.9,2759616.2,76,39
113,24.944069,121.300458,3.0,True,桃園縣,0.0,280342.0,2759616.2,76,40
114,24.943957,121.351911,3.0,True,新北市,0.0,285538.2,2759616.2,76,41
115,24.943826,121.403364,3.0,True,新北市,0.0,290734.3,2759616.2,76,42
116,24.943678,121.454817,3.0,True,新北市,0.0,295930.5,2759616.2,76,43
117,24.943512,121.50627,3.0,True,新北市,0.0,301126.6,2759616.2,76,44
118,24.943329,121.557721,3.0,True,新北市,0.0,306322.8,2759616.2,76,45
119,24.943127,121.609173,3.0,True,新北市,0.0,311518.9,2759616.2,76,46
120,24.942908,121.660624,3.0,True,新北市,0.0,316715.1,2759616.2,76,47
121,24.942671,121.712074,3.0,True,新北市,0.0,321911.2,2759616.2,76,48
122,24.942416,121.763523,3.0,True,新北市,0.0,327107.4,2759616.2,76,49
123,24.942144,121.814972,3.0,True,新北市,0.0,332303.5,2759616.2,76,50
124,24.941853,121.86642,3.0,True,宜蘭縣,0.0,337499.7,2759616.2,76,51
125,24.941545,121.917867,3.0,False,沿海緩衝區(宜蘭縣外海),1101.5,342695.8,2759616.2,76,52
126,24.903743,121.017454,3.0,True,新竹縣,0.0,251763.2,2755116.2,75,34
127,24.90374,120.966016,3.0,True,新竹縣,0.0,246567.0,2755116.2,75,33
128,24.903728,121.068892,3.0,True,桃園縣,0.0,256959.3,2755116.2,75,35
129,24.903696,121.120329,3.0,True,桃園縣,0.0,262155.5,2755116.2,75,36
130,24.903645,121.171767,3.0,True,桃園縣,0.0,267351.6,2755116.2,75,37
131,24.903577,121.223204,3.0,True,桃園縣,0.0,272547.8,2755116.2,75,38
132,24.903491,121.274641,3.0,True,桃園縣,0.0,277743.9,2755116.2,75,39
133,24.903388,121.326078,3.0,True,新北市,0.0,282940.1,2755116.2,75,40
134,24.903266,121.377514,3.0,True,新北市,0.0,288136.2,2755116.2,75,41
135,24.903127,121.42895,3.0,True,新北市,0.0,293332.4,2755116.2,75,42
136,24.902971,121.480386,3.0,True,新北市,0.0,298528.5,2755116.2,75,43
137,24.902796,121.531821,3.0,True,新北市,0.0,303724.7,2755116.2,75,44
138,24.902604,121.583256,3.0,True,新北市,0.0,308920.9,2755116.2,75,45
139,24.902394,121.63469,3.0,True,新北市,0.0,314117.0,2755116.2,75,46
140,24.902166,121.686124,3.0,True,新北市,0.0,319313.2,2755116.2,75,47
141,24.901921,121.737557,3.0,True,新北市,0.0,324509.3,2755116.2,75,48
142,24.901658,121.788989,3.0,True,新北市,0.0,329705.5,2755116.2,75,49
143,24.901377,121.840421,3.0,True,宜蘭縣,0.0,334901.6,2755116.2,75,50
144,24.901078,121.891851,3.0,False,沿海緩衝區(宜蘭縣外海),1763.8,340097.8,2755116.2,75,51
145,24.863116,120.991738,3.0,True,新竹縣,0.0,249165.1,2750616.2,74,34
146,24.86311,121.043159,3.0,True,新竹縣,0.0,254361.3,2750616.2,74,35
147,24.863104,120.940317,3.0,True,新竹縣,0.0,243968.9,2750616.2,74,33
148,24.863086,121.094579,3.0,True,新竹縣,0.0,259557.4,2750616.2,74,36
149,24.863074,120.888896,3.0,False,沿海緩衝區(新竹市外海),2628.5,238772.8,2750616.2,74,32
150,24.863044,121.146,3.0,True,新竹縣,0.0,264753.6,2750616.2,74,37
151,24.862985,121.197421,3.0,True,桃園縣,0.0,269949.7,2750616.2,74,38
152,24.862909,121.248841,3.0,True,桃園縣,0.0,275145.9,2750616.2,74,39
153,24.862814,121.300261,3.0,True,桃園縣,0.0,280342.0,2750616.2,74,40
154,24.862702,121.351681,3.0,True,新北市,0.0,285538.2,2750616.2,74,41
155,24.862572,121.4031,3.0,True,新北市,0.0,290734.3,2750616.2,74,42
156,24.862424,121.45452,3.0,True,新北市,0.0,295930.5,2750616.2,74,43
157,24.862259,121.505938,3.0,True,新北市,0.0,301126.6,2750616.2,74,44
158,24.862076,121.557356,3.0,True,新北市,0.0,306322.8,2750616.2,74,45
159,24.861875,121.608774,3.0,True,新北市,0.0,311518.9,2750616.2,74,46
160,24.861657,121.660191,3.0,True,新北市,0.0,316715.1,2750616.2,74,47
161,24.861421,121.711608,3.0,True,新北市,0.0,321911.2,2750616.2,74,48
162,24.861167,121.763023,3.0,True,新北市,0.0,327107.4,2750616.2,74,49
163,24.860895,121.814438,3.0,True,宜蘭縣,0.0,332303.5,2750616.2,74,50
164,24.860606,121.865853,3.0,False,沿海緩衝區(宜蘭縣外海),2564.2,337499.7,2750616.2,74,51
165,24.860299,121.917266,3.0,False,沿海緩衝區(宜蘭縣外海),2309.5,342695.8,2750616.2,74,52
166,24.859975,121.968679,3.0,False,沿海緩衝區(宜蘭縣外海),1720.1,347892.0,2750616.2,74,53
167,24.822486,121.017443,3.0,True,新竹縣,0.0,251763.2,2746116.2,73,34
168,24.822483,120.966039,3.0,True,新竹市,0.0,246567.0,2746116.2,73,33
169,24.822471,121.068847,3.0,True,新竹縣,0.0,256959.3,2746116.2,73,35
170,24.822463,120.914635,3.0,True,新竹市,0.0,241370.9,2746116.2,73,32
171,24.822439,121.120251,3.0,True,新竹縣,0.0,262155.5,2746116.2,73,36
172,24.822389,121.171654,3.0,True,新竹縣,0.0,267351.6,2746116.2,73,37
173,24.822321,121.223058,3.0,True,桃園縣,0.0,272547.8,2746116.2,73,38
174,24.822235,121.274461,3.0,True,桃園縣,0.0,277743.9,2746116.2,73,39
175,24.822132,121.325865,3.0,True,桃園縣,0.0,282940.1,2746116.2,73,40
176,24.822011,121.377268,3.0,True,桃園縣,0.0,288136.2,2746116.2,73,41
177,24.821873,121.42867,3.0,True,新北市,0.0,293332.4,2746116.2,73,42
178,24.821717,121.480072,3.0,True,新北市,0.0,298528.5,2746116.2,73,43
179,24.821543,121.531474,3.0,True,新北市,0.0,303724.7,2746116.2,73,44
180,24.821351,121.582875,3.0,True,新北市,0.0,308920.9,2746116.2,73,45
181,24.821142,121.634276,3.0,True,新北市,0.0,314117.0,2746116.2,73,46
182,24.820915,121.685676,3.0,True,新北市,0.0,319313.2,2746116.2,73,47
183,24.820671,121.737075,3.0,True,宜蘭縣,0.0,324509.3,2746116.2,73,48
184,24.820409,121.788474,3.0,True,宜蘭縣,0.0,329705.5,2746116.2,73,49
185,24.820129,121.839872,3.0,False,沿海緩衝區(宜蘭縣外海),1692.7,334901.6,2746116.2,73,50
186,24.819516,121.942665,3.0,False,沿海緩衝區(宜蘭縣外海),1898.3,345293.9,2746116.2,73,52
187,24.781858,120.991743,3.0,True,新竹市,0.0,249165.1,2741616.2,72,34
188,24.781852,121.043131,3.0,True,新竹縣,0.0,254361.3,2741616.2,72,35
189,24.781847,120.940356,3.0,True,新竹市,0.0,243968.9,2741616.2,72,33
190,24.781829,121.094518,3.0,True,新竹縣,0.0,259557.4,2741616.2,72,36
191,24.781817,120.888969,3.0,False,沿海緩衝區(新竹市外海),390.3,238772.8,2741616.2,72,32
192,24.781787,121.145905,3.0,True,新竹縣,0.0,264753.6,2741616.2,72,37
193,24.781728,121.197292,3.0,True,新竹縣,0.0,269949.7,2741616.2,72,38
194,24.781652,121.248679,3.0,True,新竹縣,0.0,275145.9,2741616.2,72,39
195,24.781558,121.300065,3.0,True,桃園縣,0.0,280342.0,2741616.2,72,40
196,24.781446,121.351452,3.0,True,桃園縣,0.0,285538.2,2741616.2,72,41
197,24.781316,121.402838,3.0,True,桃園縣,0.0,290734.3,2741616.2,72,42
198,24.781169,121.454223,3.0,True,新北市,0.0,295930.5,2741616.2,72,43
199,24.781005,121.505608,3.0,True,新北市,0.0,301126.6,2741616.2,72,44
200,24.780822,121.556993,3.0,True,新北市,0.0,306322.8,2741616.2,72,45
201,24.780622,121.608377,3.0,True,宜蘭縣,0.0,311518.9,2741616.2,72,46
202,24.780405,121.659761,3.0,True,宜蘭縣,0.0,316715.1,2741616.2,72,47
203,24.78017,121.711144,3.0,True,宜蘭縣,0.0,321911.2,2741616.2,72,48
204,24.779917,121.762526,3.0,True,宜蘭縣,0.0,327107.4,2741616.2,72,49
205,24.779646,121.813907,3.0,True,宜蘭縣,0.0,332303.5,2741616.2,72,50
206,24.741228,121.017431,3.0,True,新竹縣,0.0,251763.2,2737116.2,71,34
207,24.741226,120.966061,3.0,True,新竹縣,0.0,246567.0,2737116.2,71,33
208,24.741214,121.068802,3.0,True,新竹縣,0.0,256959.3,2737116.2,71,35
209,24.741205,120.91469,3.0,True,新竹市,0.0,241370.9,2737116.2,71,32
210,24.741181,121.120172,3.0,True,新竹縣,0.0,262155.5,2737116.2,71,36
211,24.741167,120.86332,3.0,False,沿海緩衝區(苗栗縣外海),1561.4,236174.7,2737116.2,71,31
212,24.741131,121.171543,3.0,True,新竹縣,0.0,267351.6,2737116.2,71,37
213,24.741064,121.222913,3.0,True,新竹縣,0.0,272547.8,2737116.2,71,38
214,24.740978,121.274283,3.0,True,新竹縣,0.0,277743.9,2737116.2,71,39
215,24.740876,121.325653,3.0,True,桃園縣,0.0,282940.1,2737116.2,71,40
216,24.740755,121.377022,3.0,True,桃園縣,0.0,288136.2,2737116.2,71,41
217,24.740617,121.428391,3.0,True,桃園縣,0.0,293332.4,2737116.2,71,42
218,24.740462,121.47976,3.0,True,新北市,0.0,298528.5,2737116.2,71,43
219,24.740288,121.531128,3.0,True,新北市,0.0,303724.7,2737116.2,71,44
220,24.740098,121.582496,3.0,True,新北市,0.0,308920.9,2737116.2,71,45
221,24.739889,121.633863,3.0,True,宜蘭縣,0.0,314117.0,2737116.2,71,46
222,24.739663,121.685229,3.0,True,宜蘭縣,0.0,319313.2,2737116.2,71,47
223,24.73942,121.736595,3.0,True,宜蘭縣,0.0,324509.3,2737116.2,71,48
224,24.739158,121.78796,3.0,True,宜蘭縣,0.0,329705.5,2737116.2,71,49
225,24.73888,121.839325,3.0,False,沿海緩衝區(宜蘭縣外海),1477.4,334901.6,2737116.2,71,50
226,24.7006,120.991749,3.0,True,新竹縣,0.0,249165.1,2732616.2,70,34
227,24.700594,121.043103,3.0,True,新竹縣,0.0,254361.3,2732616.2,70,35
228,24.700588,120.940395,3.0,True,苗栗縣,0.0,243968.9,2732616.2,70,33
229,24.70057,121.094456,3.0,True,新竹縣,0.0,259557.4,2732616.2,70,36
230,24.700559,120.889041,3.0,True,苗栗縣,0.0,238772.8,2732616.2,70,32
231,24.700529,121.14581,3.0,True,新竹縣,0.0,264753.6,2732616.2,70,37
232,24.700512,120.837687,3.0,False,沿海緩衝區(苗栗縣外海),1436.3,233576.6,2732616.2,70,31
233,24.700471,121.197164,3.0,True,新竹縣,0.0,269949.7,2732616.2,70,38
234,24.700394,121.248517,3.0,True,新竹縣,0.0,275145.9,2732616.2,70,39
235,24.700301,121.29987,3.0,True,新竹縣,0.0,280342.0,2732616.2,70,40
236,24.700189,121.351223,3.0,True,桃園縣,0.0,285538.2,2732616.2,70,41
237,24.70006,121.402576,3.0,True,桃園縣,0.0,290734.3,2732616.2,70,42
238,24.699914,121.453928,3.0,True,桃園縣,0.0,295930.5,2732616.2,70,43
239,24.69975,121.50528,3.0,True,新北市,0.0,301126.6,2732616.2,70,44
240,24.699568,121.556631,3.0,True,宜蘭縣,0.0,306322.8,2732616.2,70,45
241,24.699369,121.607982,3.0,True,宜蘭縣,0.0,311518.9,2732616.2,70,46
242,24.699152,121.659332,3.0,True,宜蘭縣,0.0,316715.1,2732616.2,70,47
243,24.698918,121.710682,3.0,True,宜蘭縣,0.0,321911.2,2732616.2,70,48
244,24.698666,121.762031,3.0,True,宜蘭縣,0.0,327107.4,2732616.2,70,49
245,24.698396,121.813379,3.0,True,宜蘭縣,0.0,332303.5,2732616.2,70,50
246,24.65997,121.01742,3.0,True,新竹縣,0.0,251763.2,2728116.2,69,34
247,24.659967,120.966083,3.0,True,苗栗縣,0.0,246567.0,2728116.2,69,33
248,24.659955,121.068757,3.0,True,新竹縣,0.0,256959.3,2728116.2,69,35
249,24.659947,120.914745,3.0,True,苗栗縣,0.0,241370.9,2728116.2,69,32
250,24.659923,121.120094,3.0,True,新竹縣,0.0,262155.5,2728116.2,69,36
251,24.659909,120.863408,3.0,True,苗栗縣,0.0,236174.7,2728116.2,69,31
252,24.659873,121.171431,3.0,True,新竹縣,0.0,267351.6,2728116.2,69,37
253,24.659853,120.812071,3.0,True,苗栗縣,0.0,230978.6,2728116.2,69,30
254,24.659806,121.222768,3.0,True,新竹縣,0.0,272547.8,2728116.2,69,38
255,24.65978,120.760734,3.0,False,沿海緩衝區(苗栗縣外海),966.0,225782.4,2728116.2,69,29
256,24.659721,121.274105,3.0,True,新竹縣,0.0,277743.9,2728116.2,69,39
257,24.659618,121.325441,3.0,True,新竹縣,0.0,282940.1,2728116.2,69,40
258,24.659498,121.376777,3.0,True,桃園縣,0.0,288136.2,2728116.2,69,41
259,24.659361,121.428113,3.0,True,桃園縣,0.0,293332.4,2728116.2,69,42
260,24.659206,121.479449,3.0,True,宜蘭縣,0.0,298528.5,2728116.2,69,43
261,24.659033,121.530783,3.0,True,宜蘭縣,0.0,303724.7,2728116.2,69,44
262,24.658843,121.582118,3.0,True,宜蘭縣,0.0,308920.9,2728116.2,69,45
263,24.658636,121.633452,3.0,True,宜蘭縣,0.0,314117.0,2728116.2,69,46
264,24.65841,121.684785,3.0,True,宜蘭縣,0.0,319313.2,2728116.2,69,47
265,24.658168,121.736118,3.0,True,宜蘭縣,0.0,324509.3,2728116.2,69,48
266,24.657907,121.787449,3.0,True,宜蘭縣,0.0,329705.5,2728116.2,69,49
267,24.65763,121.838781,3.0,True,宜蘭縣,0.0,334901.6,2728116.2,69,50
268,24.619341,120.991754,3.0,True,苗栗縣,0.0,249165.1,2723616.2,68,34
269,24.619335,121.043075,3.0,True,苗栗縣,0.0,254361.3,2723616.2,68,35
270,24.619329,120.940433,3.0,True,苗栗縣,0.0,243968.9,2723616.2,68,33
271,24.619311,121.094395,3.0,True,新竹縣,0.0,259557.4,2723616.2,68,36
272,24.6193,120.889113,3.0,True,苗栗縣,0.0,238772.8,2723616.2,68,32
273,24.61927,121.145716,3.0,True,新竹縣,0.0,264753.6,2723616.2,68,37
274,24.619254,120.837792,3.0,True,苗栗縣,0.0,233576.6,2723616.2,68,31
275,24.619212,121.197036,3.0,True,新竹縣,0.0,269949.7,2723616.2,68,38
276,24.619189,120.786472,3.0,True,苗栗縣,0.0,228380.5,2723616.2,68,30
277,24.619136,121.248356,3.0,True,新竹縣,0.0,275145.9,2723616.2,68,39
278,24.619108,120.735152,3.0,False,沿海緩衝區(苗栗縣外海),818.4,223184.3,2723616.2,68,29
279,24.619043,121.299676,3.0,True,新竹縣,0.0,280342.0,2723616.2,68,40
280,24.618932,121.350996,3.0,True,新竹縣,0.0,285538.2,2723616.2,68,41
281,24.618803,121.402315,3.0,True,桃園縣,0.0,290734.3,2723616.2,68,42
282,24.618657,121.453634,3.0,True,宜蘭縣,0.0,295930.5,2723616.2,68,43
283,24.618494,121.504953,3.0,True,宜蘭縣,0.0,301126.6,2723616.2,68,44
284,24.618313,121.556271,3.0,True,宜蘭縣,0.0,306322.8,2723616.2,68,45
285,24.618114,121.607588,3.0,True,宜蘭縣,0.0,311518.9,2723616.2,68,46
286,24.617898,121.658905,3.0,True,宜蘭縣,0.0,316715.1,2723616.2,68,47
287,24.617665,121.710222,3.0,True,宜蘭縣,0.0,321911.2,2723616.2,68,48
288,24.617414,121.761537,3.0,True,宜蘭縣,0.0,327107.4,2723616.2,68,49
289,24.617145,121.812852,3.0,True,宜蘭縣,0.0,332303.5,2723616.2,68,50
290,24.616859,121.864166,3.0,False,沿海緩衝區(宜蘭縣外海),426.3,337499.7,2723616.2,68,51
291,24.616556,121.91548,3.0,False,沿海緩衝區(宜蘭縣外海),2276.5,342695.8,2723616.2,68,52
292,24.57871,121.017409,3.0,True,苗栗縣,0.0,251763.2,2719116.2,67,34
293,24.578707,120.966105,3.0,True,苗栗縣,0.0,246567.0,2719116.2,67,33
294,24.578695,121.068713,3.0,True,苗栗縣,0.0,256959.3,2719116.2,67,35
295,24.578687,120.914801,3.0,True,苗栗縣,0.0,241370.9,2719116.2,67,32
296,24.578663,121.120017,3.0,True,新竹縣,0.0,262155.5,2719116.2,67,36
297,24.578649,120.863497,3.0,True,苗栗縣,0.0,236174.7,2719116.2,67,31
298,24.578614,121.171321,3.0,True,新竹縣,0.0,267351.6,2719116.2,67,37
299,24.578594,120.812193,3.0,True,苗栗縣,0.0,230978.6,2719116.2,67,30
300,24.578547,121.222624,3.0,True,新竹縣,0.0,272547.8,2719116.2,67,38
301,24.578521,120.760889,3.0,True,苗栗縣,0.0,225782.4,2719116.2,67,29
302,24.578462,121.273928,3.0,True,新竹縣,0.0,277743.9,2719116.2,67,39
303,24.578431,120.709586,3.0,False,沿海緩衝區(苗栗縣外海),44.5,220586.3,2719116.2,67,28
304,24.57836,121.325231,3.0,True,新竹縣,0.0,282940.1,2719116.2,67,40
305,24.578241,121.376534,3.0,True,新竹縣,0.0,288136.2,2719116.2,67,41
306,24.578104,121.427837,3.0,True,宜蘭縣,0.0,293332.4,2719116.2,67,42
307,24.577949,121.479139,3.0,True,宜蘭縣,0.0,298528.5,2719116.2,67,43
308,24.577777,121.530441,3.0,True,宜蘭縣,0.0,303724.7,2719116.2,67,44
309,24.577588,121.581742,3.0,True,宜蘭縣,0.0,308920.9,2719116.2,67,45
310,24.577381,121.633043,3.0,True,宜蘭縣,0.0,314117.0,2719116.2,67,46
311,24.577157,121.684343,3.0,True,宜蘭縣,0.0,319313.2,2719116.2,67,47
312,24.576915,121.735642,3.0,True,宜蘭縣,0.0,324509.3,2719116.2,67,48
313,24.576656,121.786941,3.0,True,宜蘭縣,0.0,329705.5,2719116.2,67,49
314,24.576379,121.838239,3.0,True,宜蘭縣,0.0,334901.6,2719116.2,67,50
315,24.576085,121.889536,3.0,False,沿海緩衝區(宜蘭縣外海),1126.4,340097.8,2719116.2,67,51
316,24.538081,120.991759,3.0,True,苗栗縣,0.0,249165.1,2714616.2,66,34
317,24.538075,121.043047,3.0,True,苗栗縣,0.0,254361.3,2714616.2,66,35
318,24.538069,120.940472,3.0,True,苗栗縣,0.0,243968.9,2714616.2,66,33
319,24.538051,121.094334,3.0,True,新竹縣,0.0,259557.4,2714616.2,66,36
320,24.53804,120.889184,3.0,True,苗栗縣,0.0,238772.8,2714616.2,66,32
321,24.538011,121.145622,3.0,True,新竹縣,0.0,264753.6,2714616.2,66,37
322,24.537994,120.837897,3.0,True,苗栗縣,0.0,233576.6,2714616.2,66,31
323,24.537952,121.196909,3.0,True,新竹縣,0.0,269949.7,2714616.2,66,38
324,24.53793,120.78661,3.0,True,苗栗縣,0.0,228380.5,2714616.2,66,30
325,24.537877,121.248196,3.0,True,新竹縣,0.0,275145.9,2714616.2,66,39
326,24.537849,120.735323,3.0,True,苗栗縣,0.0,223184.3,2714616.2,66,29
327,24.537784,121.299483,3.0,True,新竹縣,0.0,280342.0,2714616.2,66,40
328,24.53775,120.684036,3.0,False,沿海緩衝區(苗栗縣外海),816.8,217988.2,2714616.2,66,28
329,24.537673,121.35077,3.0,True,新竹縣,0.0,285538.2,2714616.2,66,41
330,24.537545,121.402056,3.0,True,宜蘭縣,0.0,290734.3,2714616.2,66,42
331,24.5374,121.453342,3.0,True,宜蘭縣,0.0,295930.5,2714616.2,66,43
332,24.537237,121.504627,3.0,True,宜蘭縣,0.0,301126.6,2714616.2,66,44
333,24.537056,121.555912,3.0,True,宜蘭縣,0.0,306322.8,2714616.2,66,45
334,24.536859,121.607197,3.0,True,宜蘭縣,0.0,311518.9,2714616.2,66,46
335,24.536644,121.65848,3.0,True,宜蘭縣,0.0,316715.1,2714616.2,66,47
336,24.536411,121.709764,3.0,True,宜蘭縣,0.0,321911.2,2714616.2,66,48
337,24.536161,121.761046,3.0,True,宜蘭縣,0.0,327107.4,2714616.2,66,49
338,24.535893,121.812328,3.0,True,宜蘭縣,0.0,332303.5,2714616.2,66,50
339,24.535608,121.863609,3.0,True,宜蘭縣,0.0,337499.7,2714616.2,66,51
340,24.49745,121.017397,3.0,True,苗栗縣,0.0,251763.2,2710116.2,65,34
341,24.497447,120.966126,3.0,True,苗栗縣,0.0,246567.0,2710116.2,65,33
342,24.497435,121.068668,3.0,True,苗栗縣,0.0,256959.3,2710116.2,65,35
343,24.497427,120.914855,3.0,True,苗栗縣,0.0,241370.9,2710116.2,65,32
344,24.497403,121.119939,3.0,True,苗栗縣,0.0,262155.5,2710116.2,65,36
345,24.497389,120.863584,3.0,True,苗栗縣,0.0,236174.7,2710116.2,65,31
346,24.497354,121.17121,3.0,True,苗栗縣,0.0,267351.6,2710116.2,65,37
347,24.497334,120.812314,3.0,True,苗栗縣,0.0,230978.6,2710116.2,65,30
348,24.497287,121.222481,3.0,True,新竹縣,0.0,272547.8,2710116.2,65,38
349,24.497262,120.761043,3.0,True,苗栗縣,0.0,225782.4,2710116.2,65,29
350,24.497203,121.273752,3.0,True,新竹縣,0.0,277743.9,2710116.2,65,39
351,24.497172,120.709773,3.0,True,苗栗縣,0.0,220586.3,2710116.2,65,28
352,24.497101,121.325022,3.0,True,新竹縣,0.0,282940.1,2710116.2,65,40
353,24.497065,120.658502,3.0,False,沿海緩衝區(苗栗縣外海),1040.7,215390.1,2710116.2,65,27
354,24.496982,121.376292,3.0,True,宜蘭縣,0.0,288136.2,2710116.2,65,41
355,24.496845,121.427561,3.0,True,宜蘭縣,0.0,293332.4,2710116.2,65,42
356,24.496691,121.47883,3.0,True,宜蘭縣,0.0,298528.5,2710116.2,65,43
357,24.49652,121.530099,3.0,True,宜蘭縣,0.0,303724.7,2710116.2,65,44
358,24.496332,121.581367,3.0,True,宜蘭縣,0.0,308920.9,2710116.2,65,45
359,24.496125,121.632635,3.0,True,宜蘭縣,0.0,314117.0,2710116.2,65,46
360,24.495902,121.683902,3.0,True,宜蘭縣,0.0,319313.2,2710116.2,65,47
361,24.495661,121.735169,3.0,True,宜蘭縣,0.0,324509.3,2710116.2,65,48
362,24.495403,121.786434,3.0,True,宜蘭縣,0.0,329705.5,2710116.2,65,49
363,24.495127,121.837699,3.0,True,宜蘭縣,0.0,334901.6,2710116.2,65,50
364,24.45682,120.991765,3.0,True,苗栗縣,0.0,249165.1,2705616.2,64,34
365,24.456814,121.043019,3.0,True,苗栗縣,0.0,254361.3,2705616.2,64,35
366,24.456808,120.94051,3.0,True,苗栗縣,0.0,243968.9,2705616.2,64,33
367,24.456791,121.094274,3.0,True,苗栗縣,0.0,259557.4,2705616.2,64,36
368,24.45678,120.889255,3.0,True,苗栗縣,0.0,238772.8,2705616.2,64,32
369,24.45675,121.145528,3.0,True,苗栗縣,0.0,264753.6,2705616.2,64,37
370,24.456733,120.838001,3.0,True,苗栗縣,0.0,233576.6,2705616.2,64,31
371,24.456692,121.196783,3.0,True,苗栗縣,0.0,269949.7,2705616.2,64,38
372,24.45667,120.786747,3.0,True,苗栗縣,0.0,228380.5,2705616.2,64,30
373,24.456617,121.248037,3.0,True,苗栗縣,0.0,275145.9,2705616.2,64,39
374,24.456589,120.735493,3.0,True,苗栗縣,0.0,223184.3,2705616.2,64,29
375,24.456524,121.299291,3.0,True,新竹縣,0.0,280342.0,2705616.2,64,40
376,24.45649,120.684239,3.0,True,苗栗縣,0.0,217988.2,2705616.2,64,28
377,24.456414,121.350544,3.0,True,宜蘭縣,0.0,285538.2,2705616.2,64,41
378,24.456375,120.632985,3.0,False,沿海緩衝區(苗栗縣外海),576.5,212792.0,2705616.2,64,27
379,24.456286,121.401798,3.0,True,宜蘭縣,0.0,290734.3,2705616.2,64,42
380,24.456141,121.45305,3.0,True,宜蘭縣,0.0,295930.5,2705616.2,64,43
381,24.455979,121.504303,3.0,True,宜蘭縣,0.0,301126.6,2705616.2,64,44
382,24.455799,121.555555,3.0,True,宜蘭縣,0.0,306322.8,2705616.2,64,45
383,24.455602,121.606806,3.0,True,宜蘭縣,0.0,311518.9,2705616.2,64,46
384,24.455388,121.658057,3.0,True,宜蘭縣,0.0,316715.1,2705616.2,64,47
385,24.455156,121.709308,3.0,True,宜蘭縣,0.0,321911.2,2705616.2,64,48
386,24.454907,121.760557,3.0,True,宜蘭縣,0.0,327107.4,2705616.2,64,49
387,24.454641,121.811806,3.0,True,宜蘭縣,0.0,332303.5,2705616.2,64,50
388,24.454357,121.863054,3.0,False,沿海緩衝區(宜蘭縣外海),2782.0,337499.7,2705616.2,64,51
389,24.416188,121.017386,3.0,True,苗栗縣,0.0,251763.2,2701116.2,63,34
390,24.416186,120.966148,3.0,True,苗栗縣,0.0,246567.0,2701116.2,63,33
391,24.416174,121.068624,3.0,True,苗栗縣,0.0,256959.3,2701116.2,63,35
392,24.416165,120.91491,3.0,True,苗栗縣,0.0,241370.9,2701116.2,63,32
393,24.416142,121.119863,3.0,True,苗栗縣,0.0,262155.5,2701116.2,63,36
394,24.416128,120.863672,3.0,True,苗栗縣,0.0,236174.7,2701116.2,63,31
395,24.416093,121.171101,3.0,True,苗栗縣,0.0,267351.6,2701116.2,63,37
396,24.416073,120.812434,3.0,True,苗栗縣,0.0,230978.6,2701116.2,63,30
397,24.416026,121.222338,3.0,True,苗栗縣,0.0,272547.8,2701116.2,63,38
398,24.416001,120.761196,3.0,True,苗栗縣,0.0,225782.4,2701116.2,63,29
399,24.415942,121.273576,3.0,True,台中市,0.0,277743.9,2701116.2,63,39
400,24.415911,120.709959,3.0,True,苗栗縣,0.0,220586.3,2701116.2,63,28
401,24.415841,121.324813,3.0,True,台中市,0.0,282940.1,2701116.2,63,40
402,24.415805,120.658721,3.0,True,苗栗縣,0.0,215390.1,2701116.2,63,27
403,24.415722,121.37605,3.0,True,宜蘭縣,0.0,288136.2,2701116.2,63,41
404,24.41568,120.607484,3.0,True,台中市,0.0,210194.0,2701116.2,63,26
405,24.415586,121.427287,3.0,True,宜蘭縣,0.0,293332.4,2701116.2,63,42
406,24.415433,121.478523,3.0,True,宜蘭縣,0.0,298528.5,2701116.2,63,43
407,24.415262,121.529759,3.0,True,宜蘭縣,0.0,303724.7,2701116.2,63,44
408,24.415074,121.580995,3.0,True,宜蘭縣,0.0,308920.9,2701116.2,63,45
409,24.414869,121.632229,3.0,True,宜蘭縣,0.0,314117.0,2701116.2,63,46
410,24.414646,121.683464,3.0,True,宜蘭縣,0.0,319313.2,2701116.2,63,47
411,24.414406,121.734697,3.0,True,宜蘭縣,0.0,324509.3,2701116.2,63,48
412,24.414149,121.78593,3.0,True,宜蘭縣,0.0,329705.5,2701116.2,63,49
413,24.375558,120.99177,3.0,True,苗栗縣,0.0,249165.1,2696616.2,62,34
414,24.375552,121.042992,3.0,True,苗栗縣,0.0,254361.3,2696616.2,62,35
415,24.375547,120.940548,3.0,True,苗栗縣,0.0,243968.9,2696616.2,62,33
416,24.375529,121.094213,3.0,True,苗栗縣,0.0,259557.4,2696616.2,62,36
417,24.375518,120.889326,3.0,True,苗栗縣,0.0,238772.8,2696616.2,62,32
418,24.375489,121.145435,3.0,True,苗栗縣,0.0,264753.6,2696616.2,62,37
419,24.375472,120.838105,3.0,True,苗栗縣,0.0,233576.6,2696616.2,62,31
420,24.375431,121.196657,3.0,True,台中市,0.0,269949.7,2696616.2,62,38
421,24.375409,120.786883,3.0,True,苗栗縣,0.0,228380.5,2696616.2,62,30
422,24.375356,121.247878,3.0,True,台中市,0.0,275145.9,2696616.2,62,39
423,24.375328,120.735662,3.0,True,苗栗縣,0.0,223184.3,2696616.2,62,29
424,24.375263,121.299099,3.0,True,台中市,0.0,280342.0,2696616.2,62,40
425,24.37523,120.684441,3.0,True,台中市,0.0,217988.2,2696616.2,62,28
426,24.375153,121.35032,3.0,True,台中市,0.0,285538.2,2696616.2,62,41
427,24.375115,120.63322,3.0,True,台中市,0.0,212792.0,2696616.2,62,27
428,24.375026,121.40154,3.0,True,台中市,0.0,290734.3,2696616.2,62,42
429,24.374982,120.582,3.0,True,台中市,0.0,207595.9,2696616.2,62,26
430,24.374882,121.45276,3.0,True,宜蘭縣,0.0,295930.5,2696616.2,62,43
431,24.37472,121.50398,3.0,True,宜蘭縣,0.0,301126.6,2696616.2,62,44
432,24.374541,121.555199,3.0,True,宜蘭縣,0.0,306322.8,2696616.2,62,45
433,24.374345,121.606418,3.0,True,宜蘭縣,0.0,311518.9,2696616.2,62,46
434,24.374132,121.657636,3.0,True,宜蘭縣,0.0,316715.1,2696616.2,62,47
435,24.373901,121.708854,3.0,True,宜蘭縣,0.0,321911.2,2696616.2,62,48
436,24.373653,121.760071,3.0,True,宜蘭縣,0.0,327107.4,2696616.2,62,49
437,24.373387,121.811287,3.0,False,沿海緩衝區(宜蘭縣外海),2415.4,332303.5,2696616.2,62,50
438,24.334926,121.017375,3.0,True,苗栗縣,0.0,251763.2,2692116.2,61,34
439,24.334923,120.96617,3.0,True,苗栗縣,0.0,246567.0,2692116.2,61,33
440,24.334912,121.068581,3.0,True,苗栗縣,0.0,256959.3,2692116.2,61,35
441,24.334903,120.914964,3.0,True,苗栗縣,0.0,241370.9,2692116.2,61,32
442,24.33488,121.119786,3.0,True,苗栗縣,0.0,262155.5,2692116.2,61,36
443,24.334866,120.863759,3.0,True,苗栗縣,0.0,236174.7,2692116.2,61,31
444,24.334831,121.170991,3.0,True,台中市,0.0,267351.6,2692116.2,61,37
445,24.334811,120.812554,3.0,True,苗栗縣,0.0,230978.6,2692116.2,61,30
446,24.334764,121.222196,3.0,True,台中市,0.0,272547.8,2692116.2,61,38
447,24.334739,120.761349,3.0,True,苗栗縣,0.0,225782.4,2692116.2,61,29
448,24.334681,121.273401,3.0,True,台中市,0.0,277743.9,2692116.2,61,39
449,24.33465,120.710144,3.0,True,台中市,0.0,220586.3,2692116.2,61,28
450,24.33458,121.324606,3.0,True,台中市,0.0,282940.1,2692116.2,61,40
451,24.334544,120.658939,3.0,True,台中市,0.0,215390.1,2692116.2,61,27
452,24.334462,121.37581,3.0,True,台中市,0.0,288136.2,2692116.2,61,41
453,24.33442,120.607735,3.0,True,台中市,0.0,210194.0,2692116.2,61,26
454,24.334326,121.427014,3.0,True,台中市,0.0,293332.4,2692116.2,61,42
455,24.334279,120.556531,3.0,True,台中市,0.0,204997.8,2692116.2,61,25
456,24.334174,121.478218,3.0,True,花蓮縣,0.0,298528.5,2692116.2,61,43
457,24.334004,121.529421,3.0,True,花蓮縣,0.0,303724.7,2692116.2,61,44
458,24.333816,121.580623,3.0,True,宜蘭縣,0.0,308920.9,2692116.2,61,45
459,24.333612,121.631826,3.0,True,花蓮縣,0.0,314117.0,2692116.2,61,46
460,24.33339,121.683027,3.0,True,花蓮縣,0.0,319313.2,2692116.2,61,47
461,24.333151,121.734228,3.0,True,宜蘭縣,0.0,324509.3,2692116.2,61,48
462,24.332895,121.785428,3.0,False,沿海緩衝區(宜蘭縣外海),1479.1,329705.5,2692116.2,61,49
463,24.294295,120.991775,3.0,True,台中市,0.0,249165.1,2687616.2,60,34
464,24.29429,121.042964,3.0,True,台中市,0.0,254361.3,2687616.2,60,35
465,24.294284,120.940586,3.0,True,台中市,0.0,243968.9,2687616.2,60,33
466,24.294267,121.094153,3.0,True,台中市,0.0,259557.4,2687616.2,60,36
467,24.294255,120.889397,3.0,True,苗栗縣,0.0,238772.8,2687616.2,60,32
468,24.294226,121.145342,3.0,True,台中市,0.0,264753.6,2687616.2,60,37
469,24.29421,120.838208,3.0,True,苗栗縣,0.0,233576.6,2687616.2,60,31
470,24.294169,121.196531,3.0,True,台中市,0.0,269949.7,2687616.2,60,38
471,24.294146,120.787019,3.0,True,台中市,0.0,228380.5,2687616.2,60,30
472,24.294094,121.24772,3.0,True,台中市,0.0,275145.9,2687616.2,60,39
473,24.294066,120.735831,3.0,True,台中市,0.0,223184.3,2687616.2,60,29
474,24.294002,121.298908,3.0,True,台中市,0.0,280342.0,2687616.2,60,40
475,24.293968,120.684642,3.0,True,台中市,0.0,217988.2,2687616.2,60,28
476,24.293892,121.350096,3.0,True,台中市,0.0,285538.2,2687616.2,60,41
477,24.293854,120.633454,3.0,True,台中市,0.0,212792.0,2687616.2,60,27
478,24.293766,121.401284,3.0,True,花蓮縣,0.0,290734.3,2687616.2,60,42
479,24.293721,120.582266,3.0,True,台中市,0.0,207595.9,2687616.2,60,26
480,24.293622,121.452472,3.0,True,花蓮縣,0.0,295930.5,2687616.2,60,43
481,24.293572,120.531079,3.0,True,台中市,0.0,202399.7,2687616.2,60,25
482,24.293461,121.503659,3.0,True,花蓮縣,0.0,301126.6,2687616.2,60,44
483,24.293406,120.479892,3.0,False,沿海緩衝區(台中市外海),1361.4,197203.6,2687616.2,60,24
484,24.293283,121.554845,3.0,True,花蓮縣,0.0,306322.8,2687616.2,60,45
485,24.293087,121.606031,3.0,True,花蓮縣,0.0,311518.9,2687616.2,60,46
486,24.292874,121.657217,3.0,True,花蓮縣,0.0,316715.1,2687616.2,60,47
487,24.292644,121.708402,3.0,True,花蓮縣,0.0,321911.2,2687616.2,60,48
488,24.292397,121.759586,3.0,False,沿海緩衝區(花蓮縣外海),143.1,327107.4,2687616.2,60,49
489,24.253663,121.017364,3.0,True,台中市,0.0,251763.2,2683116.2,59,34
490,24.25366,120.966191,3.0,True,台中市,0.0,246567.0,2683116.2,59,33
491,24.253649,121.068537,3.0,True,台中市,0.0,256959.3,2683116.2,59,35
492,24.25364,120.915018,3.0,True,台中市,0.0,241370.9,2683116.2,59,32
493,24.253617,121.11971,3.0,True,台中市,0.0,262155.5,2683116.2,59,36
494,24.253603,120.863846,3.0,True,台中市,0.0,236174.7,2683116.2,59,31
495,24.253568,121.170882,3.0,True,台中市,0.0,267351.6,2683116.2,59,37
496,24.253549,120.812673,3.0,True,台中市,0.0,230978.6,2683116.2,59,30
497,24.253502,121.222055,3.0,True,台中市,0.0,272547.8,2683116.2,59,38
498,24.253477,120.761501,3.0,True,台中市,0.0,225782.4,2683116.2,59,29
499,24.253419,121.273227,3.0,True,台中市,0.0,277743.9,2683116.2,59,39
500,24.253388,120.710328,3.0,True,台中市,0.0,220586.3,2683116.2,59,28
501,24.253318,121.324399,3.0,True,台中市,0.0,282940.1,2683116.2,59,40
502,24.253282,120.659156,3.0,True,台中市,0.0,215390.1,2683116.2,59,27
503,24.2532,121.375571,3.0,True,花蓮縣,0.0,288136.2,2683116.2,59,41
504,24.253159,120.607985,3.0,True,台中市,0.0,210194.0,2683116.2,59,26
505,24.253066,121.426742,3.0,True,花蓮縣,0.0,293332.4,2683116.2,59,42
506,24.253019,120.556814,3.0,True,台中市,0.0,204997.8,2683116.2,59,25
507,24.252913,121.477913,3.0,True,花蓮縣,0.0,298528.5,2683116.2,59,43
508,24.252861,120.505643,3.0,True,台中市,0.0,199801.7,2683116.2,59,24
509,24.252744,121.529084,3.0,True,花蓮縣,0.0,303724.7,2683116.2,59,44
510,24.252557,121.580254,3.0,True,花蓮縣,0.0,308920.9,2683116.2,59,45
511,24.252354,121.631423,3.0,True,花蓮縣,0.0,314117.0,2683116.2,59,46
512,24.252133,121.682592,3.0,True,花蓮縣,0.0,319313.2,2683116.2,59,47
513,24.251895,121.733761,3.0,True,花蓮縣,0.0,324509.3,2683116.2,59,48
514,24.213032,120.99178,3.0,True,台中市,0.0,249165.1,2678616.2,58,34
515,24.213026,121.042937,3.0,True,台中市,0.0,254361.3,2678616.2,58,35
516,24.213021,120.940624,3.0,True,台中市,0.0,243968.9,2678616.2,58,33
517,24.213003,121.094093,3.0,True,台中市,0.0,259557.4,2678616.2,58,36
518,24.212992,120.889467,3.0,True,台中市,0.0,238772.8,2678616.2,58,32
519,24.212963,121.14525,3.0,True,台中市,0.0,264753.6,2678616.2,58,37
520,24.212946,120.838311,3.0,True,台中市,0.0,233576.6,2678616.2,58,31
521,24.212906,121.196406,3.0,True,南投縣,0.0,269949.7,2678616.2,58,38
522,24.212883,120.787154,3.0,True,台中市,0.0,228380.5,2678616.2,58,30
523,24.212831,121.247562,3.0,True,南投縣,0.0,275145.9,2678616.2,58,39
524,24.212803,120.735998,3.0,True,台中市,0.0,223184.3,2678616.2,58,29
525,24.212739,121.298718,3.0,True,南投縣,0.0,280342.0,2678616.2,58,40
526,24.212706,120.684842,3.0,True,台中市,0.0,217988.2,2678616.2,58,28
527,24.21263,121.349874,3.0,True,花蓮縣,0.0,285538.2,2678616.2,58,41
528,24.212592,120.633687,3.0,True,台中市,0.0,212792.0,2678616.2,58,27
529,24.212504,121.401029,3.0,True,花蓮縣,0.0,290734.3,2678616.2,58,42
530,24.21246,120.582532,3.0,True,台中市,0.0,207595.9,2678616.2,58,26
531,24.212361,121.452184,3.0,True,花蓮縣,0.0,295930.5,2678616.2,58,43
532,24.212311,120.531377,3.0,True,台中市,0.0,202399.7,2678616.2,58,25
533,24.212201,121.503339,3.0,True,花蓮縣,0.0,301126.6,2678616.2,58,44
534,24.212145,120.480222,3.0,True,台中市,0.0,197203.6,2678616.2,58,24
535,24.212023,121.554493,3.0,True,花蓮縣,0.0,306322.8,2678616.2,58,45
536,24.211828,121.605646,3.0,True,花蓮縣,0.0,311518.9,2678616.2,58,46
537,24.211616,121.656799,3.0,True,花蓮縣,0.0,316715.1,2678616.2,58,47
538,24.211387,121.707952,3.0,False,沿海緩衝區(花蓮縣外海),1437.4,321911.2,2678616.2,58,48
539,24.172399,121.017353,3.0,True,台中市,0.0,251763.2,2674116.2,57,34
540,24.172396,120.966213,3.0,True,台中市,0.0,246567.0,2674116.2,57,33
541,24.172385,121.068494,3.0,True,台中市,0.0,256959.3,2674116.2,57,35
542,24.172376,120.915072,3.0,True,台中市,0.0,241370.9,2674116.2,57,32
543,24.172353,121.119634,3.0,True,南投縣,0.0,262155.5,2674116.2,57,36
544,24.172339,120.863932,3.0,True,台中市,0.0,236174.7,2674116.2,57,31
545,24.172305,121.170774,3.0,True,南投縣,0.0,267351.6,2674116.2,57,37
546,24.172285,120.812792,3.0,True,台中市,0.0,230978.6,2674116.2,57,30
547,24.172239,121.221914,3.0,True,南投縣,0.0,272547.8,2674116.2,57,38
548,24.172214,120.761652,3.0,True,台中市,0.0,225782.4,2674116.2,57,29
549,24.172156,121.273054,3.0,True,南投縣,0.0,277743.9,2674116.2,57,39
550,24.172125,120.710512,3.0,True,台中市,0.0,220586.3,2674116.2,57,28
551,24.172056,121.324194,3.0,True,花蓮縣,0.0,282940.1,2674116.2,57,40
552,24.17202,120.659373,3.0,True,台中市,0.0,215390.1,2674116.2,57,27
553,24.171938,121.375333,3.0,True,花蓮縣,0.0,288136.2,2674116.2,57,41
554,24.171897,120.608233,3.0,True,台中市,0.0,210194.0,2674116.2,57,26
555,24.171804,121.426472,3.0,True,花蓮縣,0.0,293332.4,2674116.2,57,42
556,24.171757,120.557095,3.0,True,台中市,0.0,204997.8,2674116.2,57,25
557,24.171652,121.47761,3.0,True,花蓮縣,0.0,298528.5,2674116.2,57,43
558,24.1716,120.505956,3.0,True,彰化縣,0.0,199801.7,2674116.2,57,24
559,24.171484,121.528748,3.0,True,花蓮縣,0.0,303724.7,2674116.2,57,44
560,24.171426,120.454818,3.0,False,沿海緩衝區(彰化縣外海),829.7,194605.5,2674116.2,57,23
561,24.171298,121.579886,3.0,True,花蓮縣,0.0,308920.9,2674116.2,57,45
562,24.171095,121.631023,3.0,True,花蓮縣,0.0,314117.0,2674116.2,57,46
563,24.170875,121.68216,3.0,False,沿海緩衝區(花蓮縣外海),2375.5,319313.2,2674116.2,57,47
564,24.131768,120.991786,3.0,True,台中市,0.0,249165.1,2669616.2,56,34
565,24.131762,121.04291,3.0,True,南投縣,0.0,254361.3,2669616.2,56,35
566,24.131756,120.940661,3.0,True,台中市,0.0,243968.9,2669616.2,56,33
567,24.131739,121.094034,3.0,True,南投縣,0.0,259557.4,2669616.2,56,36
568,24.131728,120.889537,3.0,True,台中市,0.0,238772.8,2669616.2,56,32
569,24.131699,121.145158,3.0,True,南投縣,0.0,264753.6,2669616.2,56,37
570,24.131682,120.838413,3.0,True,台中市,0.0,233576.6,2669616.2,56,31
571,24.131642,121.196282,3.0,True,南投縣,0.0,269949.7,2669616.2,56,38
572,24.13162,120.787289,3.0,True,台中市,0.0,228380.5,2669616.2,56,30
573,24.131567,121.247406,3.0,True,南投縣,0.0,275145.9,2669616.2,56,39
574,24.13154,120.736165,3.0,True,台中市,0.0,223184.3,2669616.2,56,29
575,24.131476,121.298529,3.0,True,花蓮縣,0.0,280342.0,2669616.2,56,40
576,24.131443,120.685042,3.0,True,台中市,0.0,217988.2,2669616.2,56,28
577,24.131368,121.349653,3.0,True,花蓮縣,0.0,285538.2,2669616.2,56,41
578,24.131329,120.633919,3.0,True,台中市,0.0,212792.0,2669616.2,56,27
579,24.131242,121.400776,3.0,True,花蓮縣,0.0,290734.3,2669616.2,56,42
580,24.131198,120.582796,3.0,True,台中市,0.0,207595.9,2669616.2,56,26
581,24.131099,121.451898,3.0,True,花蓮縣,0.0,295930.5,2669616.2,56,43
582,24.13105,120.531673,3.0,True,台中市,0.0,202399.7,2669616.2,56,25
583,24.130939,121.50302,3.0,True,花蓮縣,0.0,301126.6,2669616.2,56,44
584,24.130884,120.480551,3.0,True,彰化縣,0.0,197203.6,2669616.2,56,24
585,24.130762,121.554142,3.0,True,花蓮縣,0.0,306322.8,2669616.2,56,45
586,24.130702,120.42943,3.0,True,彰化縣,0.0,192007.4,2669616.2,56,23
587,24.130568,121.605263,3.0,True,花蓮縣,0.0,311518.9,2669616.2,56,46
588,24.130502,120.378309,3.0,False,沿海緩衝區(彰化縣外海),2346.6,186811.3,2669616.2,56,22
589,24.130357,121.656384,3.0,True,花蓮縣,0.0,316715.1,2669616.2,56,47
590,24.091134,121.017342,3.0,True,南投縣,0.0,251763.2,2665116.2,55,34
591,24.091132,120.966234,3.0,True,南投縣,0.0,246567.0,2665116.2,55,33
592,24.09112,121.06845,3.0,True,南投縣,0.0,256959.3,2665116.2,55,35
593,24.091112,120.915126,3.0,True,南投縣,0.0,241370.9,2665116.2,55,32
594,24.091089,121.119558,3.0,True,南投縣,0.0,262155.5,2665116.2,55,36
595,24.091075,120.864018,3.0,True,南投縣,0.0,236174.7,2665116.2,55,31
596,24.09104,121.170666,3.0,True,南投縣,0.0,267351.6,2665116.2,55,37
597,24.091021,120.81291,3.0,True,台中市,0.0,230978.6,2665116.2,55,30
598,24.090974,121.221774,3.0,True,南投縣,0.0,272547.8,2665116.2,55,38
599,24.09095,120.761802,3.0,True,台中市,0.0,225782.4,2665116.2,55,29
600,24.090892,121.272881,3.0,True,南投縣,0.0,277743.9,2665116.2,55,39
601,24.090862,120.710695,3.0,True,台中市,0.0,220586.3,2665116.2,55,28
602,24.090792,121.323989,3.0,True,花蓮縣,0.0,282940.1,2665116.2,55,40
603,24.090756,120.659588,3.0,True,台中市,0.0,215390.1,2665116.2,55,27
604,24.090675,121.375096,3.0,True,花蓮縣,0.0,288136.2,2665116.2,55,41
605,24.090634,120.608481,3.0,True,彰化縣,0.0,210194.0,2665116.2,55,26
606,24.090541,121.426202,3.0,True,花蓮縣,0.0,293332.4,2665116.2,55,42
607,24.090495,120.557374,3.0,True,彰化縣,0.0,204997.8,2665116.2,55,25
608,24.09039,121.477309,3.0,True,花蓮縣,0.0,298528.5,2665116.2,55,43
609,24.090338,120.506268,3.0,True,彰化縣,0.0,199801.7,2665116.2,55,24
610,24.090222,121.528414,3.0,True,花蓮縣,0.0,303724.7,2665116.2,55,44
611,24.090165,120.455163,3.0,True,彰化縣,0.0,194605.5,2665116.2,55,23
612,24.090037,121.57952,3.0,True,花蓮縣,0.0,308920.9,2665116.2,55,45
613,24.089974,120.404057,3.0,False,沿海緩衝區(彰化縣外海),443.2,189409.3,2665116.2,55,22
614,24.089835,121.630625,3.0,False,沿海緩衝區(花蓮縣外海),931.0,314117.0,2665116.2,55,46
615,24.089766,120.352953,3.0,False,沿海緩衝區(彰化縣外海),2739.5,184213.2,2665116.2,55,21
616,24.050502,120.991791,3.0,True,南投縣,0.0,249165.1,2660616.2,54,34
617,24.050497,121.042883,3.0,True,南投縣,0.0,254361.3,2660616.2,54,35
618,24.050491,120.940699,3.0,True,南投縣,0.0,243968.9,2660616.2,54,33
619,24.050474,121.093975,3.0,True,南投縣,0.0,259557.4,2660616.2,54,36
620,24.050463,120.889607,3.0,True,南投縣,0.0,238772.8,2660616.2,54,32
621,24.050434,121.145067,3.0,True,南投縣,0.0,264753.6,2660616.2,54,37
622,24.050417,120.838515,3.0,True,南投縣,0.0,233576.6,2660616.2,54,31
623,24.050377,121.196158,3.0,True,南投縣,0.0,269949.7,2660616.2,54,38
624,24.050355,120.787423,3.0,True,台中市,0.0,228380.5,2660616.2,54,30
625,24.050303,121.24725,3.0,True,南投縣,0.0,275145.9,2660616.2,54,39
626,24.050276,120.736332,3.0,True,台中市,0.0,223184.3,2660616.2,54,29
627,24.050212,121.298341,3.0,True,花蓮縣,0.0,280342.0,2660616.2,54,40
628,24.050179,120.68524,3.0,True,台中市,0.0,217988.2,2660616.2,54,28
629,24.050104,121.349432,3.0,True,花蓮縣,0.0,285538.2,2660616.2,54,41
630,24.050065,120.63415,3.0,True,台中市,0.0,212792.0,2660616.2,54,27
631,24.049979,121.400523,3.0,True,花蓮縣,0.0,290734.3,2660616.2,54,42
632,24.049935,120.583059,3.0,True,彰化縣,0.0,207595.9,2660616.2,54,26
633,24.049836,121.451613,3.0,True,花蓮縣,0.0,295930.5,2660616.2,54,43
634,24.049787,120.531969,3.0,True,彰化縣,0.0,202399.7,2660616.2,54,25
635,24.049677,121.502703,3.0,True,花蓮縣,0.0,301126.6,2660616.2,54,44
636,24.049622,120.480879,3.0,True,彰化縣,0.0,197203.6,2660616.2,54,24
637,24.049501,121.553793,3.0,True,花蓮縣,0.0,306322.8,2660616.2,54,45
638,24.049441,120.42979,3.0,True,彰化縣,0.0,192007.4,2660616.2,54,23
639,24.049308,121.604882,3.0,True,花蓮縣,0.0,311518.9,2660616.2,54,46
640,24.049242,120.378701,3.0,False,沿海緩衝區(彰化縣外海),350.5,186811.3,2660616.2,54,22
641,24.009869,121.017331,3.0,True,南投縣,0.0,251763.2,2656116.2,53,34
642,24.009866,120.966255,3.0,True,南投縣,0.0,246567.0,2656116.2,53,33
643,24.009854,121.068407,3.0,True,南投縣,0.0,256959.3,2656116.2,53,35
644,24.009846,120.915179,3.0,True,南投縣,0.0,241370.9,2656116.2,53,32
645,24.009823,121.119483,3.0,True,南投縣,0.0,262155.5,2656116.2,53,36
646,24.009809,120.864104,3.0,True,南投縣,0.0,236174.7,2656116.2,53,31
647,24.009775,121.170559,3.0,True,南投縣,0.0,267351.6,2656116.2,53,37
648,24.009756,120.813028,3.0,True,南投縣,0.0,230978.6,2656116.2,53,30
649,24.009709,121.221634,3.0,True,南投縣,0.0,272547.8,2656116.2,53,38
650,24.009685,120.761952,3.0,True,台中市,0.0,225782.4,2656116.2,53,29
651,24.009627,121.27271,3.0,True,花蓮縣,0.0,277743.9,2656116.2,53,39
652,24.009597,120.710877,3.0,True,台中市,0.0,220586.3,2656116.2,53,28
653,24.009528,121.323785,3.0,True,花蓮縣,0.0,282940.1,2656116.2,53,40
654,24.009492,120.659802,3.0,True,彰化縣,0.0,215390.1,2656116.2,53,27
655,24.009411,121.37486,3.0,True,花蓮縣,0.0,288136.2,2656116.2,53,41
656,24.00937,120.608727,3.0,True,彰化縣,0.0,210194.0,2656116.2,53,26
657,24.009278,121.425934,3.0,True,花蓮縣,0.0,293332.4,2656116.2,53,42
658,24.009231,120.557653,3.0,True,彰化縣,0.0,204997.8,2656116.2,53,25
659,24.009127,121.477008,3.0,True,花蓮縣,0.0,298528.5,2656116.2,53,43
660,24.009075,120.506579,3.0,True,彰化縣,0.0,199801.7,2656116.2,53,24
661,24.00896,121.528082,3.0,True,花蓮縣,0.0,303724.7,2656116.2,53,44
662,24.008903,120.455505,3.0,True,彰化縣,0.0,194605.5,2656116.2,53,23
663,24.008776,121.579155,3.0,True,花蓮縣,0.0,308920.9,2656116.2,53,45
664,24.008713,120.404432,3.0,True,彰化縣,0.0,189409.3,2656116.2,53,22
665,24.008574,121.630228,3.0,True,花蓮縣,0.0,314117.0,2656116.2,53,46
666,24.008506,120.35336,3.0,True,彰化縣,0.0,184213.2,2656116.2,53,21
667,23.969236,120.991796,3.0,True,南投縣,0.0,249165.1,2651616.2,52,34
668,23.96923,121.042856,3.0,True,南投縣,0.0,254361.3,2651616.2,52,35
669,23.969225,120.940736,3.0,True,南投縣,0.0,243968.9,2651616.2,52,33
670,23.969208,121.093916,3.0,True,南投縣,0.0,259557.4,2651616.2,52,36
671,23.969197,120.889676,3.0,True,南投縣,0.0,238772.8,2651616.2,52,32
672,23.969168,121.144975,3.0,True,南投縣,0.0,264753.6,2651616.2,52,37
673,23.969152,120.838616,3.0,True,南投縣,0.0,233576.6,2651616.2,52,31
674,23.969111,121.196035,3.0,True,南投縣,0.0,269949.7,2651616.2,52,38
675,23.969089,120.787557,3.0,True,南投縣,0.0,228380.5,2651616.2,52,30
676,23.969038,121.247095,3.0,True,南投縣,0.0,275145.9,2651616.2,52,39
677,23.96901,120.736497,3.0,True,南投縣,0.0,223184.3,2651616.2,52,29
678,23.968947,121.298154,3.0,True,花蓮縣,0.0,280342.0,2651616.2,52,40
679,23.968914,120.685438,3.0,True,南投縣,0.0,217988.2,2651616.2,52,28
680,23.968839,121.349213,3.0,True,花蓮縣,0.0,285538.2,2651616.2,52,41
681,23.968801,120.634379,3.0,True,彰化縣,0.0,212792.0,2651616.2,52,27
682,23.968715,121.400271,3.0,True,花蓮縣,0.0,290734.3,2651616.2,52,42
683,23.968671,120.583321,3.0,True,彰化縣,0.0,207595.9,2651616.2,52,26
684,23.968573,121.45133,3.0,True,花蓮縣,0.0,295930.5,2651616.2,52,43
685,23.968524,120.532263,3.0,True,彰化縣,0.0,202399.7,2651616.2,52,25
686,23.968414,121.502388,3.0,True,花蓮縣,0.0,301126.6,2651616.2,52,44
687,23.96836,120.481205,3.0,True,彰化縣,0.0,197203.6,2651616.2,52,24
688,23.968239,121.553445,3.0,True,花蓮縣,0.0,306322.8,2651616.2,52,45
689,23.968179,120.430148,3.0,True,彰化縣,0.0,192007.4,2651616.2,52,23
690,23.968046,121.604502,3.0,True,花蓮縣,0.0,311518.9,2651616.2,52,46
691,23.967981,120.379091,3.0,True,彰化縣,0.0,186811.3,2651616.2,52,22
692,23.967836,121.655558,3.0,False,沿海緩衝區(花蓮縣外海),2500.8,316715.1,2651616.2,52,47
693,23.967766,120.328035,3.0,True,彰化縣,0.0,181615.1,2651616.2,52,21
694,23.928602,121.01732,3.0,True,南投縣,0.0,251763.2,2647116.2,51,34
695,23.928599,120.966276,3.0,True,南投縣,0.0,246567.0,2647116.2,51,33
696,23.928588,121.068364,3.0,True,南投縣,0.0,256959.3,2647116.2,51,35
697,23.92858,120.915233,3.0,True,南投縣,0.0,241370.9,2647116.2,51,32
698,23.928557,121.119408,3.0,True,南投縣,0.0,262155.5,2647116.2,51,36
699,23.928543,120.864189,3.0,True,南投縣,0.0,236174.7,2647116.2,51,31
700,23.928509,121.170452,3.0,True,南投縣,0.0,267351.6,2647116.2,51,37
701,23.92849,120.813145,3.0,True,南投縣,0.0,230978.6,2647116.2,51,30
702,23.928443,121.221495,3.0,True,南投縣,0.0,272547.8,2647116.2,51,38
703,23.928419,120.762102,3.0,True,南投縣,0.0,225782.4,2647116.2,51,29
704,23.928361,121.272539,3.0,True,南投縣,0.0,277743.9,2647116.2,51,39
705,23.928331,120.711058,3.0,True,南投縣,0.0,220586.3,2647116.2,51,28
706,23.928262,121.323582,3.0,True,花蓮縣,0.0,282940.1,2647116.2,51,40
707,23.928227,120.660015,3.0,True,南投縣,0.0,215390.1,2647116.2,51,27
708,23.928146,121.374625,3.0,True,花蓮縣,0.0,288136.2,2647116.2,51,41
709,23.928106,120.608972,3.0,True,彰化縣,0.0,210194.0,2647116.2,51,26
710,23.928014,121.425667,3.0,True,花蓮縣,0.0,293332.4,2647116.2,51,42
711,23.927967,120.55793,3.0,True,彰化縣,0.0,204997.8,2647116.2,51,25
712,23.927864,121.476709,3.0,True,花蓮縣,0.0,298528.5,2647116.2,51,43
713,23.927812,120.506888,3.0,True,彰化縣,0.0,199801.7,2647116.2,51,24
714,23.927697,121.527751,3.0,True,花蓮縣,0.0,303724.7,2647116.2,51,44
715,23.92764,120.455847,3.0,True,彰化縣,0.0,194605.5,2647116.2,51,23
716,23.927513,121.578792,3.0,True,花蓮縣,0.0,308920.9,2647116.2,51,45
717,23.927451,120.404806,3.0,True,彰化縣,0.0,189409.3,2647116.2,51,22
718,23.927312,121.629833,3.0,False,沿海緩衝區(花蓮縣外海),1995.6,314117.0,2647116.2,51,46
719,23.927244,120.353765,3.0,True,彰化縣,0.0,184213.2,2647116.2,51,21
720,23.927021,120.302725,3.0,False,沿海緩衝區(彰化縣外海),928.0,179017.0,2647116.2,51,20
721,23.887969,120.991801,3.0,True,南投縣,0.0,249165.1,2642616.2,50,34
722,23.887964,121.042829,3.0,True,南投縣,0.0,254361.3,2642616.2,50,35
723,23.887958,120.940773,3.0,True,南投縣,0.0,243968.9,2642616.2,50,33
724,23.887941,121.093857,3.0,True,南投縣,0.0,259557.4,2642616.2,50,36
725,23.88793,120.889745,3.0,True,南投縣,0.0,238772.8,2642616.2,50,32
726,23.887901,121.144885,3.0,True,南投縣,0.0,264753.6,2642616.2,50,37
727,23.887885,120.838717,3.0,True,南投縣,0.0,233576.6,2642616.2,50,31
728,23.887845,121.195912,3.0,True,南投縣,0.0,269949.7,2642616.2,50,38
729,23.887823,120.78769,3.0,True,南投縣,0.0,228380.5,2642616.2,50,30
730,23.887771,121.24694,3.0,True,南投縣,0.0,275145.9,2642616.2,50,39
731,23.887744,120.736662,3.0,True,南投縣,0.0,223184.3,2642616.2,50,29
732,23.887681,121.297967,3.0,True,花蓮縣,0.0,280342.0,2642616.2,50,40
733,23.887648,120.685635,3.0,True,南投縣,0.0,217988.2,2642616.2,50,28
734,23.887574,121.348994,3.0,True,花蓮縣,0.0,285538.2,2642616.2,50,41
735,23.887536,120.634608,3.0,True,南投縣,0.0,212792.0,2642616.2,50,27
736,23.88745,121.400021,3.0,True,花蓮縣,0.0,290734.3,2642616.2,50,42
737,23.887406,120.583581,3.0,True,彰化縣,0.0,207595.9,2642616.2,50,26
738,23.887308,121.451047,3.0,True,花蓮縣,0.0,295930.5,2642616.2,50,43
739,23.88726,120.532555,3.0,True,彰化縣,0.0,202399.7,2642616.2,50,25
740,23.88715,121.502073,3.0,True,花蓮縣,0.0,301126.6,2642616.2,50,44
741,23.887096,120.481529,3.0,True,彰化縣,0.0,197203.6,2642616.2,50,24
742,23.886975,121.553099,3.0,True,花蓮縣,0.0,306322.8,2642616.2,50,45
743,23.886916,120.430504,3.0,True,彰化縣,0.0,192007.4,2642616.2,50,23
744,23.886784,121.604124,3.0,False,沿海緩衝區(花蓮縣外海),73.8,311518.9,2642616.2,50,46
745,23.886718,120.379479,3.0,True,彰化縣,0.0,186811.3,2642616.2,50,22
746,23.886504,120.328455,3.0,True,彰化縣,0.0,181615.1,2642616.2,50,21
747,23.886273,120.277432,3.0,False,沿海緩衝區(彰化縣外海),1298.6,176419.0,2642616.2,50,20
748,23.847335,121.01731,3.0,True,南投縣,0.0,251763.2,2638116.2,49,34
749,23.847332,120.966298,3.0,True,南投縣,0.0,246567.0,2638116.2,49,33
750,23.847321,121.068322,3.0,True,南投縣,0.0,256959.3,2638116.2,49,35
751,23.847312,120.915285,3.0,True,南投縣,0.0,241370.9,2638116.2,49,32
752,23.84729,121.119334,3.0,True,南投縣,0.0,262155.5,2638116.2,49,36
753,23.847276,120.864274,3.0,True,南投縣,0.0,236174.7,2638116.2,49,31
754,23.847242,121.170345,3.0,True,南投縣,0.0,267351.6,2638116.2,49,37
755,23.847223,120.813262,3.0,True,南投縣,0.0,230978.6,2638116.2,49,30
756,23.847177,121.221357,3.0,True,南投縣,0.0,272547.8,2638116.2,49,38
757,23.847152,120.76225,3.0,True,南投縣,0.0,225782.4,2638116.2,49,29
758,23.847095,121.272369,3.0,True,花蓮縣,0.0,277743.9,2638116.2,49,39
759,23.847065,120.711239,3.0,True,南投縣,0.0,220586.3,2638116.2,49,28
760,23.846996,121.32338,3.0,True,花蓮縣,0.0,282940.1,2638116.2,49,40
761,23.846961,120.660227,3.0,True,南投縣,0.0,215390.1,2638116.2,49,27
762,23.846881,121.374391,3.0,True,花蓮縣,0.0,288136.2,2638116.2,49,41
763,23.84684,120.609217,3.0,True,彰化縣,0.0,210194.0,2638116.2,49,26
764,23.846748,121.425401,3.0,True,花蓮縣,0.0,293332.4,2638116.2,49,42
765,23.846702,120.558206,3.0,True,彰化縣,0.0,204997.8,2638116.2,49,25
766,23.846599,121.476412,3.0,True,花蓮縣,0.0,298528.5,2638116.2,49,43
767,23.846548,120.507196,3.0,True,彰化縣,0.0,199801.7,2638116.2,49,24
768,23.846433,121.527421,3.0,True,花蓮縣,0.0,303724.7,2638116.2,49,44
769,23.846376,120.456186,3.0,True,彰化縣,0.0,194605.5,2638116.2,49,23
770,23.84625,121.578431,3.0,True,花蓮縣,0.0,308920.9,2638116.2,49,45
771,23.846188,120.405177,3.0,True,彰化縣,0.0,189409.3,2638116.2,49,22
772,23.845982,120.354169,3.0,True,彰化縣,0.0,184213.2,2638116.2,49,21
773,23.84576,120.303161,3.0,True,彰化縣,0.0,179017.0,2638116.2,49,20
774,23.845521,120.252154,3.0,True,彰化縣,0.0,173820.9,2638116.2,49,19
775,23.845265,120.201147,3.0,False,沿海緩衝區(雲林縣外海),1841.0,168624.7,2638116.2,49,18
776,23.806701,120.991806,3.0,True,南投縣,0.0,249165.1,2633616.2,48,34
777,23.806696,121.042802,3.0,True,南投縣,0.0,254361.3,2633616.2,48,35
778,23.80669,120.94081,3.0,True,南投縣,0.0,243968.9,2633616.2,48,33
779,23.806673,121.093798,3.0,True,南投縣,0.0,259557.4,2633616.2,48,36
780,23.806662,120.889814,3.0,True,南投縣,0.0,238772.8,2633616.2,48,32
781,23.806634,121.144794,3.0,True,南投縣,0.0,264753.6,2633616.2,48,37
782,23.806618,120.838818,3.0,True,南投縣,0.0,233576.6,2633616.2,48,31
783,23.806577,121.19579,3.0,True,南投縣,0.0,269949.7,2633616.2,48,38
784,23.806556,120.787822,3.0,True,南投縣,0.0,228380.5,2633616.2,48,30
785,23.806504,121.246786,3.0,True,花蓮縣,0.0,275145.9,2633616.2,48,39
786,23.806477,120.736826,3.0,True,南投縣,0.0,223184.3,2633616.2,48,29
787,23.806414,121.297782,3.0,True,花蓮縣,0.0,280342.0,2633616.2,48,40
788,23.806382,120.685831,3.0,True,南投縣,0.0,217988.2,2633616.2,48,28
789,23.806307,121.348777,3.0,True,花蓮縣,0.0,285538.2,2633616.2,48,41
790,23.80627,120.634836,3.0,True,彰化縣,0.0,212792.0,2633616.2,48,27
791,23.806184,121.399772,3.0,True,花蓮縣,0.0,290734.3,2633616.2,48,42
792,23.80614,120.583841,3.0,True,彰化縣,0.0,207595.9,2633616.2,48,26
793,23.806043,121.450766,3.0,True,花蓮縣,0.0,295930.5,2633616.2,48,43
794,23.805994,120.532847,3.0,True,彰化縣,0.0,202399.7,2633616.2,48,25
795,23.805886,121.50176,3.0,True,花蓮縣,0.0,301126.6,2633616.2,48,44
796,23.805832,120.481853,3.0,True,雲林縣,0.0,197203.6,2633616.2,48,24
797,23.805711,121.552754,3.0,True,花蓮縣,0.0,306322.8,2633616.2,48,45
798,23.805652,120.430859,3.0,True,雲林縣,0.0,192007.4,2633616.2,48,23
799,23.80552,121.603747,3.0,False,沿海緩衝區(花蓮縣外海),2617.5,311518.9,2633616.2,48,46
800,23.805455,120.379866,3.0,True,雲林縣,0.0,186811.3,2633616.2,48,22
801,23.805242,120.328874,3.0,True,雲林縣,0.0,181615.1,2633616.2,48,21
802,23.805012,120.277882,3.0,True,雲林縣,0.0,176419.0,2633616.2,48,20
803,23.804765,120.226891,3.0,True,雲林縣,0.0,171222.8,2633616.2,48,19
804,23.804501,120.175901,3.0,True,雲林縣,0.0,166026.7,2633616.2,48,18
805,23.800485,119.615067,3.0,False,沿海緩衝區(澎湖縣外海),1587.0,108869.0,2633616.2,48,7
806,23.766067,121.017299,3.0,True,南投縣,0.0,251763.2,2629116.2,47,34
807,23.766064,120.966318,3.0,True,南投縣,0.0,246567.0,2629116.2,47,33
808,23.766052,121.068279,3.0,True,南投縣,0.0,256959.3,2629116.2,47,35
809,23.766044,120.915338,3.0,True,南投縣,0.0,241370.9,2629116.2,47,32
810,23.766021,121.119259,3.0,True,南投縣,0.0,262155.5,2629116.2,47,36
811,23.766008,120.864358,3.0,True,南投縣,0.0,236174.7,2629116.2,47,31
812,23.765974,121.170239,3.0,True,南投縣,0.0,267351.6,2629116.2,47,37
813,23.765955,120.813378,3.0,True,南投縣,0.0,230978.6,2629116.2,47,30
814,23.765909,121.221219,3.0,True,花蓮縣,0.0,272547.8,2629116.2,47,38
815,23.765885,120.762398,3.0,True,南投縣,0.0,225782.4,2629116.2,47,29
816,23.765828,121.272199,3.0,True,花蓮縣,0.0,277743.9,2629116.2,47,39
817,23.765798,120.711418,3.0,True,南投縣,0.0,220586.3,2629116.2,47,28
818,23.765729,121.323179,3.0,True,花蓮縣,0.0,282940.1,2629116.2,47,40
819,23.765694,120.660439,3.0,True,南投縣,0.0,215390.1,2629116.2,47,27
820,23.765614,121.374158,3.0,True,花蓮縣,0.0,288136.2,2629116.2,47,41
821,23.765574,120.60946,3.0,True,雲林縣,0.0,210194.0,2629116.2,47,26
822,23.765482,121.425137,3.0,True,花蓮縣,0.0,293332.4,2629116.2,47,42
823,23.765436,120.558481,3.0,True,雲林縣,0.0,204997.8,2629116.2,47,25
824,23.765334,121.476115,3.0,True,花蓮縣,0.0,298528.5,2629116.2,47,43
825,23.765282,120.507503,3.0,True,雲林縣,0.0,199801.7,2629116.2,47,24
826,23.765168,121.527093,3.0,True,花蓮縣,0.0,303724.7,2629116.2,47,44
827,23.765111,120.456525,3.0,True,雲林縣,0.0,194605.5,2629116.2,47,23
828,23.764986,121.578071,3.0,False,沿海緩衝區(花蓮縣外海),666.9,308920.9,2629116.2,47,45
829,23.764924,120.405547,3.0,True,雲林縣,0.0,189409.3,2629116.2,47,22
830,23.764719,120.354571,3.0,True,雲林縣,0.0,184213.2,2629116.2,47,21
831,23.764498,120.303594,3.0,True,雲林縣,0.0,179017.0,2629116.2,47,20
832,23.764259,120.252619,3.0,True,雲林縣,0.0,173820.9,2629116.2,47,19
833,23.764004,120.201644,3.0,True,雲林縣,0.0,168624.7,2629116.2,47,18
834,23.763733,120.15067,3.0,False,沿海緩衝區(雲林縣外海),1514.1,163428.6,2629116.2,47,17
835,23.760089,119.640979,3.0,False,沿海緩衝區(澎湖縣外海),2280.0,111467.1,2629116.2,47,7
836,23.759633,119.590016,3.0,False,沿海緩衝區(澎湖縣外海),681.4,106270.9,2629116.2,47,6
837,23.725433,120.991811,3.0,True,南投縣,0.0,249165.1,2624616.2,46,34
838,23.725427,121.042776,3.0,True,南投縣,0.0,254361.3,2624616.2,46,35
839,23.725422,120.940847,3.0,True,南投縣,0.0,243968.9,2624616.2,46,33
840,23.725405,121.09374,3.0,True,南投縣,0.0,259557.4,2624616.2,46,36
841,23.725394,120.889882,3.0,True,南投縣,0.0,238772.8,2624616.2,46,32
842,23.725365,121.144705,3.0,True,南投縣,0.0,264753.6,2624616.2,46,37
843,23.725349,120.838918,3.0,True,南投縣,0.0,233576.6,2624616.2,46,31
844,23.725309,121.195669,3.0,True,南投縣,0.0,269949.7,2624616.2,46,38
845,23.725288,120.787954,3.0,True,南投縣,0.0,228380.5,2624616.2,46,30
846,23.725236,121.246633,3.0,True,花蓮縣,0.0,275145.9,2624616.2,46,39
847,23.725209,120.73699,3.0,True,南投縣,0.0,223184.3,2624616.2,46,29
848,23.725147,121.297597,3.0,True,花蓮縣,0.0,280342.0,2624616.2,46,40
849,23.725114,120.686026,3.0,True,南投縣,0.0,217988.2,2624616.2,46,28
850,23.72504,121.34856,3.0,True,花蓮縣,0.0,285538.2,2624616.2,46,41
851,23.725003,120.635062,3.0,True,雲林縣,0.0,212792.0,2624616.2,46,27
852,23.724917,121.399523,3.0,True,花蓮縣,0.0,290734.3,2624616.2,46,42
853,23.724874,120.584099,3.0,True,雲林縣,0.0,207595.9,2624616.2,46,26
854,23.724777,121.450486,3.0,True,花蓮縣,0.0,295930.5,2624616.2,46,43
855,23.724728,120.533137,3.0,True,雲林縣,0.0,202399.7,2624616.2,46,25
856,23.72462,121.501449,3.0,True,花蓮縣,0.0,301126.6,2624616.2,46,44
857,23.724566,120.482174,3.0,True,雲林縣,0.0,197203.6,2624616.2,46,24
858,23.724447,121.552411,3.0,True,花蓮縣,0.0,306322.8,2624616.2,46,45
859,23.724387,120.431212,3.0,True,雲林縣,0.0,192007.4,2624616.2,46,23
860,23.724191,120.380251,3.0,True,雲林縣,0.0,186811.3,2624616.2,46,22
861,23.723979,120.32929,3.0,True,雲林縣,0.0,181615.1,2624616.2,46,21
862,23.723749,120.27833,3.0,True,雲林縣,0.0,176419.0,2624616.2,46,20
863,23.723503,120.227371,3.0,True,雲林縣,0.0,171222.8,2624616.2,46,19
864,23.72324,120.176412,3.0,True,雲林縣,0.0,166026.7,2624616.2,46,18
865,23.71924,119.615926,3.0,False,沿海緩衝區(澎湖縣外海),498.4,108869.0,2624616.2,46,7
866,23.718776,119.56498,3.0,False,沿海緩衝區(澎湖縣外海),614.2,103672.8,2624616.2,46,6
867,23.684797,121.017288,3.0,True,南投縣,0.0,251763.2,2620116.2,45,34
868,23.684795,120.966339,3.0,True,南投縣,0.0,246567.0,2620116.2,45,33
869,23.684783,121.068237,3.0,True,南投縣,0.0,256959.3,2620116.2,45,35
870,23.684775,120.915391,3.0,True,南投縣,0.0,241370.9,2620116.2,45,32
871,23.684753,121.119185,3.0,True,南投縣,0.0,262155.5,2620116.2,45,36
872,23.684739,120.864442,3.0,True,南投縣,0.0,236174.7,2620116.2,45,31
873,23.684705,121.170134,3.0,True,南投縣,0.0,267351.6,2620116.2,45,37
874,23.684686,120.813494,3.0,True,南投縣,0.0,230978.6,2620116.2,45,30
875,23.684641,121.221082,3.0,True,南投縣,0.0,272547.8,2620116.2,45,38
876,23.684616,120.762545,3.0,True,南投縣,0.0,225782.4,2620116.2,45,29
877,23.684559,121.272031,3.0,True,花蓮縣,0.0,277743.9,2620116.2,45,39
878,23.68453,120.711597,3.0,True,南投縣,0.0,220586.3,2620116.2,45,28
879,23.684462,121.322978,3.0,True,花蓮縣,0.0,282940.1,2620116.2,45,40
880,23.684427,120.660649,3.0,True,南投縣,0.0,215390.1,2620116.2,45,27
881,23.684347,121.373926,3.0,True,花蓮縣,0.0,288136.2,2620116.2,45,41
882,23.684307,120.609702,3.0,True,雲林縣,0.0,210194.0,2620116.2,45,26
883,23.684216,121.424873,3.0,True,花蓮縣,0.0,293332.4,2620116.2,45,42
884,23.68417,120.558755,3.0,True,雲林縣,0.0,204997.8,2620116.2,45,25
885,23.684067,121.47582,3.0,True,花蓮縣,0.0,298528.5,2620116.2,45,43
886,23.684016,120.507808,3.0,True,雲林縣,0.0,199801.7,2620116.2,45,24
887,23.683903,121.526767,3.0,True,花蓮縣,0.0,303724.7,2620116.2,45,44
888,23.683846,120.456862,3.0,True,雲林縣,0.0,194605.5,2620116.2,45,23
889,23.683721,121.577713,3.0,False,沿海緩衝區(花蓮縣外海),2856.9,308920.9,2620116.2,45,45
890,23.683659,120.405916,3.0,True,雲林縣,0.0,189409.3,2620116.2,45,22
891,23.683455,120.35497,3.0,True,雲林縣,0.0,184213.2,2620116.2,45,21
892,23.683235,120.304026,3.0,True,雲林縣,0.0,179017.0,2620116.2,45,20
893,23.682997,120.253082,3.0,True,雲林縣,0.0,173820.9,2620116.2,45,19
894,23.682743,120.202138,3.0,True,雲林縣,0.0,168624.7,2620116.2,45,18
895,23.682472,120.151196,3.0,False,沿海緩衝區(雲林縣外海),1076.2,163428.6,2620116.2,45,17
896,23.679281,119.692753,3.0,False,沿海緩衝區(澎湖縣外海),2075.6,116663.2,2620116.2,45,8
897,23.678843,119.641821,3.0,False,沿海緩衝區(澎湖縣外海),1394.2,111467.1,2620116.2,45,7
898,23.678388,119.590889,3.0,False,沿海緩衝區(澎湖縣外海),591.4,106270.9,2620116.2,45,6
899,23.677916,119.539959,3.0,False,沿海緩衝區(澎湖縣外海),1454.0,101074.8,2620116.2,45,5
900,23.644163,120.991816,3.0,True,南投縣,0.0,249165.1,2615616.2,44,34
901,23.644158,121.042749,3.0,True,南投縣,0.0,254361.3,2615616.2,44,35
902,23.644152,120.940883,3.0,True,南投縣,0.0,243968.9,2615616.2,44,33
903,23.644135,121.093682,3.0,True,南投縣,0.0,259557.4,2615616.2,44,36
904,23.644124,120.88995,3.0,True,南投縣,0.0,238772.8,2615616.2,44,32
905,23.644096,121.144615,3.0,True,南投縣,0.0,264753.6,2615616.2,44,37
906,23.64408,120.839018,3.0,True,南投縣,0.0,233576.6,2615616.2,44,31
907,23.64404,121.195548,3.0,True,南投縣,0.0,269949.7,2615616.2,44,38
908,23.644019,120.788085,3.0,True,南投縣,0.0,228380.5,2615616.2,44,30
909,23.643968,121.24648,3.0,True,花蓮縣,0.0,275145.9,2615616.2,44,39
910,23.643941,120.737152,3.0,True,南投縣,0.0,223184.3,2615616.2,44,29
911,23.643878,121.297413,3.0,True,花蓮縣,0.0,280342.0,2615616.2,44,40
912,23.643846,120.68622,3.0,True,南投縣,0.0,217988.2,2615616.2,44,28
913,23.643772,121.348345,3.0,True,花蓮縣,0.0,285538.2,2615616.2,44,41
914,23.643735,120.635288,3.0,True,南投縣,0.0,212792.0,2615616.2,44,27
915,23.643649,121.399276,3.0,True,花蓮縣,0.0,290734.3,2615616.2,44,42
916,23.643606,120.584357,3.0,True,雲林縣,0.0,207595.9,2615616.2,44,26
917,23.64351,121.450208,3.0,True,花蓮縣,0.0,295930.5,2615616.2,44,43
918,23.643462,120.533425,3.0,True,雲林縣,0.0,202399.7,2615616.2,44,25
919,23.643354,121.501139,3.0,True,花蓮縣,0.0,301126.6,2615616.2,44,44
920,23.6433,120.482495,3.0,True,雲林縣,0.0,197203.6,2615616.2,44,24
921,23.643181,121.552069,3.0,False,沿海緩衝區(花蓮縣外海),1489.0,306322.8,2615616.2,44,45
922,23.643122,120.431564,3.0,True,雲林縣,0.0,192007.4,2615616.2,44,23
923,23.642927,120.380634,3.0,True,雲林縣,0.0,186811.3,2615616.2,44,22
924,23.642715,120.329705,3.0,True,雲林縣,0.0,181615.1,2615616.2,44,21
925,23.642486,120.278777,3.0,True,雲林縣,0.0,176419.0,2615616.2,44,20
926,23.642241,120.227849,3.0,True,雲林縣,0.0,171222.8,2615616.2,44,19
927,23.641979,120.176921,3.0,True,雲林縣,0.0,166026.7,2615616.2,44,18
928,23.641701,120.125995,3.0,False,沿海緩衝區(雲林縣外海),1613.8,160830.5,2615616.2,44,17
929,23.63844,119.667699,3.0,False,沿海緩衝區(澎湖縣外海),2039.2,114065.1,2615616.2,44,8
930,23.637995,119.616782,3.0,False,沿海緩衝區(澎湖縣外海),706.7,108869.0,2615616.2,44,7
931,23.637532,119.565867,3.0,False,沿海緩衝區(澎湖縣外海),1559.5,103672.8,2615616.2,44,6
932,23.637053,119.514953,3.0,True,澎湖縣,0.0,98476.7,2615616.2,44,5
933,23.603527,121.017277,3.0,True,南投縣,0.0,251763.2,2611116.2,43,34
934,23.603525,120.96636,3.0,True,南投縣,0.0,246567.0,2611116.2,43,33
935,23.603513,121.068195,3.0,True,南投縣,0.0,256959.3,2611116.2,43,35
936,23.603505,120.915443,3.0,True,南投縣,0.0,241370.9,2611116.2,43,32
937,23.603483,121.119112,3.0,True,南投縣,0.0,262155.5,2611116.2,43,36
938,23.603469,120.864526,3.0,True,南投縣,0.0,236174.7,2611116.2,43,31
939,23.603435,121.170029,3.0,True,南投縣,0.0,267351.6,2611116.2,43,37
940,23.603417,120.813609,3.0,True,南投縣,0.0,230978.6,2611116.2,43,30
941,23.603371,121.220946,3.0,True,花蓮縣,0.0,272547.8,2611116.2,43,38
942,23.603347,120.762692,3.0,True,嘉義縣,0.0,225782.4,2611116.2,43,29
943,23.60329,121.271863,3.0,True,花蓮縣,0.0,277743.9,2611116.2,43,39
944,23.603261,120.711775,3.0,True,雲林縣,0.0,220586.3,2611116.2,43,28
945,23.603193,121.322779,3.0,True,花蓮縣,0.0,282940.1,2611116.2,43,40
946,23.603158,120.660859,3.0,True,雲林縣,0.0,215390.1,2611116.2,43,27
947,23.603079,121.373695,3.0,True,花蓮縣,0.0,288136.2,2611116.2,43,41
948,23.603039,120.609943,3.0,True,雲林縣,0.0,210194.0,2611116.2,43,26
949,23.602948,121.424611,3.0,True,花蓮縣,0.0,293332.4,2611116.2,43,42
950,23.602902,120.559027,3.0,True,雲林縣,0.0,204997.8,2611116.2,43,25
951,23.6028,121.475527,3.0,True,花蓮縣,0.0,298528.5,2611116.2,43,43
952,23.602749,120.508112,3.0,True,嘉義縣,0.0,199801.7,2611116.2,43,24
953,23.602636,121.526442,3.0,True,花蓮縣,0.0,303724.7,2611116.2,43,44
954,23.60258,120.457197,3.0,True,嘉義縣,0.0,194605.5,2611116.2,43,23
955,23.602393,120.406282,3.0,True,嘉義縣,0.0,189409.3,2611116.2,43,22
956,23.60219,120.355369,3.0,True,雲林縣,0.0,184213.2,2611116.2,43,21
957,23.601971,120.304455,3.0,True,雲林縣,0.0,179017.0,2611116.2,43,20
958,23.601734,120.253543,3.0,True,雲林縣,0.0,173820.9,2611116.2,43,19
959,23.601481,120.202631,3.0,True,雲林縣,0.0,168624.7,2611116.2,43,18
960,23.601211,120.15172,3.0,True,雲林縣,0.0,163428.6,2611116.2,43,17
961,23.598033,119.69356,3.0,False,沿海緩衝區(澎湖縣外海),1454.2,116663.2,2611116.2,43,8
962,23.597596,119.642659,3.0,False,沿海緩衝區(澎湖縣外海),178.7,111467.1,2611116.2,43,7
963,23.597143,119.591759,3.0,False,沿海緩衝區(澎湖縣外海),251.6,106270.9,2611116.2,43,6
964,23.596673,119.54086,3.0,False,沿海緩衝區(澎湖縣外海),1101.9,101074.8,2611116.2,43,5
965,23.596186,119.489963,3.0,False,沿海緩衝區(澎湖縣外海),65.3,95878.6,2611116.2,43,4
966,23.562893,120.991821,3.0,True,南投縣,0.0,249165.1,2606616.2,42,34
967,23.562887,121.042723,3.0,True,南投縣,0.0,254361.3,2606616.2,42,35
968,23.562882,120.94092,3.0,True,南投縣,0.0,243968.9,2606616.2,42,33
969,23.562865,121.093624,3.0,True,南投縣,0.0,259557.4,2606616.2,42,36
970,23.562854,120.890018,3.0,True,南投縣,0.0,238772.8,2606616.2,42,32
971,23.562826,121.144526,3.0,True,南投縣,0.0,264753.6,2606616.2,42,37
972,23.56281,120.839117,3.0,True,南投縣,0.0,233576.6,2606616.2,42,31
973,23.56277,121.195427,3.0,True,花蓮縣,0.0,269949.7,2606616.2,42,38
974,23.562749,120.788215,3.0,True,嘉義縣,0.0,228380.5,2606616.2,42,30
975,23.562698,121.246328,3.0,True,花蓮縣,0.0,275145.9,2606616.2,42,39
976,23.562671,120.737314,3.0,True,嘉義縣,0.0,223184.3,2606616.2,42,29
977,23.562609,121.297229,3.0,True,花蓮縣,0.0,280342.0,2606616.2,42,40
978,23.562577,120.686413,3.0,True,嘉義縣,0.0,217988.2,2606616.2,42,28
979,23.562503,121.34813,3.0,True,花蓮縣,0.0,285538.2,2606616.2,42,41
980,23.562466,120.635513,3.0,True,嘉義縣,0.0,212792.0,2606616.2,42,27
981,23.562381,121.39903,3.0,True,花蓮縣,0.0,290734.3,2606616.2,42,42
982,23.562338,120.584613,3.0,True,嘉義縣,0.0,207595.9,2606616.2,42,26
983,23.562242,121.44993,3.0,True,花蓮縣,0.0,295930.5,2606616.2,42,43
984,23.562194,120.533713,3.0,True,嘉義縣,0.0,202399.7,2606616.2,42,25
985,23.562087,121.50083,3.0,True,花蓮縣,0.0,301126.6,2606616.2,42,44
986,23.562033,120.482813,3.0,True,嘉義縣,0.0,197203.6,2606616.2,42,24
987,23.561855,120.431914,3.0,True,嘉義縣,0.0,192007.4,2606616.2,42,23
988,23.561661,120.381016,3.0,True,嘉義縣,0.0,186811.3,2606616.2,42,22
989,23.56145,120.330118,3.0,True,嘉義縣,0.0,181615.1,2606616.2,42,21
990,23.561222,120.279221,3.0,True,雲林縣,0.0,176419.0,2606616.2,42,20
991,23.560978,120.228324,3.0,True,雲林縣,0.0,171222.8,2606616.2,42,19
992,23.560717,120.177428,3.0,True,雲林縣,0.0,166026.7,2606616.2,42,18
993,23.56044,120.126533,3.0,True,雲林縣,0.0,160830.5,2606616.2,42,17
994,23.55762,119.719405,3.0,False,沿海緩衝區(澎湖縣外海),338.2,119261.3,2606616.2,42,9
995,23.557192,119.668519,3.0,False,沿海緩衝區(澎湖縣外海),396.9,114065.1,2606616.2,42,8
996,23.556748,119.617634,3.0,True,澎湖縣,0.0,108869.0,2606616.2,42,7
997,23.556287,119.56675,3.0,False,沿海緩衝區(澎湖縣外海),85.8,103672.8,2606616.2,42,6
998,23.55581,119.515868,3.0,False,沿海緩衝區(澎湖縣外海),922.3,98476.7,2606616.2,42,5
999,23.555316,119.464987,3.0,False,沿海緩衝區(澎湖縣外海),653.7,93280.5,2606616.2,42,4
1000,23.522257,121.017267,3.0,True,南投縣,0.0,251763.2,2602116.2,41,34
1001,23.522254,120.966381,3.0,True,南投縣,0.0,246567.0,2602116.2,41,33
1002,23.522243,121.068153,3.0,True,南投縣,0.0,256959.3,2602116.2,41,35
1003,23.522235,120.915495,3.0,True,南投縣,0.0,241370.9,2602116.2,41,32
1004,23.522212,121.119039,3.0,True,南投縣,0.0,262155.5,2602116.2,41,36
1005,23.522199,120.864609,3.0,True,南投縣,0.0,236174.7,2602116.2,41,31
1006,23.522165,121.169924,3.0,True,花蓮縣,0.0,267351.6,2602116.2,41,37
1007,23.522146,120.813723,3.0,True,嘉義縣,0.0,230978.6,2602116.2,41,30
1008,23.522101,121.22081,3.0,True,花蓮縣,0.0,272547.8,2602116.2,41,38
1009,23.522077,120.762838,3.0,True,嘉義縣,0.0,225782.4,2602116.2,41,29
1010,23.522021,121.271695,3.0,True,花蓮縣,0.0,277743.9,2602116.2,41,39
1011,23.521991,120.711952,3.0,True,嘉義縣,0.0,220586.3,2602116.2,41,28
1012,23.521923,121.322581,3.0,True,花蓮縣,0.0,282940.1,2602116.2,41,40
1013,23.521889,120.661067,3.0,True,嘉義縣,0.0,215390.1,2602116.2,41,27
1014,23.52181,121.373465,3.0,True,花蓮縣,0.0,288136.2,2602116.2,41,41
1015,23.52177,120.610183,3.0,True,嘉義縣,0.0,210194.0,2602116.2,41,26
1016,23.521679,121.42435,3.0,True,花蓮縣,0.0,293332.4,2602116.2,41,42
1017,23.521634,120.559298,3.0,True,嘉義縣,0.0,204997.8,2602116.2,41,25
1018,23.521532,121.475234,3.0,True,花蓮縣,0.0,298528.5,2602116.2,41,43
1019,23.521482,120.508414,3.0,True,嘉義縣,0.0,199801.7,2602116.2,41,24
1020,23.521369,121.526118,3.0,False,沿海緩衝區(花蓮縣外海),2199.3,303724.7,2602116.2,41,44
1021,23.521313,120.457531,3.0,True,嘉義縣,0.0,194605.5,2602116.2,41,23
1022,23.521127,120.406648,3.0,True,嘉義縣,0.0,189409.3,2602116.2,41,22
1023,23.520925,120.355765,3.0,True,嘉義縣,0.0,184213.2,2602116.2,41,21
1024,23.520706,120.304883,3.0,True,嘉義縣,0.0,179017.0,2602116.2,41,20
1025,23.52047,120.254002,3.0,True,嘉義縣,0.0,173820.9,2602116.2,41,19
1026,23.520218,120.203121,3.0,True,雲林縣,0.0,168624.7,2602116.2,41,18
1027,23.519949,120.152241,3.0,True,雲林縣,0.0,163428.6,2602116.2,41,17
1028,23.519664,120.101362,3.0,False,沿海緩衝區(雲林縣外海),423.0,158232.4,2602116.2,41,16
1029,23.519362,120.050484,3.0,False,沿海緩衝區(雲林縣外海),1265.6,153036.3,2602116.2,41,15
1030,23.515897,119.592624,3.0,True,澎湖縣,0.0,106270.9,2602116.2,41,6
1031,23.515428,119.541757,3.0,False,沿海緩衝區(澎湖縣外海),1759.8,101074.8,2602116.2,41,5
1032,23.514944,119.490891,3.0,False,沿海緩衝區(澎湖縣外海),2456.5,95878.6,2602116.2,41,4
1033,23.481622,120.991826,3.0,True,南投縣,0.0,249165.1,2597616.2,40,34
1034,23.481616,121.042697,3.0,True,南投縣,0.0,254361.3,2597616.2,40,35
1035,23.481611,120.940956,3.0,True,南投縣,0.0,243968.9,2597616.2,40,33
1036,23.481594,121.093567,3.0,True,花蓮縣,0.0,259557.4,2597616.2,40,36
1037,23.481583,120.890086,3.0,True,南投縣,0.0,238772.8,2597616.2,40,32
1038,23.481555,121.144437,3.0,True,花蓮縣,0.0,264753.6,2597616.2,40,37
1039,23.481539,120.839215,3.0,True,南投縣,0.0,233576.6,2597616.2,40,31
1040,23.4815,121.195307,3.0,True,花蓮縣,0.0,269949.7,2597616.2,40,38
1041,23.481478,120.788345,3.0,True,嘉義縣,0.0,228380.5,2597616.2,40,30
1042,23.481428,121.246177,3.0,True,花蓮縣,0.0,275145.9,2597616.2,40,39
1043,23.481401,120.737476,3.0,True,嘉義縣,0.0,223184.3,2597616.2,40,29
1044,23.481339,121.297047,3.0,True,花蓮縣,0.0,280342.0,2597616.2,40,40
1045,23.481307,120.686606,3.0,True,嘉義縣,0.0,217988.2,2597616.2,40,28
1046,23.481234,121.347916,3.0,True,花蓮縣,0.0,285538.2,2597616.2,40,41
1047,23.481196,120.635737,3.0,True,嘉義縣,0.0,212792.0,2597616.2,40,27
1048,23.481112,121.398785,3.0,True,花蓮縣,0.0,290734.3,2597616.2,40,42
1049,23.481069,120.584868,3.0,True,嘉義縣,0.0,207595.9,2597616.2,40,26
1050,23.480973,121.449654,3.0,True,花蓮縣,0.0,295930.5,2597616.2,40,43
1051,23.480925,120.533999,3.0,True,嘉義縣,0.0,202399.7,2597616.2,40,25
1052,23.480818,121.500523,3.0,True,花蓮縣,0.0,301126.6,2597616.2,40,44
1053,23.480765,120.483131,3.0,True,嘉義市,0.0,197203.6,2597616.2,40,24
1054,23.480588,120.432263,3.0,True,嘉義市,0.0,192007.4,2597616.2,40,23
1055,23.480395,120.381396,3.0,True,嘉義縣,0.0,186811.3,2597616.2,40,22
1056,23.480184,120.330529,3.0,True,嘉義縣,0.0,181615.1,2597616.2,40,21
1057,23.479958,120.279663,3.0,True,嘉義縣,0.0,176419.0,2597616.2,40,20
1058,23.479714,120.228798,3.0,True,嘉義縣,0.0,171222.8,2597616.2,40,19
1059,23.479454,120.177933,3.0,True,嘉義縣,0.0,166026.7,2597616.2,40,18
1060,23.479178,120.127069,3.0,False,沿海緩衝區(嘉義縣外海),969.3,160830.5,2597616.2,40,17
1061,23.478885,120.076206,3.0,False,沿海緩衝區(雲林縣外海),1340.6,155634.4,2597616.2,40,16
1062,23.478575,120.025344,3.0,True,雲林縣,0.0,150438.2,2597616.2,40,15
1063,23.478249,119.974483,3.0,False,沿海緩衝區(雲林縣外海),2676.4,145242.0,2597616.2,40,14
1064,23.474566,119.516778,3.0,False,沿海緩衝區(澎湖縣外海),1027.5,98476.7,2597616.2,40,5
1065,23.440985,121.017256,3.0,True,南投縣,0.0,251763.2,2593116.2,39,34
1066,23.440982,120.966401,3.0,True,高雄市,0.0,246567.0,2593116.2,39,33
1067,23.440971,121.068111,3.0,True,花蓮縣,0.0,256959.3,2593116.2,39,35
1068,23.440963,120.915547,3.0,True,高雄市,0.0,241370.9,2593116.2,39,32
1069,23.440941,121.118966,3.0,True,花蓮縣,0.0,262155.5,2593116.2,39,36
1070,23.440927,120.864692,3.0,True,嘉義縣,0.0,236174.7,2593116.2,39,31
1071,23.440894,121.16982,3.0,True,花蓮縣,0.0,267351.6,2593116.2,39,37
1072,23.440875,120.813837,3.0,True,嘉義縣,0.0,230978.6,2593116.2,39,30
1073,23.44083,121.220675,3.0,True,花蓮縣,0.0,272547.8,2593116.2,39,38
1074,23.440806,120.762983,3.0,True,嘉義縣,0.0,225782.4,2593116.2,39,29
1075,23.44075,121.271529,3.0,True,花蓮縣,0.0,277743.9,2593116.2,39,39
1076,23.440721,120.712129,3.0,True,嘉義縣,0.0,220586.3,2593116.2,39,28
1077,23.440653,121.322383,3.0,True,花蓮縣,0.0,282940.1,2593116.2,39,40
1078,23.440618,120.661275,3.0,True,嘉義縣,0.0,215390.1,2593116.2,39,27
1079,23.44054,121.373237,3.0,True,花蓮縣,0.0,288136.2,2593116.2,39,41
1080,23.4405,120.610421,3.0,True,嘉義縣,0.0,210194.0,2593116.2,39,26
1081,23.44041,121.42409,3.0,True,花蓮縣,0.0,293332.4,2593116.2,39,42
1082,23.440365,120.559568,3.0,True,嘉義縣,0.0,204997.8,2593116.2,39,25
1083,23.440263,121.474943,3.0,True,花蓮縣,0.0,298528.5,2593116.2,39,43
1084,23.440213,120.508715,3.0,True,嘉義縣,0.0,199801.7,2593116.2,39,24
1085,23.440045,120.457863,3.0,True,嘉義縣,0.0,194605.5,2593116.2,39,23
1086,23.43986,120.407011,3.0,True,嘉義縣,0.0,189409.3,2593116.2,39,22
1087,23.439658,120.35616,3.0,True,嘉義縣,0.0,184213.2,2593116.2,39,21
1088,23.43944,120.305309,3.0,True,嘉義縣,0.0,179017.0,2593116.2,39,20
1089,23.439206,120.254459,3.0,True,嘉義縣,0.0,173820.9,2593116.2,39,19
1090,23.438954,120.203609,3.0,True,嘉義縣,0.0,168624.7,2593116.2,39,18
1091,23.438687,120.152761,3.0,True,嘉義縣,0.0,163428.6,2593116.2,39,17
1092,23.437784,120.000219,3.0,False,沿海緩衝區(雲林縣外海),1496.3,147840.1,2593116.2,39,14
1093,23.40035,120.991831,3.0,True,高雄市,0.0,249165.1,2588616.2,38,34
1094,23.400344,121.042671,3.0,True,花蓮縣,0.0,254361.3,2588616.2,38,35
1095,23.400339,120.940992,3.0,True,高雄市,0.0,243968.9,2588616.2,38,33
1096,23.400322,121.09351,3.0,True,花蓮縣,0.0,259557.4,2588616.2,38,36
1097,23.400311,120.890153,3.0,True,高雄市,0.0,238772.8,2588616.2,38,32
1098,23.400283,121.144349,3.0,True,花蓮縣,0.0,264753.6,2588616.2,38,37
1099,23.400267,120.839314,3.0,True,嘉義縣,0.0,233576.6,2588616.2,38,31
1100,23.400228,121.195188,3.0,True,花蓮縣,0.0,269949.7,2588616.2,38,38
1101,23.400207,120.788475,3.0,True,嘉義縣,0.0,228380.5,2588616.2,38,30
1102,23.400156,121.246027,3.0,True,花蓮縣,0.0,275145.9,2588616.2,38,39
1103,23.40013,120.737636,3.0,True,嘉義縣,0.0,223184.3,2588616.2,38,29
1104,23.400068,121.296865,3.0,True,花蓮縣,0.0,280342.0,2588616.2,38,40
1105,23.400036,120.686798,3.0,True,嘉義縣,0.0,217988.2,2588616.2,38,28
1106,23.399963,121.347704,3.0,True,花蓮縣,0.0,285538.2,2588616.2,38,41
1107,23.399926,120.635959,3.0,True,嘉義縣,0.0,212792.0,2588616.2,38,27
1108,23.399842,121.398542,3.0,True,花蓮縣,0.0,290734.3,2588616.2,38,42
1109,23.399799,120.585121,3.0,True,嘉義縣,0.0,207595.9,2588616.2,38,26
1110,23.399704,121.449379,3.0,True,台東縣,0.0,295930.5,2588616.2,38,43
1111,23.399656,120.534284,3.0,True,嘉義縣,0.0,202399.7,2588616.2,38,25
1112,23.399549,121.500217,3.0,False,沿海緩衝區(台東縣外海),1821.0,301126.6,2588616.2,38,44
1113,23.399496,120.483447,3.0,True,嘉義縣,0.0,197203.6,2588616.2,38,24
1114,23.39932,120.43261,3.0,True,台南市,0.0,192007.4,2588616.2,38,23
1115,23.399127,120.381774,3.0,True,台南市,0.0,186811.3,2588616.2,38,22
1116,23.398918,120.330939,3.0,True,嘉義縣,0.0,181615.1,2588616.2,38,21
1117,23.398692,120.280104,3.0,True,嘉義縣,0.0,176419.0,2588616.2,38,20
1118,23.39845,120.229269,3.0,True,嘉義縣,0.0,171222.8,2588616.2,38,19
1119,23.398191,120.178436,3.0,True,嘉義縣,0.0,166026.7,2588616.2,38,18
1120,23.397915,120.127603,3.0,False,沿海緩衝區(嘉義縣外海),1751.0,160830.5,2588616.2,38,17
1121,23.393321,119.517685,3.0,False,沿海緩衝區(澎湖縣外海),457.1,98476.7,2588616.2,38,5
1122,23.392831,119.466866,3.0,False,沿海緩衝區(澎湖縣外海),2315.3,93280.5,2588616.2,38,4
1123,23.391261,119.314418,3.0,False,沿海緩衝區(澎湖縣外海),786.8,77692.1,2588616.2,38,1
1124,23.359713,121.017246,3.0,True,花蓮縣,0.0,251763.2,2584116.2,37,34
1125,23.35971,120.966422,3.0,True,高雄市,0.0,246567.0,2584116.2,37,33
1126,23.359699,121.068069,3.0,True,花蓮縣,0.0,256959.3,2584116.2,37,35
1127,23.359691,120.915598,3.0,True,高雄市,0.0,241370.9,2584116.2,37,32
1128,23.359668,121.118893,3.0,True,花蓮縣,0.0,262155.5,2584116.2,37,36
1129,23.359655,120.864775,3.0,True,高雄市,0.0,236174.7,2584116.2,37,31
1130,23.359621,121.169717,3.0,True,花蓮縣,0.0,267351.6,2584116.2,37,37
1131,23.359603,120.813951,3.0,True,高雄市,0.0,230978.6,2584116.2,37,30
1132,23.359558,121.22054,3.0,True,花蓮縣,0.0,272547.8,2584116.2,37,38
1133,23.359534,120.763128,3.0,True,嘉義縣,0.0,225782.4,2584116.2,37,29
1134,23.359478,121.271363,3.0,True,花蓮縣,0.0,277743.9,2584116.2,37,39
1135,23.359449,120.712304,3.0,True,嘉義縣,0.0,220586.3,2584116.2,37,28
1136,23.359382,121.322186,3.0,True,花蓮縣,0.0,282940.1,2584116.2,37,40
1137,23.359347,120.661482,3.0,True,嘉義縣,0.0,215390.1,2584116.2,37,27
1138,23.359269,121.373009,3.0,True,花蓮縣,0.0,288136.2,2584116.2,37,41
1139,23.359229,120.610659,3.0,True,嘉義縣,0.0,210194.0,2584116.2,37,26
1140,23.35914,121.423831,3.0,True,台東縣,0.0,293332.4,2584116.2,37,42
1141,23.359095,120.559837,3.0,True,嘉義縣,0.0,204997.8,2584116.2,37,25
1142,23.358994,121.474653,3.0,False,沿海緩衝區(台東縣外海),305.8,298528.5,2584116.2,37,43
1143,23.358943,120.509015,3.0,True,台南市,0.0,199801.7,2584116.2,37,24
1144,23.358776,120.458194,3.0,True,台南市,0.0,194605.5,2584116.2,37,23
1145,23.358592,120.407373,3.0,True,台南市,0.0,189409.3,2584116.2,37,22
1146,23.358391,120.356552,3.0,True,台南市,0.0,184213.2,2584116.2,37,21
1147,23.358174,120.305733,3.0,True,台南市,0.0,179017.0,2584116.2,37,20
1148,23.35794,120.254914,3.0,True,嘉義縣,0.0,173820.9,2584116.2,37,19
1149,23.35769,120.204095,3.0,True,嘉義縣,0.0,168624.7,2584116.2,37,18
1150,23.357423,120.153277,3.0,True,嘉義縣,0.0,163428.6,2584116.2,37,17
1151,23.35714,120.102461,3.0,False,沿海緩衝區(嘉義縣外海),2038.3,158232.4,2584116.2,37,16
1152,23.352937,119.543539,3.0,False,沿海緩衝區(澎湖縣外海),462.0,101074.8,2584116.2,37,5
1153,23.352456,119.492735,3.0,False,沿海緩衝區(澎湖縣外海),168.9,95878.6,2584116.2,37,4
1154,23.351958,119.441932,3.0,False,沿海緩衝區(澎湖縣外海),1876.0,90682.4,2584116.2,37,3
1155,23.319077,120.991836,3.0,True,高雄市,0.0,249165.1,2579616.2,36,34
1156,23.319071,121.042645,3.0,True,高雄市,0.0,254361.3,2579616.2,36,35
1157,23.319066,120.941028,3.0,True,高雄市,0.0,243968.9,2579616.2,36,33
1158,23.319049,121.093453,3.0,True,花蓮縣,0.0,259557.4,2579616.2,36,36
1159,23.319038,120.89022,3.0,True,高雄市,0.0,238772.8,2579616.2,36,32
1160,23.319011,121.144261,3.0,True,花蓮縣,0.0,264753.6,2579616.2,36,37
1161,23.318995,120.839412,3.0,True,高雄市,0.0,233576.6,2579616.2,36,31
1162,23.318956,121.195069,3.0,True,花蓮縣,0.0,269949.7,2579616.2,36,38
1163,23.318934,120.788604,3.0,True,高雄市,0.0,228380.5,2579616.2,36,30
1164,23.318884,121.245877,3.0,True,花蓮縣,0.0,275145.9,2579616.2,36,39
1165,23.318858,120.737796,3.0,True,嘉義縣,0.0,223184.3,2579616.2,36,29
1166,23.318796,121.296685,3.0,True,花蓮縣,0.0,280342.0,2579616.2,36,40
1167,23.318764,120.686988,3.0,True,嘉義縣,0.0,217988.2,2579616.2,36,28
1168,23.318692,121.347492,3.0,True,花蓮縣,0.0,285538.2,2579616.2,36,41
1169,23.318655,120.636181,3.0,True,嘉義縣,0.0,212792.0,2579616.2,36,27
1170,23.318571,121.398299,3.0,True,台東縣,0.0,290734.3,2579616.2,36,42
1171,23.318528,120.585374,3.0,True,嘉義縣,0.0,207595.9,2579616.2,36,26
1172,23.318433,121.449106,3.0,True,台東縣,0.0,295930.5,2579616.2,36,43
1173,23.318386,120.534567,3.0,True,嘉義縣,0.0,202399.7,2579616.2,36,25
1174,23.318227,120.483761,3.0,True,台南市,0.0,197203.6,2579616.2,36,24
1175,23.318051,120.432956,3.0,True,台南市,0.0,192007.4,2579616.2,36,23
1176,23.317859,120.382151,3.0,True,台南市,0.0,186811.3,2579616.2,36,22
1177,23.317651,120.331346,3.0,True,台南市,0.0,181615.1,2579616.2,36,21
1178,23.317426,120.280542,3.0,True,台南市,0.0,176419.0,2579616.2,36,20
1179,23.317184,120.229739,3.0,True,嘉義縣,0.0,171222.8,2579616.2,36,19
1180,23.316926,120.178936,3.0,True,嘉義縣,0.0,166026.7,2579616.2,36,18
1181,23.316652,120.128134,3.0,True,台南市,0.0,160830.5,2579616.2,36,17
1182,23.310561,119.366228,3.0,False,沿海緩衝區(澎湖縣外海),2457.6,82888.2,2579616.2,36,2
1183,23.310024,119.315444,3.0,False,沿海緩衝區(澎湖縣外海),1580.0,77692.1,2579616.2,36,1
1184,23.278439,121.017235,3.0,True,台東縣,0.0,251763.2,2575116.2,35,34
1185,23.278437,120.966442,3.0,True,高雄市,0.0,246567.0,2575116.2,35,33
1186,23.278425,121.068028,3.0,True,花蓮縣,0.0,256959.3,2575116.2,35,35
1187,23.278417,120.915649,3.0,True,高雄市,0.0,241370.9,2575116.2,35,32
1188,23.278395,121.118821,3.0,True,花蓮縣,0.0,262155.5,2575116.2,35,36
1189,23.278382,120.864857,3.0,True,高雄市,0.0,236174.7,2575116.2,35,31
1190,23.278348,121.169614,3.0,True,花蓮縣,0.0,267351.6,2575116.2,35,37
1191,23.27833,120.814064,3.0,True,高雄市,0.0,230978.6,2575116.2,35,30
1192,23.278285,121.220406,3.0,True,花蓮縣,0.0,272547.8,2575116.2,35,38
1193,23.278262,120.763272,3.0,True,高雄市,0.0,225782.4,2575116.2,35,29
1194,23.278206,121.271198,3.0,True,花蓮縣,0.0,277743.9,2575116.2,35,39
1195,23.278177,120.712479,3.0,True,高雄市,0.0,220586.3,2575116.2,35,28
1196,23.27811,121.32199,3.0,True,花蓮縣,0.0,282940.1,2575116.2,35,40
1197,23.278075,120.661687,3.0,True,高雄市,0.0,215390.1,2575116.2,35,27
1198,23.277997,121.372782,3.0,True,花蓮縣,0.0,288136.2,2575116.2,35,41
1199,23.277958,120.610896,3.0,True,嘉義縣,0.0,210194.0,2575116.2,35,26
1200,23.277868,121.423574,3.0,True,台東縣,0.0,293332.4,2575116.2,35,42
1201,23.277824,120.560104,3.0,True,嘉義縣,0.0,204997.8,2575116.2,35,25
1202,23.277673,120.509313,3.0,True,台南市,0.0,199801.7,2575116.2,35,24
1203,23.277506,120.458523,3.0,True,台南市,0.0,194605.5,2575116.2,35,23
1204,23.277323,120.407733,3.0,True,台南市,0.0,189409.3,2575116.2,35,22
1205,23.277123,120.356943,3.0,True,台南市,0.0,184213.2,2575116.2,35,21
1206,23.276906,120.306155,3.0,True,台南市,0.0,179017.0,2575116.2,35,20
1207,23.276674,120.255366,3.0,True,台南市,0.0,173820.9,2575116.2,35,19
1208,23.276424,120.204579,3.0,True,台南市,0.0,168624.7,2575116.2,35,18
1209,23.276159,120.153792,3.0,True,台南市,0.0,163428.6,2575116.2,35,17
1210,23.275877,120.103006,3.0,True,台南市,0.0,158232.4,2575116.2,35,16
1211,23.273029,119.696751,3.0,False,沿海緩衝區(澎湖縣外海),2085.2,116663.2,2575116.2,35,8
1212,23.272599,119.645974,3.0,False,沿海緩衝區(澎湖縣外海),1564.2,111467.1,2575116.2,35,7
1213,23.27169,119.544424,3.0,False,沿海緩衝區(澎湖縣外海),2450.1,101074.8,2575116.2,35,5
1214,23.271211,119.49365,3.0,False,沿海緩衝區(澎湖縣外海),924.3,95878.6,2575116.2,35,4
1215,23.237803,120.991841,3.0,True,台東縣,0.0,249165.1,2570616.2,34,34
1216,23.237797,121.042619,3.0,True,台東縣,0.0,254361.3,2570616.2,34,35
1217,23.237792,120.941064,3.0,True,台東縣,0.0,243968.9,2570616.2,34,33
1218,23.237775,121.093396,3.0,True,花蓮縣,0.0,259557.4,2570616.2,34,36
1219,23.237765,120.890286,3.0,True,高雄市,0.0,238772.8,2570616.2,34,32
1220,23.237737,121.144173,3.0,True,花蓮縣,0.0,264753.6,2570616.2,34,37
1221,23.237721,120.839509,3.0,True,高雄市,0.0,233576.6,2570616.2,34,31
1222,23.237682,121.194951,3.0,True,花蓮縣,0.0,269949.7,2570616.2,34,38
1223,23.237661,120.788732,3.0,True,高雄市,0.0,228380.5,2570616.2,34,30
1224,23.237611,121.245728,3.0,True,花蓮縣,0.0,275145.9,2570616.2,34,39
1225,23.237585,120.737955,3.0,True,高雄市,0.0,223184.3,2570616.2,34,29
1226,23.237523,121.296505,3.0,True,花蓮縣,0.0,280342.0,2570616.2,34,40
1227,23.237492,120.687178,3.0,True,高雄市,0.0,217988.2,2570616.2,34,28
1228,23.237419,121.347281,3.0,True,花蓮縣,0.0,285538.2,2570616.2,34,41
1229,23.237382,120.636402,3.0,True,嘉義縣,0.0,212792.0,2570616.2,34,27
1230,23.237299,121.398057,3.0,True,台東縣,0.0,290734.3,2570616.2,34,42
1231,23.237257,120.585626,3.0,True,嘉義縣,0.0,207595.9,2570616.2,34,26
1232,23.237115,120.53485,3.0,True,嘉義縣,0.0,202399.7,2570616.2,34,25
1233,23.236956,120.484075,3.0,True,台南市,0.0,197203.6,2570616.2,34,24
1234,23.236781,120.4333,3.0,True,台南市,0.0,192007.4,2570616.2,34,23
1235,23.23659,120.382525,3.0,True,台南市,0.0,186811.3,2570616.2,34,22
1236,23.236382,120.331752,3.0,True,台南市,0.0,181615.1,2570616.2,34,21
1237,23.236158,120.280978,3.0,True,台南市,0.0,176419.0,2570616.2,34,20
1238,23.235918,120.230206,3.0,True,台南市,0.0,171222.8,2570616.2,34,19
1239,23.235661,120.179434,3.0,True,台南市,0.0,166026.7,2570616.2,34,18
1240,23.235387,120.128663,3.0,True,台南市,0.0,160830.5,2570616.2,34,17
1241,23.235098,120.077893,3.0,False,沿海緩衝區(台南市外海),329.3,155634.4,2570616.2,34,16
1242,23.23219,119.671765,3.0,False,沿海緩衝區(澎湖縣外海),1300.5,114065.1,2570616.2,34,8
1243,23.231753,119.621004,3.0,False,沿海緩衝區(澎湖縣外海),1391.2,108869.0,2570616.2,34,7
1244,23.231299,119.570244,3.0,False,沿海緩衝區(澎湖縣外海),2284.6,103672.8,2570616.2,34,6
1245,23.230829,119.519485,3.0,False,沿海緩衝區(澎湖縣外海),323.4,98476.7,2570616.2,34,5
1246,23.230343,119.468728,3.0,False,沿海緩衝區(澎湖縣外海),2409.5,93280.5,2570616.2,34,4
1247,23.22984,119.417973,3.0,False,沿海緩衝區(澎湖縣外海),1285.0,88084.4,2570616.2,34,3
1248,23.197165,121.017225,3.0,True,台東縣,0.0,251763.2,2566116.2,33,34
1249,23.197162,120.966463,3.0,True,台東縣,0.0,246567.0,2566116.2,33,33
1250,23.197151,121.067987,3.0,True,台東縣,0.0,256959.3,2566116.2,33,35
1251,23.197143,120.915701,3.0,True,台東縣,0.0,241370.9,2566116.2,33,32
1252,23.197121,121.118749,3.0,True,台東縣,0.0,262155.5,2566116.2,33,36
1253,23.197108,120.864939,3.0,True,高雄市,0.0,236174.7,2566116.2,33,31
1254,23.197075,121.169511,3.0,True,台東縣,0.0,267351.6,2566116.2,33,37
1255,23.197056,120.814177,3.0,True,高雄市,0.0,230978.6,2566116.2,33,30
1256,23.197012,121.220273,3.0,True,花蓮縣,0.0,272547.8,2566116.2,33,38
1257,23.196988,120.763415,3.0,True,高雄市,0.0,225782.4,2566116.2,33,29
1258,23.196933,121.271034,3.0,True,花蓮縣,0.0,277743.9,2566116.2,33,39
1259,23.196904,120.712653,3.0,True,高雄市,0.0,220586.3,2566116.2,33,28
1260,23.196837,121.321796,3.0,True,花蓮縣,0.0,282940.1,2566116.2,33,40
1261,23.196803,120.661892,3.0,True,高雄市,0.0,215390.1,2566116.2,33,27
1262,23.196725,121.372557,3.0,True,台東縣,0.0,288136.2,2566116.2,33,41
1263,23.196685,120.611131,3.0,True,台南市,0.0,210194.0,2566116.2,33,26
1264,23.196597,121.423317,3.0,False,沿海緩衝區(台東縣外海),2295.9,293332.4,2566116.2,33,42
1265,23.196552,120.560371,3.0,True,台南市,0.0,204997.8,2566116.2,33,25
1266,23.196402,120.50961,3.0,True,台南市,0.0,199801.7,2566116.2,33,24
1267,23.196235,120.458851,3.0,True,台南市,0.0,194605.5,2566116.2,33,23
1268,23.196053,120.408092,3.0,True,台南市,0.0,189409.3,2566116.2,33,22
1269,23.195854,120.357333,3.0,True,台南市,0.0,184213.2,2566116.2,33,21
1270,23.195638,120.306575,3.0,True,台南市,0.0,179017.0,2566116.2,33,20
1271,23.195406,120.255817,3.0,True,台南市,0.0,173820.9,2566116.2,33,19
1272,23.195158,120.20506,3.0,True,台南市,0.0,168624.7,2566116.2,33,18
1273,23.194893,120.154304,3.0,True,台南市,0.0,163428.6,2566116.2,33,17
1274,23.194612,120.103549,3.0,True,台南市,0.0,158232.4,2566116.2,33,16
1275,23.194315,120.052794,3.0,False,沿海緩衝區(台南市外海),1715.6,153036.3,2566116.2,33,15
1276,23.189471,119.443821,3.0,False,沿海緩衝區(澎湖縣外海),1207.9,90682.4,2566116.2,33,3
1277,23.188961,119.393081,3.0,False,沿海緩衝區(澎湖縣外海),2395.7,85486.3,2566116.2,33,2
1278,23.156528,120.991846,3.0,True,台東縣,0.0,249165.1,2561616.2,32,34
1279,23.156523,121.042593,3.0,True,台東縣,0.0,254361.3,2561616.2,32,35
1280,23.156518,120.941099,3.0,True,台東縣,0.0,243968.9,2561616.2,32,33
1281,23.156501,121.09334,3.0,True,台東縣,0.0,259557.4,2561616.2,32,36
1282,23.15649,120.890353,3.0,True,台東縣,0.0,238772.8,2561616.2,32,32
1283,23.156463,121.144086,3.0,True,台東縣,0.0,264753.6,2561616.2,32,37
1284,23.156447,120.839606,3.0,True,高雄市,0.0,233576.6,2561616.2,32,31
1285,23.156408,121.194833,3.0,True,台東縣,0.0,269949.7,2561616.2,32,38
1286,23.156387,120.78886,3.0,True,高雄市,0.0,228380.5,2561616.2,32,30
1287,23.156337,121.245579,3.0,True,花蓮縣,0.0,275145.9,2561616.2,32,39
1288,23.156311,120.738113,3.0,True,高雄市,0.0,223184.3,2561616.2,32,29
1289,23.15625,121.296325,3.0,True,花蓮縣,0.0,280342.0,2561616.2,32,40
1290,23.156218,120.687367,3.0,True,高雄市,0.0,217988.2,2561616.2,32,28
1291,23.156146,121.347071,3.0,True,台東縣,0.0,285538.2,2561616.2,32,41
1292,23.15611,120.636621,3.0,True,高雄市,0.0,212792.0,2561616.2,32,27
1293,23.156026,121.397817,3.0,True,台東縣,0.0,290734.3,2561616.2,32,42
1294,23.155984,120.585876,3.0,True,台南市,0.0,207595.9,2561616.2,32,26
1295,23.155843,120.535131,3.0,True,台南市,0.0,202399.7,2561616.2,32,25
1296,23.155685,120.484386,3.0,True,台南市,0.0,197203.6,2561616.2,32,24
1297,23.155511,120.433642,3.0,True,台南市,0.0,192007.4,2561616.2,32,23
1298,23.15532,120.382898,3.0,True,台南市,0.0,186811.3,2561616.2,32,22
1299,23.155113,120.332155,3.0,True,台南市,0.0,181615.1,2561616.2,32,21
1300,23.15489,120.281413,3.0,True,台南市,0.0,176419.0,2561616.2,32,20
1301,23.15465,120.230671,3.0,True,台南市,0.0,171222.8,2561616.2,32,19
1302,23.154395,120.17993,3.0,True,台南市,0.0,166026.7,2561616.2,32,18
1303,23.154122,120.129189,3.0,True,台南市,0.0,160830.5,2561616.2,32,17
1304,23.153834,120.07845,3.0,True,台南市,0.0,155634.4,2561616.2,32,16
1305,23.11589,121.017214,3.0,True,台東縣,0.0,251763.2,2557116.2,31,34
1306,23.115887,120.966483,3.0,True,台東縣,0.0,246567.0,2557116.2,31,33
1307,23.115876,121.067946,3.0,True,台東縣,0.0,256959.3,2557116.2,31,35
1308,23.115868,120.915751,3.0,True,台東縣,0.0,241370.9,2557116.2,31,32
1309,23.115846,121.118677,3.0,True,台東縣,0.0,262155.5,2557116.2,31,36
1310,23.115833,120.86502,3.0,True,高雄市,0.0,236174.7,2557116.2,31,31
1311,23.1158,121.169409,3.0,True,台東縣,0.0,267351.6,2557116.2,31,37
1312,23.115782,120.814289,3.0,True,高雄市,0.0,230978.6,2557116.2,31,30
1313,23.115737,121.22014,3.0,True,台東縣,0.0,272547.8,2557116.2,31,38
1314,23.115714,120.763558,3.0,True,高雄市,0.0,225782.4,2557116.2,31,29
1315,23.115658,121.270871,3.0,True,花蓮縣,0.0,277743.9,2557116.2,31,39
1316,23.11563,120.712827,3.0,True,高雄市,0.0,220586.3,2557116.2,31,28
1317,23.115563,121.321601,3.0,True,台東縣,0.0,282940.1,2557116.2,31,40
1318,23.115529,120.662096,3.0,True,高雄市,0.0,215390.1,2557116.2,31,27
1319,23.115452,121.372332,3.0,True,台東縣,0.0,288136.2,2557116.2,31,41
1320,23.115412,120.611366,3.0,True,高雄市,0.0,210194.0,2557116.2,31,26
1321,23.115324,121.423062,3.0,False,沿海緩衝區(台東縣外海),925.3,293332.4,2557116.2,31,42
1322,23.115279,120.560636,3.0,True,台南市,0.0,204997.8,2557116.2,31,25
1323,23.11513,120.509906,3.0,True,台南市,0.0,199801.7,2557116.2,31,24
1324,23.114964,120.459177,3.0,True,台南市,0.0,194605.5,2557116.2,31,23
1325,23.114782,120.408448,3.0,True,台南市,0.0,189409.3,2557116.2,31,22
1326,23.114584,120.35772,3.0,True,台南市,0.0,184213.2,2557116.2,31,21
1327,23.114369,120.306993,3.0,True,台南市,0.0,179017.0,2557116.2,31,20
1328,23.114138,120.256266,3.0,True,台南市,0.0,173820.9,2557116.2,31,19
1329,23.113891,120.20554,3.0,True,台南市,0.0,168624.7,2557116.2,31,18
1330,23.113627,120.154814,3.0,True,台南市,0.0,163428.6,2557116.2,31,17
1331,23.113347,120.10409,3.0,True,台南市,0.0,158232.4,2557116.2,31,16
1332,23.113051,120.053366,3.0,True,台南市,0.0,153036.3,2557116.2,31,15
1333,23.075253,120.991851,3.0,True,台東縣,0.0,249165.1,2552616.2,30,34
1334,23.075247,121.042567,3.0,True,台東縣,0.0,254361.3,2552616.2,30,35
1335,23.075242,120.941135,3.0,True,台東縣,0.0,243968.9,2552616.2,30,33
1336,23.075226,121.093284,3.0,True,台東縣,0.0,259557.4,2552616.2,30,36
1337,23.075215,120.890419,3.0,True,台東縣,0.0,238772.8,2552616.2,30,32
1338,23.075187,121.144,3.0,True,台東縣,0.0,264753.6,2552616.2,30,37
1339,23.075172,120.839703,3.0,True,高雄市,0.0,233576.6,2552616.2,30,31
1340,23.075133,121.194716,3.0,True,台東縣,0.0,269949.7,2552616.2,30,38
1341,23.075112,120.788987,3.0,True,高雄市,0.0,228380.5,2552616.2,30,30
1342,23.075062,121.245431,3.0,True,台東縣,0.0,275145.9,2552616.2,30,39
1343,23.075036,120.738271,3.0,True,高雄市,0.0,223184.3,2552616.2,30,29
1344,23.074976,121.296147,3.0,True,台東縣,0.0,280342.0,2552616.2,30,40
1345,23.074944,120.687555,3.0,True,高雄市,0.0,217988.2,2552616.2,30,28
1346,23.074872,121.346862,3.0,True,台東縣,0.0,285538.2,2552616.2,30,41
1347,23.074836,120.63684,3.0,True,高雄市,0.0,212792.0,2552616.2,30,27
1348,23.074753,121.397577,3.0,False,沿海緩衝區(台東縣外海),2321.0,290734.3,2552616.2,30,42
1349,23.074711,120.586125,3.0,True,高雄市,0.0,207595.9,2552616.2,30,26
1350,23.07457,120.535411,3.0,True,台南市,0.0,202399.7,2552616.2,30,25
1351,23.074413,120.484697,3.0,True,台南市,0.0,197203.6,2552616.2,30,24
1352,23.074239,120.433983,3.0,True,台南市,0.0,192007.4,2552616.2,30,23
1353,23.074049,120.38327,3.0,True,台南市,0.0,186811.3,2552616.2,30,22
1354,23.073843,120.332557,3.0,True,台南市,0.0,181615.1,2552616.2,30,21
1355,23.073621,120.281845,3.0,True,台南市,0.0,176419.0,2552616.2,30,20
1356,23.073382,120.231134,3.0,True,台南市,0.0,171222.8,2552616.2,30,19
1357,23.073127,120.180423,3.0,True,台南市,0.0,166026.7,2552616.2,30,18
1358,23.072856,120.129714,3.0,True,台南市,0.0,160830.5,2552616.2,30,17
1359,23.072569,120.079004,3.0,True,台南市,0.0,155634.4,2552616.2,30,16
1360,23.072265,120.028296,3.0,False,沿海緩衝區(台南市外海),350.1,150438.2,2552616.2,30,15
1361,23.034614,121.017204,3.0,True,台東縣,0.0,251763.2,2548116.2,29,34
1362,23.034612,120.966503,3.0,True,台東縣,0.0,246567.0,2548116.2,29,33
1363,23.0346,121.067905,3.0,True,台東縣,0.0,256959.3,2548116.2,29,35
1364,23.034593,120.915802,3.0,True,台東縣,0.0,241370.9,2548116.2,29,32
1365,23.034571,121.118606,3.0,True,台東縣,0.0,262155.5,2548116.2,29,36
1366,23.034558,120.865101,3.0,True,高雄市,0.0,236174.7,2548116.2,29,31
1367,23.034524,121.169307,3.0,True,台東縣,0.0,267351.6,2548116.2,29,37
1368,23.034506,120.8144,3.0,True,高雄市,0.0,230978.6,2548116.2,29,30
1369,23.034462,121.220008,3.0,True,台東縣,0.0,272547.8,2548116.2,29,38
1370,23.034439,120.7637,3.0,True,高雄市,0.0,225782.4,2548116.2,29,29
1371,23.034383,121.270708,3.0,True,台東縣,0.0,277743.9,2548116.2,29,39
1372,23.034355,120.712999,3.0,True,高雄市,0.0,220586.3,2548116.2,29,28
1373,23.034289,121.321408,3.0,True,台東縣,0.0,282940.1,2548116.2,29,40
1374,23.034255,120.662299,3.0,True,高雄市,0.0,215390.1,2548116.2,29,27
1375,23.034138,120.611599,3.0,True,高雄市,0.0,210194.0,2548116.2,29,26
1376,23.034006,120.5609,3.0,True,高雄市,0.0,204997.8,2548116.2,29,25
1377,23.033857,120.510201,3.0,True,高雄市,0.0,199801.7,2548116.2,29,24
1378,23.033692,120.459502,3.0,True,台南市,0.0,194605.5,2548116.2,29,23
1379,23.03351,120.408804,3.0,True,台南市,0.0,189409.3,2548116.2,29,22
1380,23.033313,120.358106,3.0,True,台南市,0.0,184213.2,2548116.2,29,21
1381,23.033099,120.307409,3.0,True,台南市,0.0,179017.0,2548116.2,29,20
1382,23.032869,120.256713,3.0,True,台南市,0.0,173820.9,2548116.2,29,19
1383,23.032623,120.206017,3.0,True,台南市,0.0,168624.7,2548116.2,29,18
1384,23.03236,120.155322,3.0,True,台南市,0.0,163428.6,2548116.2,29,17
1385,23.032081,120.104628,3.0,True,台南市,0.0,158232.4,2548116.2,29,16
1386,23.031786,120.053934,3.0,False,沿海緩衝區(台南市外海),1500.6,153036.3,2548116.2,29,15
1387,22.993977,120.991856,3.0,True,台東縣,0.0,249165.1,2543616.2,28,34
1388,22.993971,121.042542,3.0,True,台東縣,0.0,254361.3,2543616.2,28,35
1389,22.993966,120.94117,3.0,True,台東縣,0.0,243968.9,2543616.2,28,33
1390,22.993949,121.093228,3.0,True,台東縣,0.0,259557.4,2543616.2,28,36
1391,22.993939,120.890484,3.0,True,台東縣,0.0,238772.8,2543616.2,28,32
1392,22.993911,121.143913,3.0,True,台東縣,0.0,264753.6,2543616.2,28,37
1393,22.993896,120.839799,3.0,True,高雄市,0.0,233576.6,2543616.2,28,31
1394,22.993857,121.194599,3.0,True,台東縣,0.0,269949.7,2543616.2,28,38
1395,22.993836,120.789113,3.0,True,高雄市,0.0,228380.5,2543616.2,28,30
1396,22.993787,121.245284,3.0,True,台東縣,0.0,275145.9,2543616.2,28,39
1397,22.993761,120.738428,3.0,True,高雄市,0.0,223184.3,2543616.2,28,29
1398,22.9937,121.29597,3.0,True,台東縣,0.0,280342.0,2543616.2,28,40
1399,22.993669,120.687743,3.0,True,高雄市,0.0,217988.2,2543616.2,28,28
1400,22.993598,121.346654,3.0,False,沿海緩衝區(台東縣外海),2458.4,285538.2,2543616.2,28,41
1401,22.993561,120.637058,3.0,True,高雄市,0.0,212792.0,2543616.2,28,27
1402,22.993437,120.586373,3.0,True,高雄市,0.0,207595.9,2543616.2,28,26
1403,22.993296,120.535689,3.0,True,高雄市,0.0,202399.7,2543616.2,28,25
1404,22.99314,120.485006,3.0,True,高雄市,0.0,197203.6,2543616.2,28,24
1405,22.992967,120.434322,3.0,True,台南市,0.0,192007.4,2543616.2,28,23
1406,22.992778,120.38364,3.0,True,台南市,0.0,186811.3,2543616.2,28,22
1407,22.992573,120.332957,3.0,True,台南市,0.0,181615.1,2543616.2,28,21
1408,22.992351,120.282276,3.0,True,台南市,0.0,176419.0,2543616.2,28,20
1409,22.992113,120.231595,3.0,True,台南市,0.0,171222.8,2543616.2,28,19
1410,22.991859,120.180915,3.0,True,台南市,0.0,166026.7,2543616.2,28,18
1411,22.991589,120.130235,3.0,False,沿海緩衝區(台南市外海),986.8,160830.5,2543616.2,28,17
1412,22.953337,121.017194,3.0,True,台東縣,0.0,251763.2,2539116.2,27,34
1413,22.953335,120.966523,3.0,True,台東縣,0.0,246567.0,2539116.2,27,33
1414,22.953324,121.067864,3.0,True,台東縣,0.0,256959.3,2539116.2,27,35
1415,22.953316,120.915852,3.0,True,台東縣,0.0,241370.9,2539116.2,27,32
1416,22.953294,121.118535,3.0,True,台東縣,0.0,262155.5,2539116.2,27,36
1417,22.953281,120.865182,3.0,True,台東縣,0.0,236174.7,2539116.2,27,31
1418,22.953248,121.169206,3.0,True,台東縣,0.0,267351.6,2539116.2,27,37
1419,22.95323,120.814511,3.0,True,高雄市,0.0,230978.6,2539116.2,27,30
1420,22.953186,121.219876,3.0,True,台東縣,0.0,272547.8,2539116.2,27,38
1421,22.953163,120.763841,3.0,True,高雄市,0.0,225782.4,2539116.2,27,29
1422,22.953108,121.270546,3.0,True,台東縣,0.0,277743.9,2539116.2,27,39
1423,22.953079,120.713171,3.0,True,高雄市,0.0,220586.3,2539116.2,27,28
1424,22.953013,121.321216,3.0,False,沿海緩衝區(台東縣外海),2245.3,282940.1,2539116.2,27,40
1425,22.952979,120.662501,3.0,True,高雄市,0.0,215390.1,2539116.2,27,27
1426,22.952863,120.611832,3.0,True,高雄市,0.0,210194.0,2539116.2,27,26
1427,22.952731,120.561162,3.0,True,高雄市,0.0,204997.8,2539116.2,27,25
1428,22.952583,120.510494,3.0,True,高雄市,0.0,199801.7,2539116.2,27,24
1429,22.952419,120.459825,3.0,True,高雄市,0.0,194605.5,2539116.2,27,23
1430,22.952238,120.409158,3.0,True,台南市,0.0,189409.3,2539116.2,27,22
1431,22.952041,120.35849,3.0,True,台南市,0.0,184213.2,2539116.2,27,21
1432,22.951828,120.307823,3.0,True,台南市,0.0,179017.0,2539116.2,27,20
1433,22.951599,120.257157,3.0,True,台南市,0.0,173820.9,2539116.2,27,19
1434,22.951354,120.206492,3.0,True,台南市,0.0,168624.7,2539116.2,27,18
1435,22.951092,120.155827,3.0,False,沿海緩衝區(台南市外海),1415.2,163428.6,2539116.2,27,17
1436,22.912699,120.991861,3.0,True,台東縣,0.0,249165.1,2534616.2,26,34
1437,22.912694,121.042516,3.0,True,台東縣,0.0,254361.3,2534616.2,26,35
1438,22.912689,120.941205,3.0,True,台東縣,0.0,243968.9,2534616.2,26,33
1439,22.912672,121.093172,3.0,True,台東縣,0.0,259557.4,2534616.2,26,36
1440,22.912662,120.89055,3.0,True,台東縣,0.0,238772.8,2534616.2,26,32
1441,22.912635,121.143827,3.0,True,台東縣,0.0,264753.6,2534616.2,26,37
1442,22.912619,120.839894,3.0,True,台東縣,0.0,233576.6,2534616.2,26,31
1443,22.912581,121.194483,3.0,True,台東縣,0.0,269949.7,2534616.2,26,38
1444,22.91256,120.789239,3.0,True,高雄市,0.0,228380.5,2534616.2,26,30
1445,22.912511,121.245138,3.0,True,台東縣,0.0,275145.9,2534616.2,26,39
1446,22.912485,120.738584,3.0,True,高雄市,0.0,223184.3,2534616.2,26,29
1447,22.912424,121.295793,3.0,False,沿海緩衝區(台東縣外海),2442.6,280342.0,2534616.2,26,40
1448,22.912393,120.687929,3.0,True,高雄市,0.0,217988.2,2534616.2,26,28
1449,22.912286,120.637275,3.0,True,高雄市,0.0,212792.0,2534616.2,26,27
1450,22.912162,120.58662,3.0,True,高雄市,0.0,207595.9,2534616.2,26,26
1451,22.912022,120.535966,3.0,True,高雄市,0.0,202399.7,2534616.2,26,25
1452,22.911866,120.485313,3.0,True,高雄市,0.0,197203.6,2534616.2,26,24
1453,22.911694,120.43466,3.0,True,高雄市,0.0,192007.4,2534616.2,26,23
1454,22.911505,120.384008,3.0,True,高雄市,0.0,186811.3,2534616.2,26,22
1455,22.911301,120.333356,3.0,True,台南市,0.0,181615.1,2534616.2,26,21
1456,22.91108,120.282704,3.0,True,台南市,0.0,176419.0,2534616.2,26,20
1457,22.910844,120.232054,3.0,True,台南市,0.0,171222.8,2534616.2,26,19
1458,22.910591,120.181404,3.0,True,高雄市,0.0,166026.7,2534616.2,26,18
1459,22.87206,121.017183,3.0,True,台東縣,0.0,251763.2,2530116.2,25,34
1460,22.872057,120.966543,3.0,True,台東縣,0.0,246567.0,2530116.2,25,33
1461,22.872046,121.067824,3.0,True,台東縣,0.0,256959.3,2530116.2,25,35
1462,22.872039,120.915903,3.0,True,台東縣,0.0,241370.9,2530116.2,25,32
1463,22.872017,121.118464,3.0,True,台東縣,0.0,262155.5,2530116.2,25,36
1464,22.872004,120.865262,3.0,True,台東縣,0.0,236174.7,2530116.2,25,31
1465,22.871971,121.169105,3.0,True,台東縣,0.0,267351.6,2530116.2,25,37
1466,22.871953,120.814622,3.0,True,高雄市,0.0,230978.6,2530116.2,25,30
1467,22.871909,121.219745,3.0,True,台東縣,0.0,272547.8,2530116.2,25,38
1468,22.871886,120.763982,3.0,True,高雄市,0.0,225782.4,2530116.2,25,29
1469,22.871831,121.270385,3.0,False,沿海緩衝區(台東縣外海),2537.6,277743.9,2530116.2,25,39
1470,22.871803,120.713342,3.0,True,屏東縣,0.0,220586.3,2530116.2,25,28
1471,22.871703,120.662702,3.0,True,高雄市,0.0,215390.1,2530116.2,25,27
1472,22.871588,120.612063,3.0,True,屏東縣,0.0,210194.0,2530116.2,25,26
1473,22.871456,120.561424,3.0,True,高雄市,0.0,204997.8,2530116.2,25,25
1474,22.871309,120.510785,3.0,True,高雄市,0.0,199801.7,2530116.2,25,24
1475,22.871145,120.460147,3.0,True,高雄市,0.0,194605.5,2530116.2,25,23
1476,22.870965,120.40951,3.0,True,高雄市,0.0,189409.3,2530116.2,25,22
1477,22.870769,120.358873,3.0,True,高雄市,0.0,184213.2,2530116.2,25,21
1478,22.870557,120.308236,3.0,True,高雄市,0.0,179017.0,2530116.2,25,20
1479,22.870329,120.2576,3.0,True,高雄市,0.0,173820.9,2530116.2,25,19
1480,22.870084,120.206965,3.0,True,高雄市,0.0,168624.7,2530116.2,25,18
1481,22.831422,120.991866,3.0,True,台東縣,0.0,249165.1,2525616.2,24,34
1482,22.831416,121.042491,3.0,True,台東縣,0.0,254361.3,2525616.2,24,35
1483,22.831411,120.94124,3.0,True,台東縣,0.0,243968.9,2525616.2,24,33
1484,22.831395,121.093117,3.0,True,台東縣,0.0,259557.4,2525616.2,24,36
1485,22.831384,120.890615,3.0,True,台東縣,0.0,238772.8,2525616.2,24,32
1486,22.831357,121.143742,3.0,True,台東縣,0.0,264753.6,2525616.2,24,37
1487,22.831341,120.83999,3.0,True,屏東縣,0.0,233576.6,2525616.2,24,31
1488,22.831303,121.194367,3.0,False,沿海緩衝區(台東縣外海),278.8,269949.7,2525616.2,24,38
1489,22.831283,120.789364,3.0,True,屏東縣,0.0,228380.5,2525616.2,24,30
1490,22.831208,120.738739,3.0,True,屏東縣,0.0,223184.3,2525616.2,24,29
1491,22.831116,120.688115,3.0,True,屏東縣,0.0,217988.2,2525616.2,24,28
1492,22.831009,120.63749,3.0,True,屏東縣,0.0,212792.0,2525616.2,24,27
1493,22.830886,120.586866,3.0,True,屏東縣,0.0,207595.9,2525616.2,24,26
1494,22.830747,120.536242,3.0,True,高雄市,0.0,202399.7,2525616.2,24,25
1495,22.830591,120.485619,3.0,True,屏東縣,0.0,197203.6,2525616.2,24,24
1496,22.83042,120.434996,3.0,True,高雄市,0.0,192007.4,2525616.2,24,23
1497,22.830232,120.384374,3.0,True,高雄市,0.0,186811.3,2525616.2,24,22
1498,22.830029,120.333752,3.0,True,高雄市,0.0,181615.1,2525616.2,24,21
1499,22.829809,120.283131,3.0,True,高雄市,0.0,176419.0,2525616.2,24,20
1500,22.829573,120.23251,3.0,True,高雄市,0.0,171222.8,2525616.2,24,19
1501,22.829321,120.181891,3.0,False,沿海緩衝區(高雄市外海),1596.3,166026.7,2525616.2,24,18
1502,22.790782,121.017173,3.0,True,台東縣,0.0,251763.2,2521116.2,23,34
1503,22.790779,120.966563,3.0,True,台東縣,0.0,246567.0,2521116.2,23,33
1504,22.790768,121.067784,3.0,True,台東縣,0.0,256959.3,2521116.2,23,35
1505,22.79076,120.915952,3.0,True,台東縣,0.0,241370.9,2521116.2,23,32
1506,22.790739,121.118394,3.0,True,台東縣,0.0,262155.5,2521116.2,23,36
1507,22.790726,120.865342,3.0,True,屏東縣,0.0,236174.7,2521116.2,23,31
1508,22.790693,121.169004,3.0,True,台東縣,0.0,267351.6,2521116.2,23,37
1509,22.790675,120.814732,3.0,True,屏東縣,0.0,230978.6,2521116.2,23,30
1510,22.790631,121.219614,3.0,False,沿海緩衝區(台東縣外海),1990.0,272547.8,2521116.2,23,38
1511,22.790608,120.764122,3.0,True,屏東縣,0.0,225782.4,2521116.2,23,29
1512,22.790525,120.713512,3.0,True,屏東縣,0.0,220586.3,2521116.2,23,28
1513,22.790426,120.662903,3.0,True,屏東縣,0.0,215390.1,2521116.2,23,27
1514,22.790311,120.612293,3.0,True,屏東縣,0.0,210194.0,2521116.2,23,26
1515,22.79018,120.561684,3.0,True,屏東縣,0.0,204997.8,2521116.2,23,25
1516,22.790033,120.511076,3.0,True,屏東縣,0.0,199801.7,2521116.2,23,24
1517,22.78987,120.460468,3.0,True,屏東縣,0.0,194605.5,2521116.2,23,23
1518,22.789691,120.40986,3.0,True,高雄市,0.0,189409.3,2521116.2,23,22
1519,22.789496,120.359253,3.0,True,高雄市,0.0,184213.2,2521116.2,23,21
1520,22.789284,120.308647,3.0,True,高雄市,0.0,179017.0,2521116.2,23,20
1521,22.789057,120.258041,3.0,True,高雄市,0.0,173820.9,2521116.2,23,19
1522,22.788814,120.207436,3.0,False,沿海緩衝區(高雄市外海),1358.3,168624.7,2521116.2,23,18
1523,22.750143,120.99187,3.0,True,台東縣,0.0,249165.1,2516616.2,22,34
1524,22.750137,121.042466,3.0,True,台東縣,0.0,254361.3,2516616.2,22,35
1525,22.750132,120.941275,3.0,True,台東縣,0.0,243968.9,2516616.2,22,33
1526,22.750116,121.093061,3.0,True,台東縣,0.0,259557.4,2516616.2,22,36
1527,22.750106,120.89068,3.0,True,屏東縣,0.0,238772.8,2516616.2,22,32
1528,22.750078,121.143657,3.0,True,台東縣,0.0,264753.6,2516616.2,22,37
1529,22.750063,120.840084,3.0,True,屏東縣,0.0,233576.6,2516616.2,22,31
1530,22.750025,121.194252,3.0,False,沿海緩衝區(台東縣外海),2129.1,269949.7,2516616.2,22,38
1531,22.750004,120.789489,3.0,True,屏東縣,0.0,228380.5,2516616.2,22,30
1532,22.74993,120.738894,3.0,True,屏東縣,0.0,223184.3,2516616.2,22,29
1533,22.749839,120.6883,3.0,True,屏東縣,0.0,217988.2,2516616.2,22,28
1534,22.749732,120.637705,3.0,True,屏東縣,0.0,212792.0,2516616.2,22,27
1535,22.749609,120.587111,3.0,True,屏東縣,0.0,207595.9,2516616.2,22,26
1536,22.749471,120.536517,3.0,True,屏東縣,0.0,202399.7,2516616.2,22,25
1537,22.749316,120.485924,3.0,True,屏東縣,0.0,197203.6,2516616.2,22,24
1538,22.749145,120.435331,3.0,True,高雄市,0.0,192007.4,2516616.2,22,23
1539,22.748958,120.384739,3.0,True,高雄市,0.0,186811.3,2516616.2,22,22
1540,22.748755,120.334147,3.0,True,高雄市,0.0,181615.1,2516616.2,22,21
1541,22.748536,120.283556,3.0,True,高雄市,0.0,176419.0,2516616.2,22,20
1542,22.748301,120.232965,3.0,False,沿海緩衝區(高雄市外海),672.5,171222.8,2516616.2,22,19
1543,22.709502,121.017163,3.0,True,台東縣,0.0,251763.2,2512116.2,21,34
1544,22.7095,120.966583,3.0,True,台東縣,0.0,246567.0,2512116.2,21,33
1545,22.709489,121.067744,3.0,True,台東縣,0.0,256959.3,2512116.2,21,35
1546,22.709481,120.916002,3.0,True,台東縣,0.0,241370.9,2512116.2,21,32
1547,22.70946,121.118324,3.0,False,沿海緩衝區(台東縣外海),488.2,262155.5,2512116.2,21,36
1548,22.709447,120.865422,3.0,True,台東縣,0.0,236174.7,2512116.2,21,31
1549,22.709396,120.814841,3.0,True,屏東縣,0.0,230978.6,2512116.2,21,30
1550,22.70933,120.764261,3.0,True,屏東縣,0.0,225782.4,2512116.2,21,29
1551,22.709247,120.713681,3.0,True,屏東縣,0.0,220586.3,2512116.2,21,28
1552,22.709149,120.663102,3.0,True,屏東縣,0.0,215390.1,2512116.2,21,27
1553,22.709034,120.612522,3.0,True,屏東縣,0.0,210194.0,2512116.2,21,26
1554,22.708904,120.561944,3.0,True,屏東縣,0.0,204997.8,2512116.2,21,25
1555,22.708757,120.511365,3.0,True,屏東縣,0.0,199801.7,2512116.2,21,24
1556,22.708648,121.52296,3.0,False,沿海緩衝區(台東縣外海),2521.3,303724.7,2512116.2,21,44
1557,22.708595,120.460787,3.0,True,屏東縣,0.0,194605.5,2512116.2,21,23
1558,22.708416,120.410209,3.0,True,高雄市,0.0,189409.3,2512116.2,21,22
1559,22.708222,120.359632,3.0,True,高雄市,0.0,184213.2,2512116.2,21,21
1560,22.708011,120.309055,3.0,True,高雄市,0.0,179017.0,2512116.2,21,20
1561,22.707785,120.258479,3.0,False,沿海緩衝區(高雄市外海),50.9,173820.9,2512116.2,21,19
1562,22.668863,120.991875,3.0,True,台東縣,0.0,249165.1,2507616.2,20,34
1563,22.668858,121.042441,3.0,False,沿海緩衝區(台東縣外海),294.4,254361.3,2507616.2,20,35
1564,22.668853,120.94131,3.0,True,台東縣,0.0,243968.9,2507616.2,20,33
1565,22.668826,120.890744,3.0,True,台東縣,0.0,238772.8,2507616.2,20,32
1566,22.668784,120.840179,3.0,True,台東縣,0.0,233576.6,2507616.2,20,31
1567,22.668725,120.789613,3.0,True,台東縣,0.0,228380.5,2507616.2,20,30
1568,22.668651,120.739048,3.0,True,屏東縣,0.0,223184.3,2507616.2,20,29
1569,22.66856,120.688483,3.0,True,屏東縣,0.0,217988.2,2507616.2,20,28
1570,22.668454,120.637919,3.0,True,屏東縣,0.0,212792.0,2507616.2,20,27
1571,22.668332,120.587355,3.0,True,屏東縣,0.0,207595.9,2507616.2,20,26
1572,22.66824,121.44696,3.0,False,沿海緩衝區(台東縣外海),1738.6,295930.5,2507616.2,20,43
1573,22.668194,120.536791,3.0,True,屏東縣,0.0,202399.7,2507616.2,20,25
1574,22.668091,121.497524,3.0,True,台東縣,0.0,301126.6,2507616.2,20,44
1575,22.668039,120.486227,3.0,True,屏東縣,0.0,197203.6,2507616.2,20,24
1576,22.667869,120.435664,3.0,True,高雄市,0.0,192007.4,2507616.2,20,23
1577,22.667683,120.385102,3.0,True,高雄市,0.0,186811.3,2507616.2,20,22
1578,22.667481,120.33454,3.0,True,高雄市,0.0,181615.1,2507616.2,20,21
1579,22.667263,120.283978,3.0,True,高雄市,0.0,176419.0,2507616.2,20,20
1580,22.667029,120.233418,3.0,False,沿海緩衝區(高雄市外海),1967.8,171222.8,2507616.2,20,19
1581,22.628222,121.017153,3.0,False,沿海緩衝區(台東縣外海),199.2,251763.2,2503116.2,19,34
1582,22.62822,120.966602,3.0,True,台東縣,0.0,246567.0,2503116.2,19,33
1583,22.628201,120.916052,3.0,True,台東縣,0.0,241370.9,2503116.2,19,32
1584,22.628167,120.865501,3.0,True,台東縣,0.0,236174.7,2503116.2,19,31
1585,22.628117,120.814951,3.0,True,台東縣,0.0,230978.6,2503116.2,19,30
1586,22.62805,120.7644,3.0,True,台東縣,0.0,225782.4,2503116.2,19,29
1587,22.627968,120.71385,3.0,True,屏東縣,0.0,220586.3,2503116.2,19,28
1588,22.62787,120.6633,3.0,True,屏東縣,0.0,215390.1,2503116.2,19,27
1589,22.627756,120.612751,3.0,True,屏東縣,0.0,210194.0,2503116.2,19,26
1590,22.627626,120.562201,3.0,True,屏東縣,0.0,204997.8,2503116.2,19,25
1591,22.627529,121.472103,3.0,False,沿海緩衝區(台東縣外海),1981.7,298528.5,2503116.2,19,43
1592,22.62748,120.511653,3.0,True,屏東縣,0.0,199801.7,2503116.2,19,24
1593,22.627372,121.522652,3.0,False,沿海緩衝區(台東縣外海),1529.0,303724.7,2503116.2,19,44
1594,22.627318,120.461104,3.0,True,屏東縣,0.0,194605.5,2503116.2,19,23
1595,22.62714,120.410556,3.0,True,高雄市,0.0,189409.3,2503116.2,19,22
1596,22.626947,120.360009,3.0,True,高雄市,0.0,184213.2,2503116.2,19,21
1597,22.626737,120.309462,3.0,True,高雄市,0.0,179017.0,2503116.2,19,20
1598,22.626511,120.258916,3.0,False,沿海緩衝區(高雄市外海),413.2,173820.9,2503116.2,19,19
1599,22.587583,120.99188,3.0,True,台東縣,0.0,249165.1,2498616.2,18,34
1600,22.587572,120.941344,3.0,True,台東縣,0.0,243968.9,2498616.2,18,33
1601,22.587546,120.890808,3.0,True,台東縣,0.0,238772.8,2498616.2,18,32
1602,22.587504,120.840273,3.0,True,台東縣,0.0,233576.6,2498616.2,18,31
1603,22.587445,120.789737,3.0,True,台東縣,0.0,228380.5,2498616.2,18,30
1604,22.587371,120.739202,3.0,True,屏東縣,0.0,223184.3,2498616.2,18,29
1605,22.587281,120.688667,3.0,True,屏東縣,0.0,217988.2,2498616.2,18,28
1606,22.587175,120.638132,3.0,True,屏東縣,0.0,212792.0,2498616.2,18,27
1607,22.587054,120.587597,3.0,True,屏東縣,0.0,207595.9,2498616.2,18,26
1608,22.586916,120.537063,3.0,True,屏東縣,0.0,202399.7,2498616.2,18,25
1609,22.586762,120.486529,3.0,True,屏東縣,0.0,197203.6,2498616.2,18,24
1610,22.586593,120.435996,3.0,True,高雄市,0.0,192007.4,2498616.2,18,23
1611,22.586408,120.385463,3.0,True,高雄市,0.0,186811.3,2498616.2,18,22
1612,22.586206,120.334931,3.0,True,高雄市,0.0,181615.1,2498616.2,18,21
1613,22.585989,120.284399,3.0,False,沿海緩衝區(高雄市外海),42.4,176419.0,2498616.2,18,20
1614,22.546939,120.966622,3.0,True,台東縣,0.0,246567.0,2494116.2,17,33
1615,22.546921,120.916101,3.0,True,台東縣,0.0,241370.9,2494116.2,17,32
1616,22.546886,120.86558,3.0,True,台東縣,0.0,236174.7,2494116.2,17,31
1617,22.546836,120.815059,3.0,True,台東縣,0.0,230978.6,2494116.2,17,30
1618,22.54677,120.764538,3.0,True,台東縣,0.0,225782.4,2494116.2,17,29
1619,22.546688,120.714018,3.0,True,屏東縣,0.0,220586.3,2494116.2,17,28
1620,22.546591,120.663498,3.0,True,屏東縣,0.0,215390.1,2494116.2,17,27
1621,22.546477,120.612978,3.0,True,屏東縣,0.0,210194.0,2494116.2,17,26
1622,22.546347,120.562458,3.0,True,屏東縣,0.0,204997.8,2494116.2,17,25
1623,22.546202,120.511939,3.0,True,屏東縣,0.0,199801.7,2494116.2,17,24
1624,22.546041,120.46142,3.0,True,屏東縣,0.0,194605.5,2494116.2,17,23
1625,22.545864,120.410902,3.0,True,高雄市,0.0,189409.3,2494116.2,17,22
1626,22.545671,120.360384,3.0,True,高雄市,0.0,184213.2,2494116.2,17,21
1627,22.545462,120.309867,3.0,False,沿海緩衝區(高雄市外海),18.6,179017.0,2494116.2,17,20
1628,22.506291,120.941379,3.0,True,台東縣,0.0,243968.9,2489616.2,16,33
1629,22.506265,120.890872,3.0,True,台東縣,0.0,238772.8,2489616.2,16,32
1630,22.506223,120.840366,3.0,True,台東縣,0.0,233576.6,2489616.2,16,31
1631,22.506165,120.78986,3.0,True,台東縣,0.0,228380.5,2489616.2,16,30
1632,22.506091,120.739354,3.0,True,屏東縣,0.0,223184.3,2489616.2,16,29
1633,22.506001,120.688849,3.0,True,屏東縣,0.0,217988.2,2489616.2,16,28
1634,22.505896,120.638344,3.0,True,屏東縣,0.0,212792.0,2489616.2,16,27
1635,22.505774,120.587839,3.0,True,屏東縣,0.0,207595.9,2489616.2,16,26
1636,22.505637,120.537334,3.0,True,屏東縣,0.0,202399.7,2489616.2,16,25
1637,22.505484,120.48683,3.0,True,屏東縣,0.0,197203.6,2489616.2,16,24
1638,22.505316,120.436326,3.0,True,屏東縣,0.0,192007.4,2489616.2,16,23
1639,22.505131,120.385823,3.0,True,高雄市,0.0,186811.3,2489616.2,16,22
1640,22.50493,120.33532,3.0,False,沿海緩衝區(高雄市外海),1488.3,181615.1,2489616.2,16,21
1641,22.465657,120.966641,3.0,False,沿海緩衝區(台東縣外海),1785.2,246567.0,2485116.2,15,33
1642,22.465639,120.91615,3.0,True,台東縣,0.0,241370.9,2485116.2,15,32
1643,22.465605,120.865658,3.0,True,台東縣,0.0,236174.7,2485116.2,15,31
1644,22.465555,120.815167,3.0,True,台東縣,0.0,230978.6,2485116.2,15,30
1645,22.465489,120.764676,3.0,True,台東縣,0.0,225782.4,2485116.2,15,29
1646,22.465408,120.714185,3.0,True,屏東縣,0.0,220586.3,2485116.2,15,28
1647,22.46531,120.663694,3.0,True,屏東縣,0.0,215390.1,2485116.2,15,27
1648,22.465197,120.613204,3.0,True,屏東縣,0.0,210194.0,2485116.2,15,26
1649,22.465068,120.562714,3.0,True,屏東縣,0.0,204997.8,2485116.2,15,25
1650,22.464923,120.512224,3.0,True,屏東縣,0.0,199801.7,2485116.2,15,24
1651,22.464763,120.461735,3.0,True,屏東縣,0.0,194605.5,2485116.2,15,23
1652,22.464586,120.411246,3.0,False,沿海緩衝區(高雄市外海),1233.0,189409.3,2485116.2,15,22
1653,22.425009,120.941413,3.0,False,沿海緩衝區(台東縣外海),768.8,243968.9,2480616.2,14,33
1654,22.424983,120.890936,3.0,True,台東縣,0.0,238772.8,2480616.2,14,32
1655,22.424941,120.840459,3.0,True,台東縣,0.0,233576.6,2480616.2,14,31
1656,22.424883,120.789983,3.0,True,台東縣,0.0,228380.5,2480616.2,14,30
1657,22.42481,120.739506,3.0,True,屏東縣,0.0,223184.3,2480616.2,14,29
1658,22.42472,120.68903,3.0,True,屏東縣,0.0,217988.2,2480616.2,14,28
1659,22.424615,120.638554,3.0,True,屏東縣,0.0,212792.0,2480616.2,14,27
1660,22.424495,120.588079,3.0,True,屏東縣,0.0,207595.9,2480616.2,14,26
1661,22.424358,120.537604,3.0,True,屏東縣,0.0,202399.7,2480616.2,14,25
1662,22.424206,120.487129,3.0,False,沿海緩衝區(屏東縣外海),277.1,197203.6,2480616.2,14,24
1663,22.384357,120.916199,3.0,False,沿海緩衝區(台東縣外海),144.7,241370.9,2476116.2,13,32
1664,22.384323,120.865737,3.0,True,台東縣,0.0,236174.7,2476116.2,13,31
1665,22.384273,120.815275,3.0,True,台東縣,0.0,230978.6,2476116.2,13,30
1666,22.384207,120.764813,3.0,True,台東縣,0.0,225782.4,2476116.2,13,29
1667,22.384126,120.714351,3.0,True,屏東縣,0.0,220586.3,2476116.2,13,28
1668,22.384029,120.66389,3.0,True,屏東縣,0.0,215390.1,2476116.2,13,27
1669,22.383916,120.613429,3.0,True,屏東縣,0.0,210194.0,2476116.2,13,26
1670,22.383788,120.562968,3.0,False,沿海緩衝區(屏東縣外海),289.4,204997.8,2476116.2,13,25
1671,22.3437,120.890999,3.0,True,台東縣,0.0,238772.8,2471616.2,12,32
1672,22.343658,120.840552,3.0,True,台東縣,0.0,233576.6,2471616.2,12,31
1673,22.343601,120.790105,3.0,True,台東縣,0.0,228380.5,2471616.2,12,30
1674,22.343528,120.739658,3.0,True,屏東縣,0.0,223184.3,2471616.2,12,29
1675,22.343439,120.689211,3.0,True,屏東縣,0.0,217988.2,2471616.2,12,28
1676,22.343334,120.638764,3.0,True,屏東縣,0.0,212792.0,2471616.2,12,27
1677,22.343214,120.588318,3.0,False,沿海緩衝區(屏東縣外海),1554.7,207595.9,2471616.2,12,26
1678,22.342575,120.386537,3.0,True,屏東縣,0.0,186811.3,2471616.2,12,22
1679,22.342376,120.336094,3.0,False,沿海緩衝區(屏東縣外海),2323.0,181615.1,2471616.2,12,21
1680,22.303073,120.916247,3.0,False,沿海緩衝區(台東縣外海),2518.3,241370.9,2467116.2,11,32
1681,22.30304,120.865814,3.0,True,台東縣,0.0,236174.7,2467116.2,11,31
1682,22.30299,120.815382,3.0,True,台東縣,0.0,230978.6,2467116.2,11,30
1683,22.302925,120.764949,3.0,True,屏東縣,0.0,225782.4,2467116.2,11,29
1684,22.302844,120.714517,3.0,True,屏東縣,0.0,220586.3,2467116.2,11,28
1685,22.302747,120.664085,3.0,True,屏東縣,0.0,215390.1,2467116.2,11,27
1686,22.302635,120.613653,3.0,False,沿海緩衝區(屏東縣外海),2506.7,210194.0,2467116.2,11,26
1687,22.301839,120.3615,3.0,False,沿海緩衝區(屏東縣外海),2215.5,184213.2,2467116.2,11,21
1688,22.262417,120.891062,3.0,True,台東縣,0.0,238772.8,2462616.2,10,32
1689,22.262375,120.840644,3.0,True,台東縣,0.0,233576.6,2462616.2,10,31
1690,22.262318,120.790226,3.0,True,屏東縣,0.0,228380.5,2462616.2,10,30
1691,22.262245,120.739808,3.0,True,屏東縣,0.0,223184.3,2462616.2,10,29
1692,22.262156,120.689391,3.0,True,屏東縣,0.0,217988.2,2462616.2,10,28
1693,22.262052,120.638973,3.0,False,沿海緩衝區(屏東縣外海),1179.6,212792.0,2462616.2,10,27
1694,22.221789,120.916296,3.0,False,沿海緩衝區(屏東縣外海),1998.9,241370.9,2458116.2,9,32
1695,22.221756,120.865892,3.0,True,屏東縣,0.0,236174.7,2458116.2,9,31
1696,22.221706,120.815488,3.0,True,屏東縣,0.0,230978.6,2458116.2,9,30
1697,22.221641,120.765085,3.0,True,屏東縣,0.0,225782.4,2458116.2,9,29
1698,22.221561,120.714682,3.0,True,屏東縣,0.0,220586.3,2458116.2,9,28
1699,22.221465,120.664279,3.0,False,沿海緩衝區(屏東縣外海),1254.3,215390.1,2458116.2,9,27
1700,22.181132,120.891125,3.0,True,屏東縣,0.0,238772.8,2453616.2,8,32
1701,22.181091,120.840736,3.0,True,屏東縣,0.0,233576.6,2453616.2,8,31
1702,22.181034,120.790347,3.0,True,屏東縣,0.0,228380.5,2453616.2,8,30
1703,22.180961,120.739958,3.0,True,屏東縣,0.0,223184.3,2453616.2,8,29
1704,22.180873,120.68957,3.0,False,沿海緩衝區(屏東縣外海),208.4,217988.2,2453616.2,8,28
1705,22.140505,120.916344,3.0,False,沿海緩衝區(屏東縣外海),2012.4,241370.9,2449116.2,7,32
1706,22.140471,120.865969,3.0,True,屏東縣,0.0,236174.7,2449116.2,7,31
1707,22.140422,120.815594,3.0,True,屏東縣,0.0,230978.6,2449116.2,7,30
1708,22.140357,120.76522,3.0,True,屏東縣,0.0,225782.4,2449116.2,7,29
1709,22.140277,120.714846,3.0,True,屏東縣,0.0,220586.3,2449116.2,7,28
1710,22.099847,120.891188,3.0,True,屏東縣,0.0,238772.8,2444616.2,6,32
1711,22.099806,120.840827,3.0,True,屏東縣,0.0,233576.6,2444616.2,6,31
1712,22.099749,120.790467,3.0,True,屏東縣,0.0,228380.5,2444616.2,6,30
1713,22.099677,120.740107,3.0,True,屏東縣,0.0,223184.3,2444616.2,6,29
1714,22.099589,120.689748,3.0,False,沿海緩衝區(屏東縣外海),1908.7,217988.2,2444616.2,6,28
1715,22.099132,121.495505,3.0,False,沿海緩衝區(台東縣外海),1604.7,301126.6,2444616.2,6,44
1716,22.098972,121.545863,3.0,False,沿海緩衝區(台東縣外海),1747.7,306322.8,2444616.2,6,45
1717,22.098796,121.596221,3.0,False,沿海緩衝區(台東縣外海),2479.5,311518.9,2444616.2,6,46
1718,22.059219,120.916392,3.0,False,沿海緩衝區(屏東縣外海),2314.9,241370.9,2440116.2,5,32
1719,22.059185,120.866046,3.0,True,屏東縣,0.0,236174.7,2440116.2,5,31
1720,22.059137,120.8157,3.0,True,屏東縣,0.0,230978.6,2440116.2,5,30
1721,22.059072,120.765354,3.0,True,屏東縣,0.0,225782.4,2440116.2,5,29
1722,22.058992,120.715009,3.0,True,屏東縣,0.0,220586.3,2440116.2,5,28
1723,22.058413,121.520535,3.0,True,台東縣,0.0,303724.7,2440116.2,5,44
1724,22.058245,121.570879,3.0,False,沿海緩衝區(台東縣外海),46.0,308920.9,2440116.2,5,45
1725,22.018561,120.89125,3.0,False,沿海緩衝區(屏東縣外海),416.4,238772.8,2435616.2,4,32
1726,22.01852,120.840918,3.0,True,屏東縣,0.0,233576.6,2435616.2,4,31
1727,22.018463,120.790587,3.0,True,屏東縣,0.0,228380.5,2435616.2,4,30
1728,22.018391,120.740256,3.0,True,屏東縣,0.0,223184.3,2435616.2,4,29
1729,22.018304,120.689925,3.0,True,屏東縣,0.0,217988.2,2435616.2,4,28
1730,22.017689,121.545551,3.0,False,沿海緩衝區(台東縣外海),817.4,306322.8,2435616.2,4,45
1731,22.017514,121.59588,3.0,True,台東縣,0.0,311518.9,2435616.2,4,46
1732,21.977899,120.866122,3.0,False,沿海緩衝區(屏東縣外海),1623.6,236174.7,2431116.2,3,31
1733,21.97785,120.815805,3.0,True,屏東縣,0.0,230978.6,2431116.2,3,30
1734,21.977786,120.765488,3.0,True,屏東縣,0.0,225782.4,2431116.2,3,29
1735,21.977707,120.715172,3.0,True,屏東縣,0.0,220586.3,2431116.2,3,28
1736,21.976962,121.570553,3.0,False,沿海緩衝區(台東縣外海),2856.5,308920.9,2431116.2,3,45
1737,21.97678,121.620867,3.0,False,沿海緩衝區(台東縣外海),2598.4,314117.0,2431116.2,3,46
1738,21.937233,120.841009,3.0,True,屏東縣,0.0,233576.6,2426616.2,2,31
1739,21.937177,120.790706,3.0,False,沿海緩衝區(屏東縣外海),790.5,228380.5,2426616.2,2,30
1740,21.937105,120.740404,3.0,True,屏東縣,0.0,223184.3,2426616.2,2,29
1741,21.937018,120.690101,3.0,False,沿海緩衝區(屏東縣外海),2099.3,217988.2,2426616.2,2,28
1742,21.936231,121.595541,3.0,False,沿海緩衝區(台東縣外海),1532.7,311518.9,2426616.2,2,46
1743,21.896612,120.866198,3.0,False,沿海緩衝區(屏東縣外海),266.9,236174.7,2422116.2,1,31
