採集日期,基準地址,店家代碼,店家名稱,採集狀態,商品總數,評分,評價數,原始JSON檔案,店家網址
2026-08-25,台北市士林區中山北路七段81巷,dcb10e7c62893ac945db7928dceb76de,麥當勞 台北石牌 McDonald's S78,SUCCESS,120,4.9,35000,20260825232752_dcb10e7c_麥當勞_台北石牌_McDonald's_S78.json,https://www.ubereats.com/tw/store/%E9%BA%A5%E7%95%B6%E5%8B%9E-%E5%8F%B0%E5%8C%97%E7%9F%B3%E7%89%8C-mcdonalds-s78/ub55akCsQIa0NlqEwvnQ4A
2026-08-25,台北市士林區中山北路七段81巷,0bc1a2a442c3e13954c2b4f76fb8ba8d,胖老爹美式炸雞 天母店,SUCCESS,67,4.8,2000,20260825232752_0bc1a2a4_胖老爹美式炸雞_天母店.json,https://www.ubereats.com/tw/store/%E8%83%96%E8%80%81%E7%88%B9%E7%BE%8E%E5%BC%8F%E7%82%B8%E9%9B%9E-%E5%A4%A9%E6%AF%8D%E5%BA%97/0eLDKx9VS9aAwUbLmhDqrg
2026-08-25,台北市士林區中山北路七段81巷,e76df982c2a98ee4cf20801a65b1c4df,Burger o'clock,SUCCESS,77,4.9,7000,20260825232752_e76df982_Burger_o'clock.json,https://www.ubereats.com/tw/store/burger-oclock/N3XkkaJGRDCjAt-GaT6iXQ
2026-08-25,台北市士林區中山北路七段81巷,85b958793c65f4665737aa76e85897f7,肯德基KFC炸雞漢堡店 北投光明店,SUCCESS,114,4.8,3000,20260825232752_85b95879_肯德基KFC炸雞漢堡店_北投光明店.json,https://www.ubereats.com/tw/store/%E8%82%AF%E5%BE%B7%E5%9F%BAkfc%E7%82%B8%E9%9B%9E%E6%BC%A2%E5%A0%A1%E5%BA%97-%E5%8C%97%E6%8A%95%E5%85%89%E6%98%8E%E5%BA%97/lGVGNLE0TCOjrNEDC8s8lw
2026-08-25,台北市士林區中山北路七段81巷,835ee17e4830e232320b8541248d5daa,2派克脆皮雞排 石牌店,SUCCESS,73,4.8,10000,20260825232752_835ee17e_2派克脆皮雞排_石牌店.json,https://www.ubereats.com/tw/store/2%E6%B4%BE%E5%85%8B%E8%84%86%E7%9A%AE%E9%9B%9E%E6%8E%92-%E7%9F%B3%E7%89%8C%E5%BA%97/uXAtNIHwQS60cdAg3Pke5w
2026-08-25,台北市士林區中山北路七段81巷,46a9d94d94460d43809ebd35a6441312,小航海生魚片,SUCCESS,55,3.7,130,20260825232752_46a9d94d_小航海生魚片.json,https://www.ubereats.com/tw/store/%E5%B0%8F%E8%88%AA%E6%B5%B7%E7%94%9F%E9%AD%9A%E7%89%87/1f6vwYxyX52FnB5tiDah3A
2026-08-25,台北市士林區中山北路七段81巷,2d9fdc18605a34ca9e37afa850492748,世界豆漿大王 民族店,SUCCESS,63,4.6,10000,20260825232752_2d9fdc18_世界豆漿大王_民族店.json,https://www.ubereats.com/tw/store/%E4%B8%96%E7%95%8C%E8%B1%86%E6%BC%BF%E5%A4%A7%E7%8E%8B-%E6%B0%91%E6%97%8F%E5%BA%97/rxvfszHJRkmWTGP8iwWCAw
2026-08-25,台北市士林區中山北路七段81巷,5110a2e08453d9a034748d9df7daa064,すき家 SUKIYA 芝山店,SUCCESS,99,4.8,25000,20260825232752_5110a2e0_すき家_SUKIYA_芝山店.json,https://www.ubereats.com/tw/store/%E3%81%99%E3%81%8D%E5%AE%B6-sukiya-%E8%8A%9D%E5%B1%B1%E5%BA%97/ebEMYG2lSNCDOf9dqq_NqA
2026-08-25,台北市士林區中山北路七段81巷,c25e951a8f619c56f1457be7acac8444,爆Q美式炸雞 圓山店,SUCCESS,67,4.7,1500,20260825232752_c25e951a_爆Q美式炸雞_圓山店.json,https://www.ubereats.com/tw/store/%E7%88%86q%E7%BE%8E%E5%BC%8F%E7%82%B8%E9%9B%9E-%E5%9C%93%E5%B1%B1%E5%BA%97/xE8VfXeVURalviWm4RAdbA
2026-08-25,台北市士林區中山北路七段81巷,23e1a2dd72844ef27d4702c0a35efb2c,名香烤鴨,SUCCESS,11,4.2,23,20260825232752_23e1a2dd_名香烤鴨.json,https://www.ubereats.com/tw/store/%E5%90%8D%E9%A6%99%E7%83%A4%E9%B4%A8/AQLZaj0IUWK6DsqU-yU7vQ
2026-08-25,台北市士林區中山北路七段81巷,7cc37abfdb0fcac368e69dfe51dbab33,亦壽司,SUCCESS,31,4.9,490,20260825232752_7cc37abf_亦壽司.json,https://www.ubereats.com/tw/store/%E4%BA%A6%E5%A3%BD%E5%8F%B8/deBZPAMCSTmAxXzgBHvpGQ
2026-08-25,台北市士林區中山北路七段81巷,dbc8906d9c5e0914a090fa04338a5fd8,士林夜市生魚片專賣店,SUCCESS,40,4.3,20,20260825232752_dbc8906d_士林夜市生魚片專賣店.json,https://www.ubereats.com/tw/store/%E5%A3%AB%E6%9E%97%E5%A4%9C%E5%B8%82%E7%94%9F%E9%AD%9A%E7%89%87%E5%B0%88%E8%B3%A3%E5%BA%97/gijUpqx_XtadNVDJjqsLJg
2026-08-25,台北市士林區中山北路七段81巷,7e7abd39f01f383ef85e7736be18d57c,台灣鹽酥雞 大直總店,SUCCESS,135,4.8,45000,20260825232752_7e7abd39_台灣鹽酥雞_大直總店.json,https://www.ubereats.com/tw/store/%E5%8F%B0%E7%81%A3%E9%B9%BD%E9%85%A5%E9%9B%9E-%E5%A4%A7%E7%9B%B4%E7%B8%BD%E5%BA%97/CeO3JJoVSKObnwrdlOpIzA
2026-08-25,台北市士林區中山北路七段81巷,a31ac7bbb3a7220105253bdc0d972988,晴光商圈 吃肉肉 炭烤牛排專門店,SUCCESS,17,4.8,2000,20260825232752_a31ac7bb_晴光商圈_吃肉肉_炭烤牛排專門店.json,https://www.ubereats.com/tw/store/%E6%99%B4%E5%85%89%E5%95%86%E5%9C%88-%E5%90%83%E8%82%89%E8%82%89-%E7%82%AD%E7%83%A4%E7%89%9B%E6%8E%92%E5%B0%88%E9%96%80%E5%BA%97/2RqkaWbPUHiahuX4x4NBHQ
2026-08-25,台北市士林區中山北路七段81巷,f9134eb5a0197dd00fcb139e17bca6b7,雞湯榮麵食館,SUCCESS,18,4.9,4000,20260825232752_f9134eb5_雞湯榮麵食館.json,https://www.ubereats.com/tw/store/%E9%9B%9E%E6%B9%AF%E6%A6%AE%E9%BA%B5%E9%A3%9F%E9%A4%A8/UXrD2OuTX--JVypr_WFgPA
2026-08-25,台北市士林區中山北路七段81巷,a74fc9e1540d4da5afbb335d6382f6dd,渣男Taiwan Bistro 天母八渣,SUCCESS,54,4.6,800,20260825232752_a74fc9e1_渣男Taiwan_Bistro_天母八渣.json,https://www.ubereats.com/tw/store/%E6%B8%A3%E7%94%B7taiwan-bistro-%E5%A4%A9%E6%AF%8D%E5%85%AB%E6%B8%A3/BMyTPf63TaWmCTZDBZeOTg
2026-08-25,台北市士林區中山北路七段81巷,e7ed7e44866612cf138ea1f126cd9ef9,赤紅醬燒,SUCCESS,67,4.8,130,20260825232752_e7ed7e44_赤紅醬燒.json,https://www.ubereats.com/tw/store/%E8%B5%A4%E7%B4%85%E9%86%AC%E7%87%92/wlRgRaepX1Kpr6H9BRg9-w
2026-08-25,台北市士林區中山北路七段81巷,89f218abf041ec287ae2f381e9eb4498,好炸小地方,SUCCESS,54,4.8,3000,20260825232752_89f218ab_好炸小地方.json,https://www.ubereats.com/tw/store/%E5%A5%BD%E7%82%B8%E5%B0%8F%E5%9C%B0%E6%96%B9/19nWUTf-RMePQ8fGajVGxQ
2026-08-25,台北市士林區中山北路七段81巷,875351935edc39e4f43162e52d9fd9a6,龍鹽酥雞 天母店,SUCCESS,104,4.8,260,20260825232752_87535193_龍鹽酥雞_天母店.json,https://www.ubereats.com/tw/store/%E9%BE%8D%E9%B9%BD%E9%85%A5%E9%9B%9E-%E5%A4%A9%E6%AF%8D%E5%BA%97/ykyD_CmIUUa3M_Wye4gHBA
2026-08-25,台北市士林區中山北路七段81巷,73a06058528421689d5e577f7027a6c8,士林夜市秧米 蛋炒飯專賣店,SUCCESS,45,4.7,500,20260825232752_73a06058_士林夜市秧米_蛋炒飯專賣店.json,https://www.ubereats.com/tw/store/%E5%A3%AB%E6%9E%97%E5%A4%9C%E5%B8%82%E7%A7%A7%E7%B1%B3-%E8%9B%8B%E7%82%92%E9%A3%AF%E5%B0%88%E8%B3%A3%E5%BA%97/6TsUDo6oXFuikIbzhnFY0A
2026-08-25,台北市士林區中山北路七段81巷,ae4b421b76a486fecd0c88c426732771,Uber Eats 優市 北投店,SUCCESS,66,4.9,30000,20260825232752_ae4b421b_Uber_Eats_優市_北投店.json,https://www.ubereats.com/tw/store/uber-eats-%E5%84%AA%E5%B8%82-%E5%8C%97%E6%8A%95%E5%BA%97/0uUO4WnaXv-V8OsNuuueQg
2026-08-25,台北市士林區中山北路七段81巷,65a75d398dcce719120bea11d2fc6698,統一超商 天真門市,SUCCESS,60,4.6,220,20260825232752_65a75d39_統一超商_天真門市.json,https://www.ubereats.com/tw/store/%E7%B5%B1%E4%B8%80%E8%B6%85%E5%95%86-%E5%A4%A9%E7%9C%9F%E9%96%80%E5%B8%82/T5spKXDXXsq_vMXnyQDNZg
2026-08-25,台北市士林區中山北路七段81巷,5031fc7a23230b5060d3d6d3d1f8be27,樂家康超市 士林德行東店,SUCCESS,60,4.8,3000,20260825232752_5031fc7a_樂家康超市_士林德行東店.json,https://www.ubereats.com/tw/store/%E6%A8%82%E5%AE%B6%E5%BA%B7%E8%B6%85%E5%B8%82-%E5%A3%AB%E6%9E%97%E5%BE%B7%E8%A1%8C%E6%9D%B1%E5%BA%97/YX5gkP4LVEGYLoo-1dzYbg
2026-08-25,台北市士林區中山北路七段81巷,aeca84f6d6443c8529d260d9dd441ea2,全家便利商店 天山店_009229,SUCCESS,57,5,79,20260825232752_aeca84f6_全家便利商店_天山店_009229.json,https://www.ubereats.com/tw/store/%E5%85%A8%E5%AE%B6%E4%BE%BF%E5%88%A9%E5%95%86%E5%BA%97-%E5%A4%A9%E5%B1%B1%E5%BA%97_009229/alGagNh4VqKgm8Ec6z4B_g
2026-08-25,台北市士林區中山北路七段81巷,58544ad0b4359e157ad37585445decb9,Watsons屈臣氏 天北門市 S0454,SUCCESS,60,4.9,310,20260825232752_58544ad0_Watsons屈臣氏_天北門市_S0454.json,https://www.ubereats.com/tw/store/watsons%E5%B1%88%E8%87%A3%E6%B0%8F-%E5%A4%A9%E5%8C%97%E9%96%80%E5%B8%82-s0454/D9QOYkpSSaWGIAcGkGiW4Q
2026-08-25,台北市士林區中山北路七段81巷,420a0fde56cf55dc7011552677b856ed,大樹藥局 士林天母店,SUCCESS,59,4.9,140,20260825232752_420a0fde_大樹藥局_士林天母店.json,https://www.ubereats.com/tw/store/%E5%A4%A7%E6%A8%B9%E8%97%A5%E5%B1%80-%E5%A3%AB%E6%9E%97%E5%A4%A9%E6%AF%8D%E5%BA%97/y9DzXqfPUVq49g-DjQhIGQ
2026-08-25,台北市士林區中山北路七段81巷,4adb59cbd7608a43e0563662f4127796,統一超商 饗喫鍋 天裕門市,SUCCESS,75,4.8,44,20260825232752_4adb59cb_統一超商_饗喫鍋_天裕門市.json,https://www.ubereats.com/tw/store/%E7%B5%B1%E4%B8%80%E8%B6%85%E5%95%86-%E9%A5%97%E5%96%AB%E9%8D%8B-%E5%A4%A9%E8%A3%95%E9%96%80%E5%B8%82/dPWBHLgCW3KiUzsPvxJPFg
2026-08-25,台北市士林區中山北路七段81巷,c249021cbc27c748a2c6c5b5776fc4b4,寵物公園 天母店,SUCCESS,60,5,500,20260825232752_c249021c_寵物公園_天母店.json,https://www.ubereats.com/tw/store/%E5%AF%B5%E7%89%A9%E5%85%AC%E5%9C%92-%E5%A4%A9%E6%AF%8D%E5%BA%97/VrBOBSnPQG-aqvXfsjOGpQ
2026-08-25,台北市士林區中山北路七段81巷,a3810a9835315c33821feb6c50e57367,全家便利商店 金天玉店_021338,SUCCESS,72,4.9,74,20260825232752_a3810a98_全家便利商店_金天玉店_021338.json,https://www.ubereats.com/tw/store/%E5%85%A8%E5%AE%B6%E4%BE%BF%E5%88%A9%E5%95%86%E5%BA%97-%E9%87%91%E5%A4%A9%E7%8E%89%E5%BA%97_021338/E8P8q8s4U1yY1q-JvMf-EQ
2026-08-25,台北市士林區中山北路七段81巷,82ce008398cc2d2a2924a00d06e853d0,全家FamiSuper 天強店_014985,SUCCESS,72,4.7,170,20260825232752_82ce0083_全家FamiSuper_天強店_014985.json,https://www.ubereats.com/tw/store/%E5%85%A8%E5%AE%B6famisuper-%E5%A4%A9%E5%BC%B7%E5%BA%97_014985/wTYP-Vs8XuGa3HsTmF-Wcw
2026-08-25,台北市士林區中山北路七段81巷,7fd87483f43bb267d34047b982efda8c,Watsons屈臣氏 士東門市 S0399,SUCCESS,60,4.9,190,20260825232752_7fd87483_Watsons屈臣氏_士東門市_S0399.json,https://www.ubereats.com/tw/store/watsons%E5%B1%88%E8%87%A3%E6%B0%8F-%E5%A3%AB%E6%9D%B1%E9%96%80%E5%B8%82-s0399/lLQWalGTRiWXFJzYlmrXpg
2026-08-25,台北市士林區中山北路七段81巷,0e3edb53702f028bb680d1d78dd13536,燦坤3C 石牌,SUCCESS,58,4.9,40,20260825232752_0e3edb53_燦坤3C_石牌.json,https://www.ubereats.com/tw/store/%E7%87%A6%E5%9D%A43c-%E7%9F%B3%E7%89%8C/oLCaOkJxWjil6_pToWDFHA
2026-08-25,台北市士林區中山北路七段81巷,821cb56efb5dd2fe8ab22e47d9759eb8,大樹藥局 士林文林店,SUCCESS,60,5,7,20260825232752_821cb56e_大樹藥局_士林文林店.json,https://www.ubereats.com/tw/store/%E5%A4%A7%E6%A8%B9%E8%97%A5%E5%B1%80-%E5%A3%AB%E6%9E%97%E6%96%87%E6%9E%97%E5%BA%97/KiYTy_Z8V3STXbtHURCV0A
2026-08-25,台北市士林區中山北路七段81巷,5b1867ad1a72a08fe164d4d5727c1d03,LAC中山門市,SUCCESS,53,,,20260825232752_5b1867ad_LAC中山門市.json,https://www.ubereats.com/tw/store/lac%E4%B8%AD%E5%B1%B1%E9%96%80%E5%B8%82/nL4BZj_TVWOGMbZJfKd4Xg
2026-08-25,台北市士林區中山北路七段81巷,a1c3272955af757499e21967415b98eb,萊爾富3062北市士銓店,SUCCESS,75,4.9,260,20260825232752_a1c32729_萊爾富3062北市士銓店.json,https://www.ubereats.com/tw/store/%E8%90%8A%E7%88%BE%E5%AF%8C3062%E5%8C%97%E5%B8%82%E5%A3%AB%E9%8A%93%E5%BA%97/dwh5OoWhTISyTbmz_1ahaw
2026-08-25,台北市士林區中山北路七段81巷,ef9fdfb0addebc219d4da99bd6bda30f,艋舺雞排石牌店,SUCCESS,36,4.9,1000,20260825232752_ef9fdfb0_艋舺雞排石牌店.json,https://www.ubereats.com/tw/store/%E8%89%8B%E8%88%BA%E9%9B%9E%E6%8E%92%E7%9F%B3%E7%89%8C%E5%BA%97/BEOvxAiFXpil8YEaGxKO2w
2026-08-25,台北市士林區中山北路七段81巷,4c9f85a006177faa3eff4455b9d1fc97,永和豆漿 文林店,SUCCESS,68,4.8,10000,20260825232752_4c9f85a0_永和豆漿_文林店.json,https://www.ubereats.com/tw/store/%E6%B0%B8%E5%92%8C%E8%B1%86%E6%BC%BF-%E6%96%87%E6%9E%97%E5%BA%97/3B8CWm98R_WmzP22Ndi4OA
2026-08-25,台北市士林區中山北路七段81巷,e6641c1216c2242545454290bdba485c,三街巷鹽酥雞,SUCCESS,81,4.7,10000,20260825232752_e6641c12_三街巷鹽酥雞.json,https://www.ubereats.com/tw/store/%E4%B8%89%E8%A1%97%E5%B7%B7%E9%B9%BD%E9%85%A5%E9%9B%9E/I152NO7fRfSUmlSk_fZ8hQ
2026-08-25,台北市士林區中山北路七段81巷,fe8e6a4df16c5ad3cc17bad98cad36c6,大狗麵線 石牌店,SUCCESS,34,4.8,3000,20260825232752_fe8e6a4d_大狗麵線_石牌店.json,https://www.ubereats.com/tw/store/%E5%A4%A7%E7%8B%97%E9%BA%B5%E7%B7%9A-%E7%9F%B3%E7%89%8C%E5%BA%97/PYB9hOtEXxq-0Ir_MIqmEg
2026-08-25,台北市士林區中山北路七段81巷,3035343cf07a25b7af235f9f5c870384,松屋 台北芝山店,SUCCESS,181,4.8,10000,20260825232752_3035343c_松屋_台北芝山店.json,https://www.ubereats.com/tw/store/%E6%9D%BE%E5%B1%8B-%E5%8F%B0%E5%8C%97%E8%8A%9D%E5%B1%B1%E5%BA%97/4vfzFkE2S2qk9ih5SPReHg
2026-08-25,台北市士林區中山北路七段81巷,73a2309f4dd9f1a85efab9b6bc946c60,小鍋仔平價小火鍋 延平店,SUCCESS,82,4.8,6000,20260825232752_73a2309f_小鍋仔平價小火鍋_延平店.json,https://www.ubereats.com/tw/store/%E5%B0%8F%E9%8D%8B%E4%BB%94%E5%B9%B3%E5%83%B9%E5%B0%8F%E7%81%AB%E9%8D%8B-%E5%BB%B6%E5%B9%B3%E5%BA%97/PXRLwKOMS9WC7dvH0KCosQ
2026-08-25,台北市士林區中山北路七段81巷,09726ed5ce0b453fccbfb962fa4fb787,魚池貳壹  台北士林店,SUCCESS,157,4.9,4000,20260825232752_09726ed5_魚池貳壹__台北士林店.json,https://www.ubereats.com/tw/store/%E9%AD%9A%E6%B1%A0%E8%B2%B3%E5%A3%B9-%E5%8F%B0%E5%8C%97%E5%A3%AB%E6%9E%97%E5%BA%97/iSxbi9tlSR6VcXFReuGEUQ
2026-08-25,台北市士林區中山北路七段81巷,17fc05947a7ddcb285a6e9938b2071fb,大發海產店,SUCCESS,322,4.8,3000,20260825232752_17fc0594_大發海產店.json,https://www.ubereats.com/tw/store/%E5%A4%A7%E7%99%BC%E6%B5%B7%E7%94%A2%E5%BA%97/fdU-z-t8RMW7VlJvZg_eRw
2026-08-25,台北市士林區中山北路七段81巷,98681556f267d773f33486cc9aef677b,白家十全藥燉排骨 石牌店,SUCCESS,33,4.8,1000,20260825232752_98681556_白家十全藥燉排骨_石牌店.json,https://www.ubereats.com/tw/store/%E7%99%BD%E5%AE%B6%E5%8D%81%E5%85%A8%E8%97%A5%E7%87%89%E6%8E%92%E9%AA%A8-%E7%9F%B3%E7%89%8C%E5%BA%97/6Bb5bMbYVNOOHWfvcxBuTw
2026-08-25,台北市士林區中山北路七段81巷,a7879c6e4b8d6577a60b65af12446441,民生豆奶,SUCCESS,83,4.8,5000,20260825232752_a7879c6e_民生豆奶.json,https://www.ubereats.com/tw/store/%E6%B0%91%E7%94%9F%E8%B1%86%E5%A5%B6/9e-bOHRQTBy7csMXP84FYQ
2026-08-25,台北市士林區中山北路七段81巷,af59db07c2bf2196cef1d12a36b78406,立煮關東煮,SUCCESS,41,4.9,1500,20260825232752_af59db07_立煮關東煮.json,https://www.ubereats.com/tw/store/%E7%AB%8B%E7%85%AE%E9%97%9C%E6%9D%B1%E7%85%AE/TeSKJbJ9XUS4KbNsgFVlKw
2026-08-25,台北市士林區中山北路七段81巷,9693af0ccbf2e7e58ff80e4720a2cf76,娘娘雞排 竹圍殿,SUCCESS,60,4.9,6000,20260825232752_9693af0c_娘娘雞排_竹圍殿.json,https://www.ubereats.com/tw/store/%E5%A8%98%E5%A8%98%E9%9B%9E%E6%8E%92-%E7%AB%B9%E5%9C%8D%E6%AE%BF/tL_mU04BRMq-oWr6Koej-w
2026-08-25,台北市士林區中山北路七段81巷,f4cf6abd57937e7abd0455aeec218036,特好喝 Toptiertea 台北大直店,SUCCESS,54,4.9,1000,20260825232752_f4cf6abd_特好喝_Toptiertea_台北大直店.json,https://www.ubereats.com/tw/store/%E7%89%B9%E5%A5%BD%E5%96%9D-toptiertea-%E5%8F%B0%E5%8C%97%E5%A4%A7%E7%9B%B4%E5%BA%97/p-5v1e1KVvuizBOzija8ug
2026-08-25,台北市士林區中山北路七段81巷,672cb6e4fcd33cdec61dde41c7a33183,海旺角熱炒100,SUCCESS,108,4.8,5000,20260825232752_672cb6e4_海旺角熱炒100.json,https://www.ubereats.com/tw/store/%E6%B5%B7%E6%97%BA%E8%A7%92%E7%86%B1%E7%82%92100/Mn0LQzoWSdC4ohgyqPl6Qw
2026-08-25,台北市士林區中山北路七段81巷,545dad1d7cb9674ee2af7f07a3e9a4b2,阿亮小吃,SUCCESS,47,4.8,3000,20260825232752_545dad1d_阿亮小吃.json,https://www.ubereats.com/tw/store/%E9%98%BF%E4%BA%AE%E5%B0%8F%E5%90%83/fLfrhWPNSOOHODOEbiPJlg
2026-08-25,台北市士林區中山北路七段81巷,aaebd54e42c3ad4e59cb80e87fdc6ae7,士林夜市 晶棧熱炒,SUCCESS,93,4.8,3000,20260825232752_aaebd54e_士林夜市_晶棧熱炒.json,https://www.ubereats.com/tw/store/%E5%A3%AB%E6%9E%97%E5%A4%9C%E5%B8%82-%E6%99%B6%E6%A3%A7%E7%86%B1%E7%82%92/PkG5mFfYSwe2RqrEB0zr8Q
2026-08-25,台北市士林區中山北路七段81巷,fa6b36eb34b46ce92066772cbe3a262b,五二 Burger & Bistro,SUCCESS,76,4.9,1000,20260825232752_fa6b36eb_五二_Burger_&_Bistro.json,https://www.ubereats.com/tw/store/%E4%BA%94%E4%BA%8C-burger-%26-bistro/ogblEcmKRTqzFC-upR3EGg
2026-08-25,台北市士林區中山北路七段81巷,aef57252c08b53e8301d7583ff39ab84,BRO coffee pizza,SUCCESS,63,4.8,120,20260825232752_aef57252_BRO_coffee_pizza.json,https://www.ubereats.com/tw/store/bro-coffee-pizza/BLTDoqKfVrKJvl4n_krz3g
2026-08-25,台北市士林區中山北路七段81巷,55c3776f9cc881c5255010f3cf8e6d28,猛甲生魚片 晴光店,SUCCESS,50,4.5,450,20260825232752_55c3776f_猛甲生魚片_晴光店.json,https://www.ubereats.com/tw/store/%E7%8C%9B%E7%94%B2%E7%94%9F%E9%AD%9A%E7%89%87-%E6%99%B4%E5%85%89%E5%BA%97/8fBBxyGBUvmPg2wacS3esQ
2026-08-25,台北市士林區中山北路七段81巷,c2192a27e73eb7439d55a4d8d98014e4,入口漢堡 RUKO BURGER,SUCCESS,40,4.9,800,20260825232752_c2192a27_入口漢堡_RUKO_BURGER.json,https://www.ubereats.com/tw/store/%E5%85%A5%E5%8F%A3%E6%BC%A2%E5%A0%A1-ruko-burger/cwiXjhteTsGvyjvK2qKiWQ
2026-08-25,台北市士林區中山北路七段81巷,07218f45e60140d911a78165f28ad463,石牌永和豆漿,SUCCESS,75,4.8,4000,20260825232752_07218f45_石牌永和豆漿.json,https://www.ubereats.com/tw/store/%E7%9F%B3%E7%89%8C%E6%B0%B8%E5%92%8C%E8%B1%86%E6%BC%BF/W-wHLg9UVQ21SbFiqfAYoQ
2026-08-25,台北市士林區中山北路七段81巷,e52f07b950e2a620ab67855ef6ff53f1,松乃家 台北芝山店,SUCCESS,170,4.7,95,20260825232752_e52f07b9_松乃家_台北芝山店.json,https://www.ubereats.com/tw/store/%E6%9D%BE%E4%B9%83%E5%AE%B6-%E5%8F%B0%E5%8C%97%E8%8A%9D%E5%B1%B1%E5%BA%97/WKVdr--aW0WcmLZMOOU_JQ
2026-08-25,台北市士林區中山北路七段81巷,a7cf71ffcf72c11111d6421688cac16d,大吃一斤泰國蝦料理 平價熱炒  士林大南店,SUCCESS,24,4.4,12,20260825232752_a7cf71ff_大吃一斤泰國蝦料理_平價熱炒__士林大南店.json,https://www.ubereats.com/tw/store/%E5%A4%A7%E5%90%83%E4%B8%80%E6%96%A4%E6%B3%B0%E5%9C%8B%E8%9D%A6%E6%96%99%E7%90%86-%E5%B9%B3%E5%83%B9%E7%86%B1%E7%82%92-%E5%A3%AB%E6%9E%97%E5%A4%A7%E5%8D%97%E5%BA%97/rxaLI-18WSKkp2gKnvqXrg
2026-08-25,台北市士林區中山北路七段81巷,6376c59e7d841c1ce0f4b4acdb98503e,小廢串chill BBQ 大直店,SUCCESS,67,4.8,440,20260825232752_6376c59e_小廢串chill_BBQ_大直店.json,https://www.ubereats.com/tw/store/%E5%B0%8F%E5%BB%A2%E4%B8%B2chill-bbq-%E5%A4%A7%E7%9B%B4%E5%BA%97/5tuTOj4iWqKiWPIYK3j4jg
2026-08-25,台北市士林區中山北路七段81巷,fbed2645ec6b1c6cf91d35823247d24f,貓王小吃,SUCCESS,68,4.8,1500,20260825232752_fbed2645_貓王小吃.json,https://www.ubereats.com/tw/store/%E8%B2%93%E7%8E%8B%E5%B0%8F%E5%90%83/EuI23PoYQl-BkPcqsYf0zA
2026-08-25,台北市士林區中山北路七段81巷,56764e823f7f683c3824d29815628fb5,Feb.22 Cafe’,SUCCESS,71,4.9,700,20260825232752_56764e82_Feb.22_Cafe’.json,https://www.ubereats.com/tw/store/feb22-cafe/IDnle-aGReGhtqn6oklgmg
2026-08-25,台北市士林區中山北路七段81巷,fe0ff69e82b2ef6dcef058b71858b81e,珊杉手作坊,SUCCESS,49,4.7,100,20260825232752_fe0ff69e_珊杉手作坊.json,https://www.ubereats.com/tw/store/%E7%8F%8A%E6%9D%89%E6%89%8B%E4%BD%9C%E5%9D%8A/GND9gLOLVkyCeEqTG4LoPQ
2026-08-25,台北市士林區中山北路七段81巷,6ef6c8e0f0195b0b8f850af7dedc437c,小豆家宵夜丨早餐,SUCCESS,64,4.9,130,20260825232752_6ef6c8e0_小豆家宵夜丨早餐.json,https://www.ubereats.com/tw/store/%E5%B0%8F%E8%B1%86%E5%AE%B6%E5%AE%B5%E5%A4%9C%E4%B8%A8%E6%97%A9%E9%A4%90/xdgwurj3X4qif5dgro-l9w
2026-08-25,台北市士林區中山北路七段81巷,97b1bd70f494aa6e86af8ab55dbe27cb,吉野家 重北店,SUCCESS,50,4.8,4000,20260825232752_97b1bd70_吉野家_重北店.json,https://www.ubereats.com/tw/store/%E5%90%89%E9%87%8E%E5%AE%B6-%E9%87%8D%E5%8C%97%E5%BA%97/YXcbX-WNS82ctEG5ynZeZQ
2026-08-25,台北市士林區中山北路七段81巷,34e5ff3a12202c6facfad301cb0f82e2,士林夜市 秘堡創作坊 SECRET BURGER,SUCCESS,62,4.5,46,20260825232752_34e5ff3a_士林夜市_秘堡創作坊_SECRET_BURGER.json,https://www.ubereats.com/tw/store/%E5%A3%AB%E6%9E%97%E5%A4%9C%E5%B8%82-%E7%A7%98%E5%A0%A1%E5%89%B5%E4%BD%9C%E5%9D%8A-secret-burger/npzwIJ1jWbOZhmtJsNUvhA
2026-08-25,台北市士林區中山北路七段81巷,0be72b5676a87827aff08667a80ebc38,環球涼麵,SUCCESS,23,4.7,600,20260825232752_0be72b56_環球涼麵.json,https://www.ubereats.com/tw/store/%E7%92%B0%E7%90%83%E6%B6%BC%E9%BA%B5/lQwieDupVii_2SZ2-OEEdQ
2026-08-25,台北市士林區中山北路七段81巷,7d9ee8fd68de434e0a05b3ba28d3344f,哈贊二姐生炒羊肉 士林店,SUCCESS,69,4.6,390,20260825232752_7d9ee8fd_哈贊二姐生炒羊肉_士林店.json,https://www.ubereats.com/tw/store/%E5%93%88%E8%B4%8A%E4%BA%8C%E5%A7%90%E7%94%9F%E7%82%92%E7%BE%8A%E8%82%89-%E5%A3%AB%E6%9E%97%E5%BA%97/-zQjfYvnUQekGN4L17XtHA
2026-08-25,台北市士林區中山北路七段81巷,89d5729d37701455b6da45918e65767c,Bar DAD 義大利麵 I 燉飯,SUCCESS,57,4.4,210,20260825232752_89d5729d_Bar_DAD_義大利麵_I_燉飯.json,https://www.ubereats.com/tw/store/bar-dad-%E7%BE%A9%E5%A4%A7%E5%88%A9%E9%BA%B5-i-%E7%87%89%E9%A3%AF/jXDSwbKyWcOvkk_RtbFqSg
2026-08-25,台北市士林區中山北路七段81巷,0ab266a0e4c16f131a366c15ec1cc41f,麻辣串串 中山總店,SUCCESS,88,4.5,260,20260825232752_0ab266a0_麻辣串串_中山總店.json,https://www.ubereats.com/tw/store/%E9%BA%BB%E8%BE%A3%E4%B8%B2%E4%B8%B2-%E4%B8%AD%E5%B1%B1%E7%B8%BD%E5%BA%97/rA4Iw-f1UQ-jkC7kojCysg
2026-08-25,台北市士林區中山北路七段81巷,4f481ab919435bea29046a4d869c9403,二師兄肉羹專賣店 中山德惠店,SUCCESS,78,4.5,82,20260825232752_4f481ab9_二師兄肉羹專賣店_中山德惠店.json,https://www.ubereats.com/tw/store/%E4%BA%8C%E5%B8%AB%E5%85%84%E8%82%89%E7%BE%B9%E5%B0%88%E8%B3%A3%E5%BA%97-%E4%B8%AD%E5%B1%B1%E5%BE%B7%E6%83%A0%E5%BA%97/jtyr6wwDWjyBxDeGV3ufyg
2026-08-25,台北市士林區中山北路七段81巷,1662563774b0280d8adbc5f9a2c5952c,士林夜市 好雞匯鹹水雞 士林店,SUCCESS,65,4.8,2000,20260825232752_16625637_士林夜市_好雞匯鹹水雞_士林店.json,https://www.ubereats.com/tw/store/%E5%A3%AB%E6%9E%97%E5%A4%9C%E5%B8%82-%E5%A5%BD%E9%9B%9E%E5%8C%AF%E9%B9%B9%E6%B0%B4%E9%9B%9E-%E5%A3%AB%E6%9E%97%E5%BA%97/nC48nIqJRAS-B7ombkst5w
2026-08-25,台北市士林區中山北路七段81巷,98a80b4aef0ba688adda5e18ca5b14da,深夜未歸 早餐 中餐 晚餐 宵夜 石牌店,SUCCESS,262,4.8,5000,20260825232752_98a80b4a_深夜未歸_早餐_中餐_晚餐_宵夜_石牌店.json,https://www.ubereats.com/tw/store/%E6%B7%B1%E5%A4%9C%E6%9C%AA%E6%AD%B8-%E6%97%A9%E9%A4%90-%E4%B8%AD%E9%A4%90-%E6%99%9A%E9%A4%90-%E5%AE%B5%E5%A4%9C-%E7%9F%B3%E7%89%8C%E5%BA%97/-_glPJyGVIG1QQFDSR4q6Q
2026-08-25,台北市士林區中山北路七段81巷,30b609ab347a850774dc42bd231de64b,Booty Daddy屁屁老爹雞屁股專賣串烤BBQ丨便當丨炙烤三明治丨士林激推串烤,SUCCESS,79,4.8,200,20260825232752_30b609ab_Booty_Daddy屁屁老爹雞屁股專賣串烤BBQ丨便當丨炙烤三明治丨士林激推串烤.json,https://www.ubereats.com/tw/store/booty-daddy%E5%B1%81%E5%B1%81%E8%80%81%E7%88%B9%E9%9B%9E%E5%B1%81%E8%82%A1%E5%B0%88%E8%B3%A3%E4%B8%B2%E7%83%A4bbq%E4%B8%A8%E4%BE%BF%E7%95%B6%E4%B8%A8%E7%82%99%E7%83%A4%E4%B8%89%E6%98%8E%E6%B2%BB%E4%B8%A8%E5%A3%AB%E6%9E%97%E6%BF%80%E6%8E%A8%E4%B8%B2%E7%83%A4/acbJfXnwVhy6bybPkJD3mg
2026-08-25,台北市士林區中山北路七段81巷,97972a9ec2a8582839634a23899e874f,聚春水餃 台北天母店,SUCCESS,59,4.5,270,20260825232752_97972a9e_聚春水餃_台北天母店.json,https://www.ubereats.com/tw/store/%E8%81%9A%E6%98%A5%E6%B0%B4%E9%A4%83-%E5%8F%B0%E5%8C%97%E5%A4%A9%E6%AF%8D%E5%BA%97/OVHewD5UUTe8XFiHFWxMUg
2026-08-25,台北市士林區中山北路七段81巷,63845b600009a04c001d76f965e5e07c,Zet’s Kuki 澤特餅乾匈牙利煙囪捲士林店,SUCCESS,36,4.7,34,20260825232752_63845b60_Zet’s_Kuki_澤特餅乾匈牙利煙囪捲士林店.json,https://www.ubereats.com/tw/store/zets-kuki-%E6%BE%A4%E7%89%B9%E9%A4%85%E4%B9%BE%E5%8C%88%E7%89%99%E5%88%A9%E7%85%99%E5%9B%AA%E6%8D%B2%E5%A3%AB%E6%9E%97%E5%BA%97/C5Tn_WMJVYW33Np4h3e0yA
2026-08-25,台北市士林區中山北路七段81巷,098cc9c838897e4d7d4dd2528c145339,來福記豆漿 北投店,SUCCESS,78,4.5,1000,20260825232752_098cc9c8_來福記豆漿_北投店.json,https://www.ubereats.com/tw/store/%E4%BE%86%E7%A6%8F%E8%A8%98%E8%B1%86%E6%BC%BF-%E5%8C%97%E6%8A%95%E5%BA%97/dREpZ8AyVvuzbQBRfuM9rg
2026-08-25,台北市士林區中山北路七段81巷,d11a4c3c4df382e8e76b091e8d9b2d4a,士林夜市 第一家鍋燒麵,SUCCESS,105,4.8,1000,20260825232752_d11a4c3c_士林夜市_第一家鍋燒麵.json,https://www.ubereats.com/tw/store/%E5%A3%AB%E6%9E%97%E5%A4%9C%E5%B8%82-%E7%AC%AC%E4%B8%80%E5%AE%B6%E9%8D%8B%E7%87%92%E9%BA%B5/AJjpN1QBTR2nrLzVJlW1pA
2026-08-25,台北市士林區中山北路七段81巷,b21d3fb45114f852679fe4fb6d1d3620,龍鱗拉麵 士林店,SUCCESS,38,4.8,46,20260825232752_b21d3fb4_龍鱗拉麵_士林店.json,https://www.ubereats.com/tw/store/%E9%BE%8D%E9%B1%97%E6%8B%89%E9%BA%B5-%E5%A3%AB%E6%9E%97%E5%BA%97/foGZl2LTWHKKvsLEzDL1ew
2026-08-25,台北市士林區中山北路七段81巷,906e4ef835ede6ea62d85da37d1c9bff,酸研酸魚 重慶酸菜魚 竹圍店,SUCCESS,83,4.5,500,20260825232752_906e4ef8_酸研酸魚_重慶酸菜魚_竹圍店.json,https://www.ubereats.com/tw/store/%E9%85%B8%E7%A0%94%E9%85%B8%E9%AD%9A-%E9%87%8D%E6%85%B6%E9%85%B8%E8%8F%9C%E9%AD%9A-%E7%AB%B9%E5%9C%8D%E5%BA%97/OCW-ZCs8Uh-p1hS5vvw0Pw
2026-08-25,台北市士林區中山北路七段81巷,a779f6a58c54c4c1853f0f2b0db1a53b,安鳥居酒屋,SUCCESS,30,,,20260825232752_a779f6a5_安鳥居酒屋.json,https://www.ubereats.com/tw/store/%E5%AE%89%E9%B3%A5%E5%B1%85%E9%85%92%E5%B1%8B/FaQUHyIqVpiXpAsccGuiag
2026-08-25,台北市士林區中山北路七段81巷,88c35b51bfa53411896a2152c5316bf9,元氣中.西.宵夜餐,SUCCESS,116,4.5,500,20260825232752_88c35b51_元氣中.西.宵夜餐.json,https://www.ubereats.com/tw/store/%E5%85%83%E6%B0%A3%E4%B8%AD%E8%A5%BF%E5%AE%B5%E5%A4%9C%E9%A4%90/FCq29a79XFq7aOB9qxOL2Q
2026-08-25,台北市士林區中山北路七段81巷,951415599201638334b139e7c0b5f33c,炒飯匠 士林基河店,SUCCESS,69,4.7,1000,20260825232752_95141559_炒飯匠_士林基河店.json,https://www.ubereats.com/tw/store/%E7%82%92%E9%A3%AF%E5%8C%A0-%E5%A3%AB%E6%9E%97%E5%9F%BA%E6%B2%B3%E5%BA%97/XGRPuLKuVR-bzAYJMWVf0Q
2026-08-25,台北市士林區中山北路七段81巷,afc7dc666743cac8388f575d8aca75d8,川湘麻辣燙 北投自強店,SUCCESS,98,4.6,500,20260825232752_afc7dc66_川湘麻辣燙_北投自強店.json,https://www.ubereats.com/tw/store/%E5%B7%9D%E6%B9%98%E9%BA%BB%E8%BE%A3%E7%87%99-%E5%8C%97%E6%8A%95%E8%87%AA%E5%BC%B7%E5%BA%97/oF7ebz07V56WUFiXxZorDg
2026-08-25,台北市士林區中山北路七段81巷,af72d66697ecd6811e4dc1deaa92c732,石牌夜市 雞Thai鹹水雞泰式雞,SUCCESS,67,4.8,1000,20260825232752_af72d666_石牌夜市_雞Thai鹹水雞泰式雞.json,https://www.ubereats.com/tw/store/%E7%9F%B3%E7%89%8C%E5%A4%9C%E5%B8%82-%E9%9B%9Ethai%E9%B9%B9%E6%B0%B4%E9%9B%9E%E6%B3%B0%E5%BC%8F%E9%9B%9E/AN6pf_lBVtiKUh-SMBwacQ
2026-08-25,台北市士林區中山北路七段81巷,8c3b847acd02afdf8d6db58251b1e1e4,莊家班萬華麻油雞 天母店,SUCCESS,33,4.8,5000,20260825232752_8c3b847a_莊家班萬華麻油雞_天母店.json,https://www.ubereats.com/tw/store/%E8%8E%8A%E5%AE%B6%E7%8F%AD%E8%90%AC%E8%8F%AF%E9%BA%BB%E6%B2%B9%E9%9B%9E-%E5%A4%A9%E6%AF%8D%E5%BA%97/1HLAUlVmRUi8IG_F2m_Uyw
2026-08-25,台北市士林區中山北路七段81巷,33d69c6c1ce054f859d742929a029340,石牌夜市 石牌沙威碼,SUCCESS,4,4.7,500,20260825232752_33d69c6c_石牌夜市_石牌沙威碼.json,https://www.ubereats.com/tw/store/%E7%9F%B3%E7%89%8C%E5%A4%9C%E5%B8%82-%E7%9F%B3%E7%89%8C%E6%B2%99%E5%A8%81%E7%A2%BC/-oUB-buiQ8KJZLcNgbzofw
2026-08-25,台北市士林區中山北路七段81巷,b860b4e198b3bf257de2f769c02e9f30,大苑子 台北天母店,SUCCESS,133,4.9,9000,20260825232752_b860b4e1_大苑子_台北天母店.json,https://www.ubereats.com/tw/store/%E5%A4%A7%E8%8B%91%E5%AD%90-%E5%8F%B0%E5%8C%97%E5%A4%A9%E6%AF%8D%E5%BA%97/1SVQ3M3XQEaWTrVJQbnhAQ
2026-08-25,台北市士林區中山北路七段81巷,0b07499931f7fdc14483998a8e9f3520,老林家滷味 冷熱乾滷味,SUCCESS,9,5,8,20260825232752_0b074999_老林家滷味_冷熱乾滷味.json,https://www.ubereats.com/tw/store/%E8%80%81%E6%9E%97%E5%AE%B6%E6%BB%B7%E5%91%B3-%E5%86%B7%E7%86%B1%E4%B9%BE%E6%BB%B7%E5%91%B3/7PbeYytkXMuLZhQrWhPpQQ
2026-08-25,台北市士林區中山北路七段81巷,cb3ef799240401f3faa09ebcb5bb4085,邱記碳烤 石牌店,SUCCESS,49,4.6,600,20260825232752_cb3ef799_邱記碳烤_石牌店.json,https://www.ubereats.com/tw/store/%E9%82%B1%E8%A8%98%E7%A2%B3%E7%83%A4-%E7%9F%B3%E7%89%8C%E5%BA%97/t2PmdRVeV4SFdLG_7w9h1w
2026-08-25,台北市士林區中山北路七段81巷,53a784b034c5cec3ffc230a3d9b293fb,鬍鬚 紅麵線 炸臭豆腐,SUCCESS,30,4.8,6000,20260825232752_53a784b0_鬍鬚_紅麵線_炸臭豆腐.json,https://www.ubereats.com/tw/store/%E9%AC%8D%E9%AC%9A-%E7%B4%85%E9%BA%B5%E7%B7%9A-%E7%82%B8%E8%87%AD%E8%B1%86%E8%85%90/DhfaIB94SxuEobBgnLEwNw
2026-08-25,台北市士林區中山北路七段81巷,239a99fcb7bae90612e68eb01b40b2bf,烏弄 士林芝山店,SUCCESS,64,4.9,5000,20260825232752_239a99fc_烏弄_士林芝山店.json,https://www.ubereats.com/tw/store/%E7%83%8F%E5%BC%84-%E5%A3%AB%E6%9E%97%E8%8A%9D%E5%B1%B1%E5%BA%97/dK5AXv4dT5OEIW829I92eg
2026-08-25,台北市士林區中山北路七段81巷,68a1804e32994bd2b36049677ad51b1c,紅茶巴士Black Tea Bus 北投石牌站,SUCCESS,59,4.8,320,20260825232752_68a1804e_紅茶巴士Black_Tea_Bus_北投石牌站.json,https://www.ubereats.com/tw/store/%E7%B4%85%E8%8C%B6%E5%B7%B4%E5%A3%ABblack-tea-bus-%E5%8C%97%E6%8A%95%E7%9F%B3%E7%89%8C%E7%AB%99/5G-ci79tW5u8WaWmk5lnmg
2026-08-25,台北市士林區中山北路七段81巷,f965c818c8f314679bf670e1759d1d24,冰豆綠豆沙 石牌店,SUCCESS,25,4.9,73,20260825232752_f965c818_冰豆綠豆沙_石牌店.json,https://www.ubereats.com/tw/store/%E5%86%B0%E8%B1%86%E7%B6%A0%E8%B1%86%E6%B2%99-%E7%9F%B3%E7%89%8C%E5%BA%97/vGU8yg7IV9ihV7vfMkJNXg
2026-08-25,台北市士林區中山北路七段81巷,7ef331077bcc6ba73009448fa1537c10,柒息地串燒居酒屋 天母店,SUCCESS,67,4.7,130,20260825232752_7ef33107_柒息地串燒居酒屋_天母店.json,https://www.ubereats.com/tw/store/%E6%9F%92%E6%81%AF%E5%9C%B0%E4%B8%B2%E7%87%92%E5%B1%85%E9%85%92%E5%B1%8B-%E5%A4%A9%E6%AF%8D%E5%BA%97/MhDoasN5ULKgZmFiQZi1nA
2026-08-25,台北市士林區中山北路七段81巷,8ebdae6265a3f701e7c388e2a81911bd,紅燈籠牛肉麵食館 天母店,SUCCESS,37,4.2,95,20260825232752_8ebdae62_紅燈籠牛肉麵食館_天母店.json,https://www.ubereats.com/tw/store/%E7%B4%85%E7%87%88%E7%B1%A0%E7%89%9B%E8%82%89%E9%BA%B5%E9%A3%9F%E9%A4%A8-%E5%A4%A9%E6%AF%8D%E5%BA%97/f6MTWYIeU7OEFB9WuXDYBw
2026-08-25,台北市士林區中山北路七段81巷,811a36a7ab9fc373edd8529ce382b811,滿川香麻辣燙 螺螄粉 酸辣粉專賣 石牌店,SUCCESS,46,4.7,3000,20260825232752_811a36a7_滿川香麻辣燙_螺螄粉_酸辣粉專賣_石牌店.json,https://www.ubereats.com/tw/store/%E6%BB%BF%E5%B7%9D%E9%A6%99%E9%BA%BB%E8%BE%A3%E7%87%99-%E8%9E%BA%E8%9E%84%E7%B2%89-%E9%85%B8%E8%BE%A3%E7%B2%89%E5%B0%88%E8%B3%A3-%E7%9F%B3%E7%89%8C%E5%BA%97/XDZbdBCiQxOVSBhOazfE8g
2026-08-25,台北市士林區中山北路七段81巷,0db366a0b1478e4e05d3c4b6a6f81f39,岡山羊肉大王 基河店,SUCCESS,55,4.6,140,20260825232752_0db366a0_岡山羊肉大王_基河店.json,https://www.ubereats.com/tw/store/%E5%B2%A1%E5%B1%B1%E7%BE%8A%E8%82%89%E5%A4%A7%E7%8E%8B-%E5%9F%BA%E6%B2%B3%E5%BA%97/b05dnByKW6G0UblEQVTbRg
2026-08-25,台北市士林區中山北路七段81巷,bb4ed409cbed9b54fa36adbdd5af3770,三根居酒屋,SUCCESS,37,4.9,200,20260825232752_bb4ed409_三根居酒屋.json,https://www.ubereats.com/tw/store/%E4%B8%89%E6%A0%B9%E5%B1%85%E9%85%92%E5%B1%8B/HQldD57sUm6UVOx0hhBn2Q
2026-08-25,台北市士林區中山北路七段81巷,f70b3d2aa35efe2b4beddcdc2511f5bd,雞老闆桶仔雞士林夜市店,SUCCESS,87,4.8,260,20260825232752_f70b3d2a_雞老闆桶仔雞士林夜市店.json,https://www.ubereats.com/tw/store/%E9%9B%9E%E8%80%81%E9%97%86%E6%A1%B6%E4%BB%94%E9%9B%9E%E5%A3%AB%E6%9E%97%E5%A4%9C%E5%B8%82%E5%BA%97/ETOjebvhXdalKPpvUYa11Q
2026-08-25,台北市士林區中山北路七段81巷,1ae9c0c10eb9c24d470113970e9826fa,椿禾 塩拉麵 雞白湯,SUCCESS,28,4.7,92,20260825232752_1ae9c0c1_椿禾_塩拉麵_雞白湯.json,https://www.ubereats.com/tw/store/%E6%A4%BF%E7%A6%BE-%E5%A1%A9%E6%8B%89%E9%BA%B5-%E9%9B%9E%E7%99%BD%E6%B9%AF/Nm9qcCUqXbK9-eWbjjeEfg
2026-08-25,台北市士林區中山北路七段81巷,5c5268d6c1f0f4bf0edb27a4e37676d7,牛魔王牛排館 士林店,SUCCESS,15,4.6,1500,20260825232752_5c5268d6_牛魔王牛排館_士林店.json,https://www.ubereats.com/tw/store/%E7%89%9B%E9%AD%94%E7%8E%8B%E7%89%9B%E6%8E%92%E9%A4%A8-%E5%A3%AB%E6%9E%97%E5%BA%97/2m29x0qsS6i-af5qwERg9w
2026-08-25,台北市士林區中山北路七段81巷,7d8af7c1cf09512660f2f2a495211bd5,紅燈籠牛肉麵食館,SUCCESS,35,4.7,500,20260825232752_7d8af7c1_紅燈籠牛肉麵食館.json,https://www.ubereats.com/tw/store/%E7%B4%85%E7%87%88%E7%B1%A0%E7%89%9B%E8%82%89%E9%BA%B5%E9%A3%9F%E9%A4%A8/0XuJktXrSsyFfHer7SSCAw
2026-08-25,台北市士林區中山北路七段81巷,7ceb450521ddec248244cc50171f3259,士林夜市 爆燒骰子牛,SUCCESS,23,4.8,150,20260825232752_7ceb4505_士林夜市_爆燒骰子牛.json,https://www.ubereats.com/tw/store/%E5%A3%AB%E6%9E%97%E5%A4%9C%E5%B8%82-%E7%88%86%E7%87%92%E9%AA%B0%E5%AD%90%E7%89%9B/D0rjA46wUjKnz37NgCQ6Gg
2026-08-25,台北市士林區中山北路七段81巷,eccc7343c78f9fe416237c11d7508dc8,24小時 炸物 手搖飲料 飯類 石牌店,SUCCESS,48,3.9,140,20260825232752_eccc7343_24小時_炸物_手搖飲料_飯類_石牌店.json,https://www.ubereats.com/tw/store/24%E5%B0%8F%E6%99%82-%E7%82%B8%E7%89%A9-%E6%89%8B%E6%90%96%E9%A3%B2%E6%96%99-%E9%A3%AF%E9%A1%9E-%E7%9F%B3%E7%89%8C%E5%BA%97/1QXwoMUcWPywV3ZMud-nZQ
2026-08-25,台北市士林區中山北路七段81巷,0d634ab354581824c49da05bb1e1c77a,錢都日式涮涮鍋 士林芝山店,SUCCESS,132,4.8,900,20260825232752_0d634ab3_錢都日式涮涮鍋_士林芝山店.json,https://www.ubereats.com/tw/store/%E9%8C%A2%E9%83%BD%E6%97%A5%E5%BC%8F%E6%B6%AE%E6%B6%AE%E9%8D%8B-%E5%A3%AB%E6%9E%97%E8%8A%9D%E5%B1%B1%E5%BA%97/wavFe9q0X-ygtZGlhv1vmQ
2026-08-25,台北市士林區中山北路七段81巷,3094a551b06b670c61d4be7a18fb0739,北投羊肉焿,SUCCESS,41,4.7,1500,20260825232752_3094a551_北投羊肉焿.json,https://www.ubereats.com/tw/store/%E5%8C%97%E6%8A%95%E7%BE%8A%E8%82%89%E7%84%BF/Jy5HJ8QMQqGjT2eFmLzeFA
2026-08-25,台北市士林區中山北路七段81巷,507bd276d6c8803ecdd43870a8287543,粥大福  北投明德店,SUCCESS,69,4.8,3000,20260825232752_507bd276_粥大福__北投明德店.json,https://www.ubereats.com/tw/store/%E7%B2%A5%E5%A4%A7%E7%A6%8F-%E5%8C%97%E6%8A%95%E6%98%8E%E5%BE%B7%E5%BA%97/BBxLq8euVWiu12C4APERBg
2026-08-25,台北市士林區中山北路七段81巷,b1de4d0fb9b5b97117766cd7f04508e6,爆Q美式炸雞 大同延平店,SUCCESS,86,4.8,320,20260825232752_b1de4d0f_爆Q美式炸雞_大同延平店.json,https://www.ubereats.com/tw/store/%E7%88%86q%E7%BE%8E%E5%BC%8F%E7%82%B8%E9%9B%9E-%E5%A4%A7%E5%90%8C%E5%BB%B6%E5%B9%B3%E5%BA%97/ZMih4UaGXDWJyCIergLw8Q
2026-08-25,台北市士林區中山北路七段81巷,c1c13b507c560f9c5feec3fb0866c0c4,串串王燒烤,SUCCESS,33,3.8,32,20260825232752_c1c13b50_串串王燒烤.json,https://www.ubereats.com/tw/store/%E4%B8%B2%E4%B8%B2%E7%8E%8B%E7%87%92%E7%83%A4/EItYZGA0XjazYJHF75wUKw
2026-08-25,台北市士林區中山北路七段81巷,b988d78bdcef0aa5ef5d536eea2490f2,齊好食 養生 泡菜 水果 特調飲,SUCCESS,92,4.6,13,20260825232752_b988d78b_齊好食_養生_泡菜_水果_特調飲.json,https://www.ubereats.com/tw/store/%E9%BD%8A%E5%A5%BD%E9%A3%9F-%E9%A4%8A%E7%94%9F-%E6%B3%A1%E8%8F%9C-%E6%B0%B4%E6%9E%9C-%E7%89%B9%E8%AA%BF%E9%A3%B2/ZNt_0XIZXrubGx2GavWpmQ
2026-08-25,台北市士林區中山北路七段81巷,890a4dd2cc7ea24b1b12894b5dc2a83f,士林夜市 士林串燒,SUCCESS,80,4.6,500,20260825232752_890a4dd2_士林夜市_士林串燒.json,https://www.ubereats.com/tw/store/%E5%A3%AB%E6%9E%97%E5%A4%9C%E5%B8%82-%E5%A3%AB%E6%9E%97%E4%B8%B2%E7%87%92/8wyJlt36Ve2dlHEwWo1qtQ
2026-08-25,台北市士林區中山北路七段81巷,62f8de4c78099a46a84049bd50d95bdd,饗味鹹酥雞 台北士林店,SUCCESS,54,4.8,3000,20260825232752_62f8de4c_饗味鹹酥雞_台北士林店.json,https://www.ubereats.com/tw/store/%E9%A5%97%E5%91%B3%E9%B9%B9%E9%85%A5%E9%9B%9E-%E5%8F%B0%E5%8C%97%E5%A3%AB%E6%9E%97%E5%BA%97/0_-nUtW1RBW1DsifXQtH9A
2026-08-25,台北市士林區中山北路七段81巷,b13b7806bdf03b8fbbcab1a7520abd69,秋月の家 中式炒飯,SUCCESS,23,4.6,42,20260825232752_b13b7806_秋月の家_中式炒飯.json,https://www.ubereats.com/tw/store/%E7%A7%8B%E6%9C%88%E3%81%AE%E5%AE%B6-%E4%B8%AD%E5%BC%8F%E7%82%92%E9%A3%AF/-mN-dCFFVh-EsaQzl-zLow
2026-08-25,台北市士林區中山北路七段81巷,e5631369220e21d756453badc641760c,桶江軍滷味北投尊賢店,SUCCESS,108,4.8,2000,20260825232752_e5631369_桶江軍滷味北投尊賢店.json,https://www.ubereats.com/tw/store/%E6%A1%B6%E6%B1%9F%E8%BB%8D%E6%BB%B7%E5%91%B3%E5%8C%97%E6%8A%95%E5%B0%8A%E8%B3%A2%E5%BA%97/LPUEiwGLXyqcclddaEi4Aw
2026-08-25,台北市士林區中山北路七段81巷,fd5a12c649d5abd0ac68ef763cbe0a31,愛家鐵板燒,SUCCESS,29,3.7,69,20260825232752_fd5a12c6_愛家鐵板燒.json,https://www.ubereats.com/tw/store/%E6%84%9B%E5%AE%B6%E9%90%B5%E6%9D%BF%E7%87%92/SqTE7VAIVVWRKNBpiAvjxQ
2026-08-25,台北市士林區中山北路七段81巷,169f5ac9cf2695a94574349ed27575ad,北投牛小弟 總店,SUCCESS,23,4.8,2000,20260825232752_169f5ac9_北投牛小弟_總店.json,https://www.ubereats.com/tw/store/%E5%8C%97%E6%8A%95%E7%89%9B%E5%B0%8F%E5%BC%9F-%E7%B8%BD%E5%BA%97/4eoA3JA2RG-Zows7UG8hzw
2026-08-25,台北市士林區中山北路七段81巷,5ced3873fae979e9f8c98ed62ff99bfc,大腳阿公臭臭鍋,SUCCESS,20,4.9,2000,20260825232752_5ced3873_大腳阿公臭臭鍋.json,https://www.ubereats.com/tw/store/%E5%A4%A7%E8%85%B3%E9%98%BF%E5%85%AC%E8%87%AD%E8%87%AD%E9%8D%8B/I3_qgm3fQjWrm9UqfFyy6w
2026-08-25,台北市士林區中山北路七段81巷,1b6ae8f8cb8f56087288731b69c00b83,貴婦滷味 北投店,SUCCESS,75,4.7,1500,20260825232752_1b6ae8f8_貴婦滷味_北投店.json,https://www.ubereats.com/tw/store/%E8%B2%B4%E5%A9%A6%E6%BB%B7%E5%91%B3-%E5%8C%97%E6%8A%95%E5%BA%97/X43bAvHDQ12kmjwvo9eF0g
2026-08-25,台北市士林區中山北路七段81巷,02182b635a545438949440eedf15f3f5,烤Bar平價串燒,SUCCESS,70,4.7,1000,20260825232752_02182b63_烤Bar平價串燒.json,https://www.ubereats.com/tw/store/%E7%83%A4bar%E5%B9%B3%E5%83%B9%E4%B8%B2%E7%87%92/TUmczE3ZQEiPHFwmY4VnrA
2026-08-25,台北市士林區中山北路七段81巷,13c4bd2445958b635e0c635f9c971105,狀元滷味,SUCCESS,83,4.8,1500,20260825232752_13c4bd24_狀元滷味.json,https://www.ubereats.com/tw/store/%E7%8B%80%E5%85%83%E6%BB%B7%E5%91%B3/bEQkjpxVT3KI9b7rkA8BiQ
2026-08-25,台北市士林區中山北路七段81巷,0c44148fd5c38b4f7da6efad7be2414e,好滋味 炒飯 炒麵 炒泡麵,SUCCESS,64,4,95,20260825232752_0c44148f_好滋味_炒飯_炒麵_炒泡麵.json,https://www.ubereats.com/tw/store/%E5%A5%BD%E6%BB%8B%E5%91%B3-%E7%82%92%E9%A3%AF-%E7%82%92%E9%BA%B5-%E7%82%92%E6%B3%A1%E9%BA%B5/lzQRaDdTWdabGNCzt1T3cw
2026-08-25,台北市士林區中山北路七段81巷,2ef82d395e38e64149f2af43dadc4f68,香菓子嚴選水菓,SUCCESS,526,4.1,270,20260825232752_2ef82d39_香菓子嚴選水菓.json,https://www.ubereats.com/tw/store/%E9%A6%99%E8%8F%93%E5%AD%90%E5%9A%B4%E9%81%B8%E6%B0%B4%E8%8F%93/maHONIJOUK6fM6_rGKo5dg
2026-08-25,台北市士林區中山北路七段81巷,a4d0625872e8b9aaefe8fc1129658cc8,石牌夜市龍門東山鴨頭,SUCCESS,40,4.5,1000,20260825232752_a4d06258_石牌夜市龍門東山鴨頭.json,https://www.ubereats.com/tw/store/%E7%9F%B3%E7%89%8C%E5%A4%9C%E5%B8%82%E9%BE%8D%E9%96%80%E6%9D%B1%E5%B1%B1%E9%B4%A8%E9%A0%AD/v9yf_L2jQJiweoiIk6tF9w
2026-08-25,台北市士林區中山北路七段81巷,6bf026b441f3c323e00684c80dec8262,士林夜市 刁四麻辣燙,SUCCESS,13,4.5,310,20260825232752_6bf026b4_士林夜市_刁四麻辣燙.json,https://www.ubereats.com/tw/store/%E5%A3%AB%E6%9E%97%E5%A4%9C%E5%B8%82-%E5%88%81%E5%9B%9B%E9%BA%BB%E8%BE%A3%E7%87%99/4RpBEuItWLGv_YZXM4OrlQ
2026-08-25,台北市士林區中山北路七段81巷,c0d1c056271b1ffeedf8c58f02181fad,士林夜市 佳鴻 34號攤,SUCCESS,93,4.6,16,20260825232752_c0d1c056_士林夜市_佳鴻_34號攤.json,https://www.ubereats.com/tw/store/%E5%A3%AB%E6%9E%97%E5%A4%9C%E5%B8%82-%E4%BD%B3%E9%B4%BB-34%E8%99%9F%E6%94%A4/zT8nNBJVV6eGxJnrFkcEJw
2026-08-25,台北市士林區中山北路七段81巷,f1f1096fbe4bf1b400cd870f5d11ed76,哈買鹽酥雞,SUCCESS,57,4.7,260,20260825232752_f1f1096f_哈買鹽酥雞.json,https://www.ubereats.com/tw/store/%E5%93%88%E8%B2%B7%E9%B9%BD%E9%85%A5%E9%9B%9E/oz7fD-o6WRGTH3OJFF7jfw
2026-08-25,台北市士林區中山北路七段81巷,a168bf3b4887345cd12a60c6c7387cc3,三羊開泰,SUCCESS,25,4.8,360,20260825232752_a168bf3b_三羊開泰.json,https://www.ubereats.com/tw/store/%E4%B8%89%E7%BE%8A%E9%96%8B%E6%B3%B0/mLS0TdkWV1e-BhWSSm8Msg
2026-08-25,台北市士林區中山北路七段81巷,8920f76a29c3bf09b09726aba3e0e187,林家美味串燒小館 東華總店,SUCCESS,54,4.6,1000,20260825232752_8920f76a_林家美味串燒小館_東華總店.json,https://www.ubereats.com/tw/store/%E6%9E%97%E5%AE%B6%E7%BE%8E%E5%91%B3%E4%B8%B2%E7%87%92%E5%B0%8F%E9%A4%A8-%E6%9D%B1%E8%8F%AF%E7%B8%BD%E5%BA%97/AfOjWs5jSrCEmr6YUJ7c7w
2026-08-25,台北市士林區中山北路七段81巷,4764c134c219f03c70df7df686d47d58,胡家碳烤,SUCCESS,46,4.8,2000,20260825232752_4764c134_胡家碳烤.json,https://www.ubereats.com/tw/store/%E8%83%A1%E5%AE%B6%E7%A2%B3%E7%83%A4/Ayy0omqwTgijxRvh16JAJg
2026-08-25,台北市士林區中山北路七段81巷,a1a60e1a256a760233c6eb4e8907eb56,燈亮客來,SUCCESS,54,4.8,2000,20260825232752_a1a60e1a_燈亮客來.json,https://www.ubereats.com/tw/store/%E7%87%88%E4%BA%AE%E5%AE%A2%E4%BE%86/aK19db92SL6AX4H4wVYJFw
2026-08-25,台北市士林區中山北路七段81巷,299a5bb43ae03a4958bcdd21dd9f6aac,老院子手工湯包,SUCCESS,29,4.6,1000,20260825232752_299a5bb4_老院子手工湯包.json,https://www.ubereats.com/tw/store/%E8%80%81%E9%99%A2%E5%AD%90%E6%89%8B%E5%B7%A5%E6%B9%AF%E5%8C%85/4yOSmHsEXNy0FUZvk1ttpg
2026-08-25,台北市士林區中山北路七段81巷,3210e63943430b476d07c8b2de0f554f,士林夜市 刁四麻辣香鍋,SUCCESS,20,4.6,130,20260825232752_3210e639_士林夜市_刁四麻辣香鍋.json,https://www.ubereats.com/tw/store/%E5%A3%AB%E6%9E%97%E5%A4%9C%E5%B8%82-%E5%88%81%E5%9B%9B%E9%BA%BB%E8%BE%A3%E9%A6%99%E9%8D%8B/LVtPV7jAXuioeypVYSkDYQ
2026-08-25,台北市士林區中山北路七段81巷,3aa199c240c43f9dbcf538144139ffaa,石牌夜市 宇滷味 石牌店,SUCCESS,120,4.8,1500,20260825232752_3aa199c2_石牌夜市_宇滷味_石牌店.json,https://www.ubereats.com/tw/store/%E7%9F%B3%E7%89%8C%E5%A4%9C%E5%B8%82-%E5%AE%87%E6%BB%B7%E5%91%B3-%E7%9F%B3%E7%89%8C%E5%BA%97/7q2AnLLRSiCkEUQU0Rl-NA
2026-08-25,台北市士林區中山北路七段81巷,bcf30f896ddc7ce33bfdd395c164e8fd,川醉湘麻辣燙 北投光明店,SUCCESS,77,4.8,600,20260825232752_bcf30f89_川醉湘麻辣燙_北投光明店.json,https://www.ubereats.com/tw/store/%E5%B7%9D%E9%86%89%E6%B9%98%E9%BA%BB%E8%BE%A3%E7%87%99-%E5%8C%97%E6%8A%95%E5%85%89%E6%98%8E%E5%BA%97/W4Mh2umSVCCyeglsAi_q8A
2026-08-25,台北市士林區中山北路七段81巷,82af40b9fa7d31330cbae9bd2665be4b,釜山大叔,SUCCESS,94,4.4,450,20260825232752_82af40b9_釜山大叔.json,https://www.ubereats.com/tw/store/%E9%87%9C%E5%B1%B1%E5%A4%A7%E5%8F%94/PpHPrikyUy2pPdr4_FOivg
2026-08-25,台北市士林區中山北路七段81巷,8502066a34fcc06a5f16dde5ed728da5,馬尼炸雞,SUCCESS,41,4.8,2000,20260825232752_8502066a_馬尼炸雞.json,https://www.ubereats.com/tw/store/%E9%A6%AC%E5%B0%BC%E7%82%B8%E9%9B%9E/fPJbgoiXVPydH02yBvoNKg
2026-08-25,台北市士林區中山北路七段81巷,3f326f1411d3009733f806194f37b8a5,燒石鼎石頭小火鍋 內湖店,SUCCESS,75,4.8,1000,20260825232752_3f326f14_燒石鼎石頭小火鍋_內湖店.json,https://www.ubereats.com/tw/store/%E7%87%92%E7%9F%B3%E9%BC%8E%E7%9F%B3%E9%A0%AD%E5%B0%8F%E7%81%AB%E9%8D%8B-%E5%85%A7%E6%B9%96%E5%BA%97/0qjkdof0UrCbNdVIHI9k9g
2026-08-25,台北市士林區中山北路七段81巷,2b698fe8505a3cff59c4a0f7e3d381c5,食無忌羊肉焿 台北北投店,SUCCESS,29,4.4,47,20260825232752_2b698fe8_食無忌羊肉焿_台北北投店.json,https://www.ubereats.com/tw/store/%E9%A3%9F%E7%84%A1%E5%BF%8C%E7%BE%8A%E8%82%89%E7%84%BF-%E5%8F%B0%E5%8C%97%E5%8C%97%E6%8A%95%E5%BA%97/Vm1qoqcWXuimFIRs26jeiQ
2026-08-25,台北市士林區中山北路七段81巷,4e43878074544ae1ef37914e264be06b,哈哈活力站,SUCCESS,70,4.6,460,20260825232752_4e438780_哈哈活力站.json,https://www.ubereats.com/tw/store/%E5%93%88%E5%93%88%E6%B4%BB%E5%8A%9B%E7%AB%99/S_jxjrr0RqSPE-S4CURVJg
2026-08-25,台北市士林區中山北路七段81巷,27a524e3926c6dd0c4ad3c93f531ec03,MR SMILE 好吃雞排 內湖店,SUCCESS,57,4.7,1500,20260825232752_27a524e3_MR_SMILE_好吃雞排_內湖店.json,https://www.ubereats.com/tw/store/mr-smile-%E5%A5%BD%E5%90%83%E9%9B%9E%E6%8E%92-%E5%85%A7%E6%B9%96%E5%BA%97/-uHoy1y7T4mdS6PyHoe5LQ
2026-08-25,台北市士林區中山北路七段81巷,a0b1ec15789823e26769acd1b12b1c57,新素食儀,SUCCESS,16,4.8,180,20260825232752_a0b1ec15_新素食儀.json,https://www.ubereats.com/tw/store/%E6%96%B0%E7%B4%A0%E9%A3%9F%E5%84%80/qbR69XnnWMyMHK1kQENTJA
2026-08-25,台北市士林區中山北路七段81巷,14363bec56f25f0c8fede86393468b32,延平切仔麵小吃,SUCCESS,140,4.7,1500,20260825232752_14363bec_延平切仔麵小吃.json,https://www.ubereats.com/tw/store/%E5%BB%B6%E5%B9%B3%E5%88%87%E4%BB%94%E9%BA%B5%E5%B0%8F%E5%90%83/PQtJl3gjQtGnnOR1sa_leg
2026-08-25,台北市士林區中山北路七段81巷,f19ca706d5d3b7cd0fd2bc679ef1ef63,大力牛排 竹圍夜市牛排,SUCCESS,14,4.7,58,20260825232752_f19ca706_大力牛排_竹圍夜市牛排.json,https://www.ubereats.com/tw/store/%E5%A4%A7%E5%8A%9B%E7%89%9B%E6%8E%92-%E7%AB%B9%E5%9C%8D%E5%A4%9C%E5%B8%82%E7%89%9B%E6%8E%92/wi56HD5-Vui6Dpnfr-lSDQ
2026-08-25,台北市士林區中山北路七段81巷,5c13b4a382576327985479437e92108d,赤九小火鍋 台北士林店,SUCCESS,62,3.5,100,20260825232752_5c13b4a3_赤九小火鍋_台北士林店.json,https://www.ubereats.com/tw/store/%E8%B5%A4%E4%B9%9D%E5%B0%8F%E7%81%AB%E9%8D%8B-%E5%8F%B0%E5%8C%97%E5%A3%AB%E6%9E%97%E5%BA%97/h52iBKmJUPWzUQWxrDfAqQ
2026-08-25,台北市士林區中山北路七段81巷,7473fbddc675c5bce612d8dbb66f8661,金記食堂 咖哩雞肉飯 粥品專賣,SUCCESS,41,4.5,8,20260825232752_7473fbdd_金記食堂_咖哩雞肉飯_粥品專賣.json,https://www.ubereats.com/tw/store/%E9%87%91%E8%A8%98%E9%A3%9F%E5%A0%82-%E5%92%96%E5%93%A9%E9%9B%9E%E8%82%89%E9%A3%AF-%E7%B2%A5%E5%93%81%E5%B0%88%E8%B3%A3/eSk7HxIEUzGecykRcnTQpg
2026-08-25,台北市士林區中山北路七段81巷,aa03d86f78843f972337826062ecd78b,酒加菜海鮮熱炒店,SUCCESS,25,4.8,500,20260825232752_aa03d86f_酒加菜海鮮熱炒店.json,https://www.ubereats.com/tw/store/%E9%85%92%E5%8A%A0%E8%8F%9C%E6%B5%B7%E9%AE%AE%E7%86%B1%E7%82%92%E5%BA%97/I1XNdPT6RK6ItO8EJIF1Jw
2026-08-25,台北市士林區中山北路七段81巷,6c605f452db88956751fe19da50d9044,高雄黑輪大王,SUCCESS,29,4.8,240,20260825232752_6c605f45_高雄黑輪大王.json,https://www.ubereats.com/tw/store/%E9%AB%98%E9%9B%84%E9%BB%91%E8%BC%AA%E5%A4%A7%E7%8E%8B/T_pduMxOUtuRok9azU8OoQ
2026-08-25,台北市士林區中山北路七段81巷,6c37cf886aa9273b4078f5e1b7fad604,磺港豆漿,SUCCESS,55,4.8,4000,20260825232752_6c37cf88_磺港豆漿.json,https://www.ubereats.com/tw/store/%E7%A3%BA%E6%B8%AF%E8%B1%86%E6%BC%BF/Wd4lq6jrTP2Dey8IPNWNlA
2026-08-25,台北市士林區中山北路七段81巷,abf5285ea915b516a2e14a792bc5b1b7,開源社香雞排 福國店,SUCCESS,30,4.7,1000,20260825232752_abf5285e_開源社香雞排_福國店.json,https://www.ubereats.com/tw/store/%E9%96%8B%E6%BA%90%E7%A4%BE%E9%A6%99%E9%9B%9E%E6%8E%92-%E7%A6%8F%E5%9C%8B%E5%BA%97/cPAPTRXSRnirS49PfLY-iA
2026-08-25,台北市士林區中山北路七段81巷,4887d3ab15c3249f81bcc2088d0d56b1,士林夜市 惠姊滷味,SUCCESS,55,4.7,210,20260825232752_4887d3ab_士林夜市_惠姊滷味.json,https://www.ubereats.com/tw/store/%E5%A3%AB%E6%9E%97%E5%A4%9C%E5%B8%82-%E6%83%A0%E5%A7%8A%E6%BB%B7%E5%91%B3/v6FeS5SgUiqoqz2y768cmA
2026-08-25,台北市士林區中山北路七段81巷,68333f59c8f774f1e8d60ed71e921fd7,港都熱炒 中山北概念店,SUCCESS,169,4.8,44,20260825232752_68333f59_港都熱炒_中山北概念店.json,https://www.ubereats.com/tw/store/%E6%B8%AF%E9%83%BD%E7%86%B1%E7%82%92-%E4%B8%AD%E5%B1%B1%E5%8C%97%E6%A6%82%E5%BF%B5%E5%BA%97/8Sa4a-mAUqqraFx8k4g8Yw
2026-08-25,台北市士林區中山北路七段81巷,c843164c2efe2a56e66cd79f8f84286d,健村水餃 錦州店,SUCCESS,9,3.6,10,20260825232752_c843164c_健村水餃_錦州店.json,https://www.ubereats.com/tw/store/%E5%81%A5%E6%9D%91%E6%B0%B4%E9%A4%83-%E9%8C%A6%E5%B7%9E%E5%BA%97/Jf2ICmvIVfuuUwNpZEbNbA
2026-08-25,台北市士林區中山北路七段81巷,e8abddb7074a2f2bb96544b885a35954,賴福串串燒雞蛋糕 ,SUCCESS,32,4.9,220,20260825232752_e8abddb7_賴福串串燒雞蛋糕.json,https://www.ubereats.com/tw/store/%E8%B3%B4%E7%A6%8F%E4%B8%B2%E4%B8%B2%E7%87%92%E9%9B%9E%E8%9B%8B%E7%B3%95/vSA6bxGJVT6hpMKirsMkkA
2026-08-25,台北市士林區中山北路七段81巷,672035fd3acb0ecf1b02e247abef1051,成隆號手作飲品,SUCCESS,52,4.7,130,20260825232752_672035fd_成隆號手作飲品.json,https://www.ubereats.com/tw/store/%E6%88%90%E9%9A%86%E8%99%9F%E6%89%8B%E4%BD%9C%E9%A3%B2%E5%93%81/rDCuK7TlX1KEYojGSe5ydw
2026-08-25,台北市士林區中山北路七段81巷,e3b9e437c9536ed1ef35b9c8b1c55774,Baka和牛餐酒館,SUCCESS,44,3.7,30,20260825232752_e3b9e437_Baka和牛餐酒館.json,https://www.ubereats.com/tw/store/baka%E5%92%8C%E7%89%9B%E9%A4%90%E9%85%92%E9%A4%A8/nFz3--JoW9SyYVwoQ_feuw
2026-08-25,台北市士林區中山北路七段81巷,27c9b76f014cd14c819d45b0f50d8ce6,台灣真有味鹽酥雞 北投,SUCCESS,50,4.7,1500,20260825232752_27c9b76f_台灣真有味鹽酥雞_北投.json,https://www.ubereats.com/tw/store/%E5%8F%B0%E7%81%A3%E7%9C%9F%E6%9C%89%E5%91%B3%E9%B9%BD%E9%85%A5%E9%9B%9E-%E5%8C%97%E6%8A%95/rCnuLUEJWbartwmN2qSlrQ
2026-08-25,台北市士林區中山北路七段81巷,d46cff3fae3ed5c6b92480ee34193189,石牌夜市 鹿鼎季小火鍋,SUCCESS,7,4.8,230,20260825232752_d46cff3f_石牌夜市_鹿鼎季小火鍋.json,https://www.ubereats.com/tw/store/%E7%9F%B3%E7%89%8C%E5%A4%9C%E5%B8%82-%E9%B9%BF%E9%BC%8E%E5%AD%A3%E5%B0%8F%E7%81%AB%E9%8D%8B/_NilPRkeW4mq3OYvGUKmgw
2026-08-25,台北市士林區中山北路七段81巷,17365af290069030aaecfa8ea1a294d8,白家十全藥燉排骨 大橋頭店,SUCCESS,31,4.8,300,20260825232752_17365af2_白家十全藥燉排骨_大橋頭店.json,https://www.ubereats.com/tw/store/%E7%99%BD%E5%AE%B6%E5%8D%81%E5%85%A8%E8%97%A5%E7%87%89%E6%8E%92%E9%AA%A8-%E5%A4%A7%E6%A9%8B%E9%A0%AD%E5%BA%97/hIQuNWvmUlK9y3R0q3u9Lw
2026-08-25,台北市士林區中山北路七段81巷,21fe791d752019e5b65f94d7e786bdbf,波哥雞排,SUCCESS,55,4.9,340,20260825232752_21fe791d_波哥雞排.json,https://www.ubereats.com/tw/store/%E6%B3%A2%E5%93%A5%E9%9B%9E%E6%8E%92/el70IlAfUROmlFszdrVf4g
2026-08-25,台北市士林區中山北路七段81巷,bed1329ff700769e013c81fb419ac64e,2538深夜食堂,SUCCESS,48,4.6,100,20260825232752_bed1329f_2538深夜食堂.json,https://www.ubereats.com/tw/store/2538%E6%B7%B1%E5%A4%9C%E9%A3%9F%E5%A0%82/m8hdeGBKXS2OEwhD0ytS2Q
2026-08-25,台北市士林區中山北路七段81巷,2523ff34f66159a9c79d1946645b5bf6,夢想麻辣燙,SUCCESS,24,4.8,390,20260825232752_2523ff34_夢想麻辣燙.json,https://www.ubereats.com/tw/store/%E5%A4%A2%E6%83%B3%E9%BA%BB%E8%BE%A3%E7%87%99/kz9TihgiVZSdHi2eT81lxA
2026-08-25,台北市士林區中山北路七段81巷,d4f45a5729c5a7effdb350115be3dc4b,士林大香腸,SUCCESS,3,4.9,46,20260825232752_d4f45a57_士林大香腸.json,https://www.ubereats.com/tw/store/%E5%A3%AB%E6%9E%97%E5%A4%A7%E9%A6%99%E8%85%B8/iIewt0wOWPaFvwgStEptsg
2026-08-25,台北市士林區中山北路七段81巷,f6173098d7b9332a8aef15d92554e93c,寧夏夜市 013阿妹海螺鳳爪,SUCCESS,8,4.5,420,20260825232752_f6173098_寧夏夜市_013阿妹海螺鳳爪.json,https://www.ubereats.com/tw/store/%E5%AF%A7%E5%A4%8F%E5%A4%9C%E5%B8%82-013%E9%98%BF%E5%A6%B9%E6%B5%B7%E8%9E%BA%E9%B3%B3%E7%88%AA/6mt9vEZAR2GDz3Mq1AJKuA
2026-08-25,台北市士林區中山北路七段81巷,0d84ac9f0c2b5b69f091f6a6d15fef08,知味古早味鹹酥雞,SUCCESS,62,4.8,88,20260825232752_0d84ac9f_知味古早味鹹酥雞.json,https://www.ubereats.com/tw/store/%E7%9F%A5%E5%91%B3%E5%8F%A4%E6%97%A9%E5%91%B3%E9%B9%B9%E9%85%A5%E9%9B%9E/oyQ5_TNbWVWgqjUd_uE8ig
2026-08-25,台北市士林區中山北路七段81巷,291a837fb96af3b0d77343335e2d03d8,錦州德惠小吃館,SUCCESS,227,4.4,500,20260825232752_291a837f_錦州德惠小吃館.json,https://www.ubereats.com/tw/store/%E9%8C%A6%E5%B7%9E%E5%BE%B7%E6%83%A0%E5%B0%8F%E5%90%83%E9%A4%A8/Pw_hk8cdUz2eRx9m7iQ2UA
2026-08-25,台北市士林區中山北路七段81巷,fb273cf25478b6132e3bae58725842fc,清玉 西湖店,SUCCESS,94,4.8,2000,20260825232752_fb273cf2_清玉_西湖店.json,https://www.ubereats.com/tw/store/%E6%B8%85%E7%8E%89-%E8%A5%BF%E6%B9%96%E5%BA%97/5YUWwoQgTc-FOHCd1gmJ7g
2026-08-25,台北市士林區中山北路七段81巷,616494beb41ec5a986abbc1311f41def,抓抓樂蔥抓餅專賣,SUCCESS,21,4.9,260,20260825232752_616494be_抓抓樂蔥抓餅專賣.json,https://www.ubereats.com/tw/store/%E6%8A%93%E6%8A%93%E6%A8%82%E8%94%A5%E6%8A%93%E9%A4%85%E5%B0%88%E8%B3%A3/t4bxLTBXWfiggzlfQGKY5w
2026-08-25,台北市士林區中山北路七段81巷,4c3f06a9101c942dd79d2855df18532f,Vüg Ka 餐酒食,SUCCESS,17,,,20260825232752_4c3f06a9_Vüg_Ka_餐酒食.json,https://www.ubereats.com/tw/store/vug-ka-%E9%A4%90%E9%85%92%E9%A3%9F/PixT1f8YV0y_MZogJDJ6lg
2026-08-25,台北市士林區中山北路七段81巷,446a277eb0f9bed0237d2b8f879ce72b,士林夜市 北投炸彈蔥油餅,SUCCESS,39,4.9,320,20260825232752_446a277e_士林夜市_北投炸彈蔥油餅.json,https://www.ubereats.com/tw/store/%E5%A3%AB%E6%9E%97%E5%A4%9C%E5%B8%82-%E5%8C%97%E6%8A%95%E7%82%B8%E5%BD%88%E8%94%A5%E6%B2%B9%E9%A4%85/R4P99zEZWgui0plGyrEZHQ
2026-08-25,台北市士林區中山北路七段81巷,d52b9b8e29aaccaeb550b02c05ac2c5f,麻津家麻辣小火鍋,SUCCESS,25,4.9,28,20260825232752_d52b9b8e_麻津家麻辣小火鍋.json,https://www.ubereats.com/tw/store/%E9%BA%BB%E6%B4%A5%E5%AE%B6%E9%BA%BB%E8%BE%A3%E5%B0%8F%E7%81%AB%E9%8D%8B/ewW7ouoTXgyVECALqRU4Zw
2026-08-25,台北市士林區中山北路七段81巷,b8706f7025d3aa76b0f554e88f3ce00f,源辣麻辣燙,SUCCESS,8,4.9,900,20260825232752_b8706f70_源辣麻辣燙.json,https://www.ubereats.com/tw/store/%E6%BA%90%E8%BE%A3%E9%BA%BB%E8%BE%A3%E7%87%99/V_XVeBlPWTGMJnEZEnutWg
2026-08-25,台北市士林區中山北路七段81巷,6f72edfc71a1e4c830d997331880bcc9,焦糖楓漢方串燒無烟撒粉 大直店,SUCCESS,72,4.5,49,20260825232752_6f72edfc_焦糖楓漢方串燒無烟撒粉_大直店.json,https://www.ubereats.com/tw/store/%E7%84%A6%E7%B3%96%E6%A5%93%E6%BC%A2%E6%96%B9%E4%B8%B2%E7%87%92%E7%84%A1%E7%83%9F%E6%92%92%E7%B2%89-%E5%A4%A7%E7%9B%B4%E5%BA%97/SfbEPKKDUuObxz60CqniXw
2026-08-25,台北市士林區中山北路七段81巷,983329fd4a51531b092f7915bb6bc9c0,多喝點 Drink More,SUCCESS,81,4.8,3000,20260825232752_983329fd_多喝點_Drink_More.json,https://www.ubereats.com/tw/store/%E5%A4%9A%E5%96%9D%E9%BB%9E-drink-more/2QGX3dAjQ5qEQmoMB4lo6w
2026-08-25,台北市士林區中山北路七段81巷,66aaee30929021d2b5dc2c1d3cf28f45,玉津咖啡 台北錦州店,SUCCESS,146,4.9,2000,20260825232752_66aaee30_玉津咖啡_台北錦州店.json,https://www.ubereats.com/tw/store/%E7%8E%89%E6%B4%A5%E5%92%96%E5%95%A1-%E5%8F%B0%E5%8C%97%E9%8C%A6%E5%B7%9E%E5%BA%97/GhjSA_0PQ4Wkb6GheXPNjQ
2026-08-25,台北市士林區中山北路七段81巷,64067cd2c31810254ccc3b21d02c6e51,五桐號WooTEA 大直店,SUCCESS,73,4.9,3000,20260825232752_64067cd2_五桐號WooTEA_大直店.json,https://www.ubereats.com/tw/store/%E4%BA%94%E6%A1%90%E8%99%9Fwootea-%E5%A4%A7%E7%9B%B4%E5%BA%97/y899hQYAQEWDiky0c27zng
2026-08-25,台北市士林區中山北路七段81巷,814f5bce5a959935d5301354183ae4b9,皇茗薑母鴨 台北昌吉店丨串燒熱炒,SUCCESS,109,4.7,200,20260825232752_814f5bce_皇茗薑母鴨_台北昌吉店丨串燒熱炒.json,https://www.ubereats.com/tw/store/%E7%9A%87%E8%8C%97%E8%96%91%E6%AF%8D%E9%B4%A8-%E5%8F%B0%E5%8C%97%E6%98%8C%E5%90%89%E5%BA%97%E4%B8%A8%E4%B8%B2%E7%87%92%E7%86%B1%E7%82%92/ljmBgi01UmmLGct1KosfTA
2026-08-25,台北市士林區中山北路七段81巷,ebdc9ae63148b5c9664b96a81ad6a055,潮州滷味 大直總店,SUCCESS,107,4.9,230,20260825232752_ebdc9ae6_潮州滷味_大直總店.json,https://www.ubereats.com/tw/store/%E6%BD%AE%E5%B7%9E%E6%BB%B7%E5%91%B3-%E5%A4%A7%E7%9B%B4%E7%B8%BD%E5%BA%97/lDVHRHiOVH28400lCll-ag
2026-08-25,台北市士林區中山北路七段81巷,8d33c9535720097e503cc587a06ed166,士林夜市 BOBEEB,SUCCESS,28,2.8,18,20260825232752_8d33c953_士林夜市_BOBEEB.json,https://www.ubereats.com/tw/store/%E5%A3%AB%E6%9E%97%E5%A4%9C%E5%B8%82-bobeeb/dBVUFUAyQdq8DURgLLCOBw
2026-08-25,台北市士林區中山北路七段81巷,40acfa7e097dde5a9632809fe0996170,寧夏夜市 孫董藥燉排骨,SUCCESS,39,4.5,100,20260825232752_40acfa7e_寧夏夜市_孫董藥燉排骨.json,https://www.ubereats.com/tw/store/%E5%AF%A7%E5%A4%8F%E5%A4%9C%E5%B8%82-%E5%AD%AB%E8%91%A3%E8%97%A5%E7%87%89%E6%8E%92%E9%AA%A8/ylQAAJxaV02Q-wUMV38lAg
2026-08-25,台北市士林區中山北路七段81巷,f9ecc9a7bb6b06476f05380054045017,湯正燉品屋,SUCCESS,47,4.5,190,20260825232752_f9ecc9a7_湯正燉品屋.json,https://www.ubereats.com/tw/store/%E6%B9%AF%E6%AD%A3%E7%87%89%E5%93%81%E5%B1%8B/VypZ9NhSUsKdv-jv3D9rpQ
2026-08-25,台北市士林區中山北路七段81巷,2909a421a760d6e960c7d38df85d0322,刁四麻辣燙 社子店,SUCCESS,24,4.4,230,20260825232752_2909a421_刁四麻辣燙_社子店.json,https://www.ubereats.com/tw/store/%E5%88%81%E5%9B%9B%E9%BA%BB%E8%BE%A3%E7%87%99-%E7%A4%BE%E5%AD%90%E5%BA%97/8Eko4hEjW4-B54qNCB_gyA
2026-08-25,台北市士林區中山北路七段81巷,dde0bcdeb43fba826fab3fc66cc2432d,士林夜市 今晚吃糖 冰糖葫蘆專賣店,SUCCESS,19,4.8,370,20260825232752_dde0bcde_士林夜市_今晚吃糖_冰糖葫蘆專賣店.json,https://www.ubereats.com/tw/store/%E5%A3%AB%E6%9E%97%E5%A4%9C%E5%B8%82-%E4%BB%8A%E6%99%9A%E5%90%83%E7%B3%96-%E5%86%B0%E7%B3%96%E8%91%AB%E8%98%86%E5%B0%88%E8%B3%A3%E5%BA%97/8vxBHWwzVFSFQ2nPBZpXdA
2026-08-25,台北市士林區中山北路七段81巷,afd5da927b6e7ce3f349bae8789b57f7,陳璁記銅鑼灣牛雜 晴光店,SUCCESS,16,4.6,35,20260825232752_afd5da92_陳璁記銅鑼灣牛雜_晴光店.json,https://www.ubereats.com/tw/store/%E9%99%B3%E7%92%81%E8%A8%98%E9%8A%85%E9%91%BC%E7%81%A3%E7%89%9B%E9%9B%9C-%E6%99%B4%E5%85%89%E5%BA%97/rgojGQSVVlKbTIp0ivNf7g
2026-08-25,台北市士林區中山北路七段81巷,b821b341685e5b9559096a63138576a8,三顧茅廬 台北農安店,SUCCESS,30,4.5,160,20260825232752_b821b341_三顧茅廬_台北農安店.json,https://www.ubereats.com/tw/store/%E4%B8%89%E9%A1%A7%E8%8C%85%E5%BB%AC-%E5%8F%B0%E5%8C%97%E8%BE%B2%E5%AE%89%E5%BA%97/4c8O_9VvWxq9F8xbMzayNw
2026-08-25,台北市士林區中山北路七段81巷,1dbf773aceb6ff759547d40134983ad1,嘉義雞肉飯 雙城夜市,SUCCESS,17,4.8,1000,20260825232752_1dbf773a_嘉義雞肉飯_雙城夜市.json,https://www.ubereats.com/tw/store/%E5%98%89%E7%BE%A9%E9%9B%9E%E8%82%89%E9%A3%AF-%E9%9B%99%E5%9F%8E%E5%A4%9C%E5%B8%82/mAa1VuJkQ1q0jxjo7SvJjA
2026-08-25,台北市士林區中山北路七段81巷,48210a7d852eb2993a3032522a0aa70e,宇滷味 竹圍店,SUCCESS,117,4.7,1000,20260825232752_48210a7d_宇滷味_竹圍店.json,https://www.ubereats.com/tw/store/%E5%AE%87%E6%BB%B7%E5%91%B3-%E7%AB%B9%E5%9C%8D%E5%BA%97/6OM4pFHjSLuA91j9QPOajA
2026-08-25,台北市士林區中山北路七段81巷,6d7d18a115b9496763d70e029e4c38d7,雙城夜市 溱溱果汁店,SUCCESS,35,4.9,900,20260825232752_6d7d18a1_雙城夜市_溱溱果汁店.json,https://www.ubereats.com/tw/store/%E9%9B%99%E5%9F%8E%E5%A4%9C%E5%B8%82-%E6%BA%B1%E6%BA%B1%E6%9E%9C%E6%B1%81%E5%BA%97/Tc1rcLQ0SHGFVTfDo5x3dQ
2026-08-25,台北市士林區中山北路七段81巷,1ead3a04e1d3a36ea78bd92b62cafdf9,叼饞重慶麻辣炸物 大同店,SUCCESS,54,4.7,220,20260825232752_1ead3a04_叼饞重慶麻辣炸物_大同店.json,https://www.ubereats.com/tw/store/%E5%8F%BC%E9%A5%9E%E9%87%8D%E6%85%B6%E9%BA%BB%E8%BE%A3%E7%82%B8%E7%89%A9-%E5%A4%A7%E5%90%8C%E5%BA%97/VaJ5qZXYUDCpKWJEgxWMtw
2026-08-25,台北市士林區中山北路七段81巷,41458f016d4f5aaea41af46201c1002f,淡大去骨鹹水雞 淡水竹圍店,SUCCESS,30,4.9,800,20260825232752_41458f01_淡大去骨鹹水雞_淡水竹圍店.json,https://www.ubereats.com/tw/store/%E6%B7%A1%E5%A4%A7%E5%8E%BB%E9%AA%A8%E9%B9%B9%E6%B0%B4%E9%9B%9E-%E6%B7%A1%E6%B0%B4%E7%AB%B9%E5%9C%8D%E5%BA%97/LbfnGmUARquehbYyOzKU_A
2026-08-25,台北市士林區中山北路七段81巷,daedf84f62ca6faaeaa031faddec2619,士林夜市 天天可麗餅專賣,SUCCESS,25,4.6,110,20260825232752_daedf84f_士林夜市_天天可麗餅專賣.json,https://www.ubereats.com/tw/store/%E5%A3%AB%E6%9E%97%E5%A4%9C%E5%B8%82-%E5%A4%A9%E5%A4%A9%E5%8F%AF%E9%BA%97%E9%A4%85%E5%B0%88%E8%B3%A3/8OcQIbU1WN61_h1WG7ZdAQ
2026-08-25,台北市士林區中山北路七段81巷,6e289a773c19841282d930885e78fc4c,心炸台式炸物(竹圍民族店),SUCCESS,51,4.8,1000,20260825232752_6e289a77_心炸台式炸物(竹圍民族店).json,https://www.ubereats.com/tw/store/%E5%BF%83%E7%82%B8%E5%8F%B0%E5%BC%8F%E7%82%B8%E7%89%A9%E7%AB%B9%E5%9C%8D%E6%B0%91%E6%97%8F%E5%BA%97/PeJ8Q8e6RUuWjYvlwKgUSw
2026-08-25,台北市士林區中山北路七段81巷,03682b074454225ad8b632d59344f12a,日安法式吐司甜點專門店,SUCCESS,9,,,20260825232752_03682b07_日安法式吐司甜點專門店.json,https://www.ubereats.com/tw/store/%E6%97%A5%E5%AE%89%E6%B3%95%E5%BC%8F%E5%90%90%E5%8F%B8%E7%94%9C%E9%BB%9E%E5%B0%88%E9%96%80%E5%BA%97/jji2oZZ7UeeeN2ibyDjDMA
2026-08-25,台北市士林區中山北路七段81巷,8ece92a0f1b9e791c851e6036f0c808e,頃刻間（綠豆沙牛奶/茶飲專賣）,SUCCESS,63,4.9,600,20260825232752_8ece92a0_頃刻間（綠豆沙牛奶_茶飲專賣）.json,https://www.ubereats.com/tw/store/%E9%A0%83%E5%88%BB%E9%96%93%E7%B6%A0%E8%B1%86%E6%B2%99%E7%89%9B%E5%A5%B6-%E8%8C%B6%E9%A3%B2%E5%B0%88%E8%B3%A3/7mVDYxV9XoqYgypWjwXtvw
2026-08-25,台北市士林區中山北路七段81巷,5465f0c7427325276f426727867eec84,么么洞之拐 民族店,SUCCESS,47,5,26,20260825232752_5465f0c7_么么洞之拐_民族店.json,https://www.ubereats.com/tw/store/%E4%B9%88%E4%B9%88%E6%B4%9E%E4%B9%8B%E6%8B%90-%E6%B0%91%E6%97%8F%E5%BA%97/OD5dCRx7UKiH3iPjUJC28g
2026-08-25,台北市士林區中山北路七段81巷,a4edc3eb024ee67a059c6ac7bc91172e,么么洞之拐 竹圍店,SUCCESS,51,4.9,1000,20260825232752_a4edc3eb_么么洞之拐_竹圍店.json,https://www.ubereats.com/tw/store/%E4%B9%88%E4%B9%88%E6%B4%9E%E4%B9%8B%E6%8B%90-%E7%AB%B9%E5%9C%8D%E5%BA%97/E0fXPaYQUnKql0P2OcpMzw
2026-08-25,台北市士林區中山北路七段81巷,57c0d9d8f6567cdd2837b09852a1714e,清心福全 北投光明店,SUCCESS,117,4.9,1000,20260825232752_57c0d9d8_清心福全_北投光明店.json,https://www.ubereats.com/tw/store/%E6%B8%85%E5%BF%83%E7%A6%8F%E5%85%A8-%E5%8C%97%E6%8A%95%E5%85%89%E6%98%8E%E5%BA%97/Ab5qwl1qXE2ueRoCFLbKhw
2026-08-25,台北市士林區中山北路七段81巷,208d318f03a178ab21a28545093a7459,士林夜市 好吸HITS THE SPOT 大南店,SUCCESS,93,4.8,260,20260825232752_208d318f_士林夜市_好吸HITS_THE_SPOT_大南店.json,https://www.ubereats.com/tw/store/%E5%A3%AB%E6%9E%97%E5%A4%9C%E5%B8%82-%E5%A5%BD%E5%90%B8hits-the-spot-%E5%A4%A7%E5%8D%97%E5%BA%97/thkh-MjgTLicKcd4WV_6dQ
2026-08-25,台北市士林區中山北路七段81巷,f33f63b722a006b5809f5fbab95f0b04,士林夜市 墨拿molabo,SUCCESS,34,,,20260825232752_f33f63b7_士林夜市_墨拿molabo.json,https://www.ubereats.com/tw/store/%E5%A3%AB%E6%9E%97%E5%A4%9C%E5%B8%82-%E5%A2%A8%E6%8B%BFmolabo/YnAXg1MZXJKmkRv2Dt0vUw
2026-08-25,台北市士林區中山北路七段81巷,9a7b27e497c98aa7728dfd39d6ba6260,士林夜市 純濃厚青草茶舖,SUCCESS,33,4.7,440,20260825232752_9a7b27e4_士林夜市_純濃厚青草茶舖.json,https://www.ubereats.com/tw/store/%E5%A3%AB%E6%9E%97%E5%A4%9C%E5%B8%82-%E7%B4%94%E6%BF%83%E5%8E%9A%E9%9D%92%E8%8D%89%E8%8C%B6%E8%88%96/p_11RWPXQo2-k1DfDbTZ-Q
2026-08-25,台北市士林區中山北路七段81巷,5673658a0f380e5d3a579a3cdf4dda55,晴光商圈 長金鮮果吧,SUCCESS,24,4.7,900,20260825232752_5673658a_晴光商圈_長金鮮果吧.json,https://www.ubereats.com/tw/store/%E6%99%B4%E5%85%89%E5%95%86%E5%9C%88-%E9%95%B7%E9%87%91%E9%AE%AE%E6%9E%9C%E5%90%A7/2bvpr-NgSEaU0mUl4vWAXA
2026-08-25,台北市士林區中山北路七段81巷,f0361827e8986423f0134006074bda2a,大餛飩小吃,SUCCESS,33,4.7,160,20260825232752_f0361827_大餛飩小吃.json,https://www.ubereats.com/tw/store/%E5%A4%A7%E9%A4%9B%E9%A3%A9%E5%B0%8F%E5%90%83/SH3P9j0VVmGz3GwQUYk5vw
2026-08-25,台北市士林區中山北路七段81巷,b7bbb0b9d9497cd93f028b86e4dbdffa,老賴茶棧 台北士林店,SUCCESS,147,4.9,4000,20260825232752_b7bbb0b9_老賴茶棧_台北士林店.json,https://www.ubereats.com/tw/store/%E8%80%81%E8%B3%B4%E8%8C%B6%E6%A3%A7-%E5%8F%B0%E5%8C%97%E5%A3%AB%E6%9E%97%E5%BA%97/MP0iWmjHQEuINgd17yaM7g
2026-08-25,台北市士林區中山北路七段81巷,5671610ea387d16d6e628895346ae2cc,陳記九龍城香港茶 台北士林店,SUCCESS,58,4.8,260,20260825232752_5671610e_陳記九龍城香港茶_台北士林店.json,https://www.ubereats.com/tw/store/%E9%99%B3%E8%A8%98%E4%B9%9D%E9%BE%8D%E5%9F%8E%E9%A6%99%E6%B8%AF%E8%8C%B6-%E5%8F%B0%E5%8C%97%E5%A3%AB%E6%9E%97%E5%BA%97/ZTxXGD9sTomsk2Xo9jHDag
2026-08-25,台北市士林區中山北路七段81巷,834107369c045b91666488dd8d7d0505,福州世祖胡椒餅,SUCCESS,1,4.9,500,20260825232752_83410736_福州世祖胡椒餅.json,https://www.ubereats.com/tw/store/%E7%A6%8F%E5%B7%9E%E4%B8%96%E7%A5%96%E8%83%A1%E6%A4%92%E9%A4%85/5kq48P_sRZCXItdZ21qY7g
2026-08-25,台北市士林區中山北路七段81巷,cd75fd7d685048e0c1b1727953c163bd,茶來張口 士林店,SUCCESS,62,4.9,1000,20260825232752_cd75fd7d_茶來張口_士林店.json,https://www.ubereats.com/tw/store/%E8%8C%B6%E4%BE%86%E5%BC%B5%E5%8F%A3-%E5%A3%AB%E6%9E%97%E5%BA%97/zVEasEmVTuWRK_NJl1ikjQ
2026-08-25,台北市士林區中山北路七段81巷,e9e67b29758418a5ad19b67644ce0edf,士林夜市  日本剪刀式脆皮雞蛋糕,SUCCESS,2,4.7,300,20260825232752_e9e67b29_士林夜市__日本剪刀式脆皮雞蛋糕.json,https://www.ubereats.com/tw/store/%E5%A3%AB%E6%9E%97%E5%A4%9C%E5%B8%82-%E6%97%A5%E6%9C%AC%E5%89%AA%E5%88%80%E5%BC%8F%E8%84%86%E7%9A%AE%E9%9B%9E%E8%9B%8B%E7%B3%95/LSHiHFkqQCaepeYgQxDd5g
2026-08-25,台北市士林區中山北路七段81巷,5a91b70c9408f4b74265a1e6d8a28ece,福雞排 劍潭店,SUCCESS,65,4.7,700,20260825232752_5a91b70c_福雞排_劍潭店.json,https://www.ubereats.com/tw/store/%E7%A6%8F%E9%9B%9E%E6%8E%92-%E5%8A%8D%E6%BD%AD%E5%BA%97/6Z5GlCWeV6eMOs14uZhkBA
2026-08-25,台北市士林區中山北路七段81巷,6c00011784dbb89c03d61ced2938cd49,恩熙的韓式燒肉便當專門店,SUCCESS,67,4.1,71,20260825232752_6c000117_恩熙的韓式燒肉便當專門店.json,https://www.ubereats.com/tw/store/%E6%81%A9%E7%86%99%E7%9A%84%E9%9F%93%E5%BC%8F%E7%87%92%E8%82%89%E4%BE%BF%E7%95%B6%E5%B0%88%E9%96%80%E5%BA%97/3FIG5BmHWamvoNLP2XEVtg
2026-08-25,台北市士林區中山北路七段81巷,bdc0a9b9d34fbd15fddd16a05045e630,冰狗冰品/茶飲/熱湯,SUCCESS,65,4.7,800,20260825232752_bdc0a9b9_冰狗冰品_茶飲_熱湯.json,https://www.ubereats.com/tw/store/%E5%86%B0%E7%8B%97%E5%86%B0%E5%93%81-%E8%8C%B6%E9%A3%B2-%E7%86%B1%E6%B9%AF/rb57q-tYW56gKeMroiRMPA
2026-08-25,台北市士林區中山北路七段81巷,4965b31adf1f9c3044a0005c412a4722,士林廟口老店 阿亮麵線,SUCCESS,4,4.9,120,20260825232752_4965b31a_士林廟口老店_阿亮麵線.json,https://www.ubereats.com/tw/store/%E5%A3%AB%E6%9E%97%E5%BB%9F%E5%8F%A3%E8%80%81%E5%BA%97-%E9%98%BF%E4%BA%AE%E9%BA%B5%E7%B7%9A/n13dxnqFUv2lPDEAiMxcVw
2026-08-25,台北市士林區中山北路七段81巷,1e0096fda32984b572121ddc4e022d9e,雙城街夜市 晴光臭豆腐,SUCCESS,7,4.7,700,20260825232752_1e0096fd_雙城街夜市_晴光臭豆腐.json,https://www.ubereats.com/tw/store/%E9%9B%99%E5%9F%8E%E8%A1%97%E5%A4%9C%E5%B8%82-%E6%99%B4%E5%85%89%E8%87%AD%E8%B1%86%E8%85%90/XAlVbhroW-GtyKMLdmXYOg
2026-08-25,台北市士林區中山北路七段81巷,9f66b6e001395db07887ba02dfb485b6,士林夜市 泰愛了手工泰式奶茶,SUCCESS,76,4.9,86,20260825232752_9f66b6e0_士林夜市_泰愛了手工泰式奶茶.json,https://www.ubereats.com/tw/store/%E5%A3%AB%E6%9E%97%E5%A4%9C%E5%B8%82-%E6%B3%B0%E6%84%9B%E4%BA%86%E6%89%8B%E5%B7%A5%E6%B3%B0%E5%BC%8F%E5%A5%B6%E8%8C%B6/AxrDuNm6W7uuRiVWO1MidQ
2026-08-25,台北市士林區中山北路七段81巷,4815e7fcfb3750afb56efa80ee9946ba,春花椒 川式滷味 竹圍店,SUCCESS,21,3.8,50,20260825232752_4815e7fc_春花椒_川式滷味_竹圍店.json,https://www.ubereats.com/tw/store/%E6%98%A5%E8%8A%B1%E6%A4%92-%E5%B7%9D%E5%BC%8F%E6%BB%B7%E5%91%B3-%E7%AB%B9%E5%9C%8D%E5%BA%97/Xxm2lXBMX3CTVaSm0cW6BA
2026-08-25,台北市士林區中山北路七段81巷,6bbb6e9974a5cbe68425fb7d8ae2dd01,雲祥麵食,SUCCESS,34,4.8,190,20260825232752_6bbb6e99_雲祥麵食.json,https://www.ubereats.com/tw/store/%E9%9B%B2%E7%A5%A5%E9%BA%B5%E9%A3%9F/fChXpxoaWkG92gXBczT-9g
2026-08-25,台北市士林區中山北路七段81巷,3ffd6bc754b34a36b7d2cdeeb7db3e82,北高雄鹽酥雞,SUCCESS,69,4.6,49,20260825232752_3ffd6bc7_北高雄鹽酥雞.json,https://www.ubereats.com/tw/store/%E5%8C%97%E9%AB%98%E9%9B%84%E9%B9%BD%E9%85%A5%E9%9B%9E/boh2GOnLUHuf9HyLJdoreA
2026-08-25,台北市士林區中山北路七段81巷,0bfcc7505c92362625d2f2c34f4499d8,士林玉米大王,SUCCESS,8,5,3,20260825232752_0bfcc750_士林玉米大王.json,https://www.ubereats.com/tw/store/%E5%A3%AB%E6%9E%97%E7%8E%89%E7%B1%B3%E5%A4%A7%E7%8E%8B/ZB6TitHjXj6zZzzx1ugZ8g
2026-08-25,台北市士林區中山北路七段81巷,cddae846f5aa3b470c33341f5b97163e,囍宅豆漿,SUCCESS,23,4.8,2000,20260825232752_cddae846_囍宅豆漿.json,https://www.ubereats.com/tw/store/%E5%9B%8D%E5%AE%85%E8%B1%86%E6%BC%BF/jBdGcPOCT2C8ep9Bz0nDrw
2026-08-25,台北市士林區中山北路七段81巷,f3f5ec319704efd0a6040c199d3eb10e,士林夜市 巫記青蛙下蛋,SUCCESS,17,4.7,400,20260825232752_f3f5ec31_士林夜市_巫記青蛙下蛋.json,https://www.ubereats.com/tw/store/%E5%A3%AB%E6%9E%97%E5%A4%9C%E5%B8%82-%E5%B7%AB%E8%A8%98%E9%9D%92%E8%9B%99%E4%B8%8B%E8%9B%8B/CVWrvL3bTWe_ojYPKFX1xw
2026-08-25,台北市士林區中山北路七段81巷,9b22f43992121cf0d47e1d6873f8432d,林阿娘麵線,SUCCESS,8,4.7,63,20260825232752_9b22f439_林阿娘麵線.json,https://www.ubereats.com/tw/store/%E6%9E%97%E9%98%BF%E5%A8%98%E9%BA%B5%E7%B7%9A/T0WyqbP3WAqP5w21HDgPnw
2026-08-25,台北市士林區中山北路七段81巷,5b626e6697c6811a08dba13df4c9b11b,A+豆漿 林森北路店,SUCCESS,52,4.6,1000,20260825232752_5b626e66_A+豆漿_林森北路店.json,https://www.ubereats.com/tw/store/a%2B%E8%B1%86%E6%BC%BF-%E6%9E%97%E6%A3%AE%E5%8C%97%E8%B7%AF%E5%BA%97/9qfdItH0S-ORHovi3ioYfA
2026-08-25,台北市士林區中山北路七段81巷,9c6ead92c5bdca1f32d17bc6cae424a1,雙城夜市 晴光仙草,SUCCESS,15,4.2,240,20260825232752_9c6ead92_雙城夜市_晴光仙草.json,https://www.ubereats.com/tw/store/%E9%9B%99%E5%9F%8E%E5%A4%9C%E5%B8%82-%E6%99%B4%E5%85%89%E4%BB%99%E8%8D%89/xCn-sWR0R32C9LazTBuRCA
2026-08-25,台北市士林區中山北路七段81巷,2d9050cadb7fa17a73b1e0ac7ff58b7f,良友藥燉排骨,SUCCESS,19,4.7,2000,20260825232752_2d9050ca_良友藥燉排骨.json,https://www.ubereats.com/tw/store/%E8%89%AF%E5%8F%8B%E8%97%A5%E7%87%89%E6%8E%92%E9%AA%A8/WaDW44KgReKEGuBGch4D0g
2026-08-25,台北市士林區中山北路七段81巷,1942db876e840efe9f51b16a93cbc14d,錨起來喝 台北晴光店,SUCCESS,42,4.9,1500,20260825232752_1942db87_錨起來喝_台北晴光店.json,https://www.ubereats.com/tw/store/%E9%8C%A8%E8%B5%B7%E4%BE%86%E5%96%9D-%E5%8F%B0%E5%8C%97%E6%99%B4%E5%85%89%E5%BA%97/SipKkat0SQmV1pmRZgD0zw
2026-08-25,台北市士林區中山北路七段81巷,e15ca5fc2e239e53633f1b496e46e6cd,冬暖夏涼堃記甜品,SUCCESS,9,4.7,500,20260825232752_e15ca5fc_冬暖夏涼堃記甜品.json,https://www.ubereats.com/tw/store/%E5%86%AC%E6%9A%96%E5%A4%8F%E6%B6%BC%E5%A0%83%E8%A8%98%E7%94%9C%E5%93%81/Jd64Ly8iRBGdpl394D_y5w
2026-08-25,台北市士林區中山北路七段81巷,7e6968e1555bd6440b16783756afc1c7,弘爺漢堡 三重五華店,SUCCESS,128,3.7,15,20260825232752_7e6968e1_弘爺漢堡_三重五華店.json,https://www.ubereats.com/tw/store/%E5%BC%98%E7%88%BA%E6%BC%A2%E5%A0%A1-%E4%B8%89%E9%87%8D%E4%BA%94%E8%8F%AF%E5%BA%97/uZuOKA6kVvi8nD4HP5ZYUQ
2026-08-25,台北市士林區中山北路七段81巷,c749cf65c5e5e9a2b9facdf52436f424,餃麵 雞濃湯麵,SUCCESS,17,4.8,11,20260825232752_c749cf65_餃麵_雞濃湯麵.json,https://www.ubereats.com/tw/store/%E9%A4%83%E9%BA%B5-%E9%9B%9E%E6%BF%83%E6%B9%AF%E9%BA%B5/9gKxZk5lUWqWyHCB5edQxA
2026-08-25,台北市士林區中山北路七段81巷,4c692134ab0a67f0660bcbaf9088e208,樂美早午餐,SUCCESS,277,,,20260825232752_4c692134_樂美早午餐.json,https://www.ubereats.com/tw/store/%E6%A8%82%E7%BE%8E%E6%97%A9%E5%8D%88%E9%A4%90/WiqjYLmkVKmU6l2Y-jdLxg
2026-08-25,台北市士林區中山北路七段81巷,b02ab91e475dc440e14e7aa85c14d25f,三重蘆洲水餃達人,SUCCESS,69,4.6,2000,20260825232752_b02ab91e_三重蘆洲水餃達人.json,https://www.ubereats.com/tw/store/%E4%B8%89%E9%87%8D%E8%98%86%E6%B4%B2%E6%B0%B4%E9%A4%83%E9%81%94%E4%BA%BA/B1VotcjMQV-xAa8-t5LHWw
2026-08-25,台北市士林區中山北路七段81巷,e2616aa43014584de6553084ee4f06fc,阿宏師涼麵嘉義雞肉飯 三重仁義店,SUCCESS,60,4.6,53,20260825232752_e2616aa4_阿宏師涼麵嘉義雞肉飯_三重仁義店.json,https://www.ubereats.com/tw/store/%E9%98%BF%E5%AE%8F%E5%B8%AB%E6%B6%BC%E9%BA%B5%E5%98%89%E7%BE%A9%E9%9B%9E%E8%82%89%E9%A3%AF-%E4%B8%89%E9%87%8D%E4%BB%81%E7%BE%A9%E5%BA%97/o-Dj_UgxXeudXsEcFX2vlQ
2026-08-25,台北市士林區中山北路七段81巷,bba0e3fbd15d3a396f18ea4780c33993,第一胡椒蝦 泰國蝦料理 l 燒烤,SUCCESS,48,4.2,53,20260825232752_bba0e3fb_第一胡椒蝦_泰國蝦料理_l_燒烤.json,https://www.ubereats.com/tw/store/%E7%AC%AC%E4%B8%80%E8%83%A1%E6%A4%92%E8%9D%A6-%E6%B3%B0%E5%9C%8B%E8%9D%A6%E6%96%99%E7%90%86-l-%E7%87%92%E7%83%A4/1meJGbE4VwujjcViYbL7zw
2026-08-25,台北市士林區中山北路七段81巷,c3dfb822d913da34ccfc3826a161b917,古早味串烤 炭烤雞排 BBQ,SUCCESS,128,4.9,15000,20260825232752_c3dfb822_古早味串烤_炭烤雞排_BBQ.json,https://www.ubereats.com/tw/store/%E5%8F%A4%E6%97%A9%E5%91%B3%E4%B8%B2%E7%83%A4-%E7%82%AD%E7%83%A4%E9%9B%9E%E6%8E%92-bbq/673MJ9lwSZOVC-UjCzCiMA
2026-08-25,台北市士林區中山北路七段81巷,503dea5428a852060ef198d4f12b73b1,1+1無煙串烤 燒烤 BBQ,SUCCESS,129,4.9,10000,20260825232752_503dea54_1+1無煙串烤_燒烤_BBQ.json,https://www.ubereats.com/tw/store/1%2B1%E7%84%A1%E7%85%99%E4%B8%B2%E7%83%A4-%E7%87%92%E7%83%A4-bbq/gClEr5isTTCpL-9DLWW8BA
2026-08-25,台北市士林區中山北路七段81巷,6c5b6ca76d0981a5da7e957fdef79474,喝茶吃麵,SUCCESS,59,5,4,20260825232752_6c5b6ca7_喝茶吃麵.json,https://www.ubereats.com/tw/store/%E5%96%9D%E8%8C%B6%E5%90%83%E9%BA%B5/0Auba2R1XNG-HyVLcjWJ7w
2026-08-25,台北市士林區中山北路七段81巷,9ba5efdd82fbcc3aca44b6977dacb0b0,岡山炒羊肉 三重自強店,SUCCESS,49,,,20260825232752_9ba5efdd_岡山炒羊肉_三重自強店.json,https://www.ubereats.com/tw/store/%E5%B2%A1%E5%B1%B1%E7%82%92%E7%BE%8A%E8%82%89-%E4%B8%89%E9%87%8D%E8%87%AA%E5%BC%B7%E5%BA%97/eUA7KH0WVaGWwD71KA0TOw
2026-08-25,台北市士林區中山北路七段81巷,cbeb4cf4f8b125fa837b332d016d3113,鍋加煲小火鍋煲仔飯,SUCCESS,46,4.7,500,20260825232752_cbeb4cf4_鍋加煲小火鍋煲仔飯.json,https://www.ubereats.com/tw/store/%E9%8D%8B%E5%8A%A0%E7%85%B2%E5%B0%8F%E7%81%AB%E9%8D%8B%E7%85%B2%E4%BB%94%E9%A3%AF/g8d2DYZiS2yG_OyOEl_s9Q
2026-08-25,台北市士林區中山北路七段81巷,76207a5cda6eba0faaedb282d72fad60,最餓早餐,SUCCESS,110,4.8,600,20260825232752_76207a5c_最餓早餐.json,https://www.ubereats.com/tw/store/%E6%9C%80%E9%A4%93%E6%97%A9%E9%A4%90/LdGGwuK4W8yEYTVKUyQq_A
2026-08-25,台北市士林區中山北路七段81巷,a62b1d6a2cc79a3978852d4073ba29f5,傻瓜丫頭 東山鴨頭麻辣滷味,SUCCESS,86,4.6,600,20260825232752_a62b1d6a_傻瓜丫頭_東山鴨頭麻辣滷味.json,https://www.ubereats.com/tw/store/%E5%82%BB%E7%93%9C%E4%B8%AB%E9%A0%AD-%E6%9D%B1%E5%B1%B1%E9%B4%A8%E9%A0%AD%E9%BA%BB%E8%BE%A3%E6%BB%B7%E5%91%B3/qMfV009OU3C_3IVsl4gqeA
2026-08-25,台北市士林區中山北路七段81巷,23d10f3e963bc375c52cc0d581545a1e,王鼎鮮烤,SUCCESS,20,,,20260825232752_23d10f3e_王鼎鮮烤.json,https://www.ubereats.com/tw/store/%E7%8E%8B%E9%BC%8E%E9%AE%AE%E7%83%A4/nHkf2w3nXqaMqqWbOdmI_A
2026-08-25,台北市士林區中山北路七段81巷,10ee1b202cde3cf42d1bcd9f40b7d2a2,香廚健康減醣餐盒,SUCCESS,38,4.4,15,20260825232752_10ee1b20_香廚健康減醣餐盒.json,https://www.ubereats.com/tw/store/%E9%A6%99%E5%BB%9A%E5%81%A5%E5%BA%B7%E6%B8%9B%E9%86%A3%E9%A4%90%E7%9B%92/yGLd1yRCVruitTvkxHr9kg
2026-08-25,台北市士林區中山北路七段81巷,ef7929120534a8489d4e61c7f9d339bd,山賊原木碳烤,SUCCESS,40,4.7,230,20260825232752_ef792912_山賊原木碳烤.json,https://www.ubereats.com/tw/store/%E5%B1%B1%E8%B3%8A%E5%8E%9F%E6%9C%A8%E7%A2%B3%E7%83%A4/EEK3rfn6SlW2ffArXuIXIg
2026-08-25,台北市士林區中山北路七段81巷,4095109f789546e115491768799db9bf,蘋果雞鹽酥雞 新北三重店,SUCCESS,70,4.5,93,20260825232752_4095109f_蘋果雞鹽酥雞_新北三重店.json,https://www.ubereats.com/tw/store/%E8%98%8B%E6%9E%9C%E9%9B%9E%E9%B9%BD%E9%85%A5%E9%9B%9E-%E6%96%B0%E5%8C%97%E4%B8%89%E9%87%8D%E5%BA%97/QFstZ9vwVCyersp2chImHg
2026-08-25,台北市士林區中山北路七段81巷,5759e40848362963569410257b6e4469,父山白俠海陸麵粥 三重仁愛店,SUCCESS,101,4.6,81,20260825232752_5759e408_父山白俠海陸麵粥_三重仁愛店.json,https://www.ubereats.com/tw/store/%E7%88%B6%E5%B1%B1%E7%99%BD%E4%BF%A0%E6%B5%B7%E9%99%B8%E9%BA%B5%E7%B2%A5-%E4%B8%89%E9%87%8D%E4%BB%81%E6%84%9B%E5%BA%97/vIg9MIfRXe2A9aKyE4gjOA
2026-08-25,台北市士林區中山北路七段81巷,3b8b0c9c7f78a9237c4224dc651de6dc,早到晚到 三重溪尾店,SUCCESS,179,4.7,1500,20260825232752_3b8b0c9c_早到晚到_三重溪尾店.json,https://www.ubereats.com/tw/store/%E6%97%A9%E5%88%B0%E6%99%9A%E5%88%B0-%E4%B8%89%E9%87%8D%E6%BA%AA%E5%B0%BE%E5%BA%97/1_5VTZf3X2y0SMyEb5aaBA
2026-08-25,台北市士林區中山北路七段81巷,37a351382d663cdc8f9018a8b1d1c61c,仁愛炒飯炒麵,SUCCESS,57,4.6,130,20260825232752_37a35138_仁愛炒飯炒麵.json,https://www.ubereats.com/tw/store/%E4%BB%81%E6%84%9B%E7%82%92%E9%A3%AF%E7%82%92%E9%BA%B5/I1FMwSu2WZaVC7b8fUx4yQ
2026-08-25,台北市士林區中山北路七段81巷,a2f2d83aaac1889907f6259261b2ff29,福茂永和豆漿大王,SUCCESS,66,4.7,150,20260825232752_a2f2d83a_福茂永和豆漿大王.json,https://www.ubereats.com/tw/store/%E7%A6%8F%E8%8C%82%E6%B0%B8%E5%92%8C%E8%B1%86%E6%BC%BF%E5%A4%A7%E7%8E%8B/pnf7zK3lVQidXjrAQoLAKw
2026-08-25,台北市士林區中山北路七段81巷,ba6002854b89957c5da90fa86a2fb076,康庄傳統滷肉飯,SUCCESS,62,4.8,8000,20260825232752_ba600285_康庄傳統滷肉飯.json,https://www.ubereats.com/tw/store/%E5%BA%B7%E5%BA%84%E5%82%B3%E7%B5%B1%E6%BB%B7%E8%82%89%E9%A3%AF/O1vVh5ZYXMqq40hWIZ8eFA
2026-08-25,台北市士林區中山北路七段81巷,9304d1b1de09902201d4863d87e7193a,阿初嬤燒烤,SUCCESS,35,,,20260825232752_9304d1b1_阿初嬤燒烤.json,https://www.ubereats.com/tw/store/%E9%98%BF%E5%88%9D%E5%AC%A4%E7%87%92%E7%83%A4/FBOALLOtV8K7yiaU5VkOxg
2026-08-25,台北市士林區中山北路七段81巷,b443d3b154e10ddca012fd4ff852b1d0,雞窩 鹹酥雞,SUCCESS,39,4.8,800,20260825232752_b443d3b1_雞窩_鹹酥雞.json,https://www.ubereats.com/tw/store/%E9%9B%9E%E7%AA%A9-%E9%B9%B9%E9%85%A5%E9%9B%9E/P6l_OGi8UtO_WSGeQ1BxCA
2026-08-25,台北市士林區中山北路七段81巷,50f03a9cbabeaeb89e97daa2e52c84e8,蜀麵道 四川面食館,SUCCESS,40,4.9,49,20260825232752_50f03a9c_蜀麵道_四川面食館.json,https://www.ubereats.com/tw/store/%E8%9C%80%E9%BA%B5%E9%81%93-%E5%9B%9B%E5%B7%9D%E9%9D%A2%E9%A3%9F%E9%A4%A8/iNNpKq_6WPW-QQq6Xatcvg
2026-08-25,台北市士林區中山北路七段81巷,82b15ee61449d1b7b705287055ed7d25,夜宵王 炒泡麵 鹹酥雞 蘆洲店,SUCCESS,107,4.7,14,20260825232752_82b15ee6_夜宵王_炒泡麵_鹹酥雞_蘆洲店.json,https://www.ubereats.com/tw/store/%E5%A4%9C%E5%AE%B5%E7%8E%8B-%E7%82%92%E6%B3%A1%E9%BA%B5-%E9%B9%B9%E9%85%A5%E9%9B%9E-%E8%98%86%E6%B4%B2%E5%BA%97/6TceHCQLXASm7XssHv48Ow
2026-08-25,台北市士林區中山北路七段81巷,26e5831fe8add06e056e0259fcf404bf,麻香有味食堂,SUCCESS,53,4.7,79,20260825232752_26e5831f_麻香有味食堂.json,https://www.ubereats.com/tw/store/%E9%BA%BB%E9%A6%99%E6%9C%89%E5%91%B3%E9%A3%9F%E5%A0%82/J4GNN6shWw6mmCVG0muqyA
2026-08-25,台北市士林區中山北路七段81巷,280879435f524dfa05497553eee9b8ba,水果現切 富貴鮮果 Fruit Great (三和),SUCCESS,56,4.7,250,20260825232752_28087943_水果現切_富貴鮮果_Fruit_Great_(三和).json,https://www.ubereats.com/tw/store/%E6%B0%B4%E6%9E%9C%E7%8F%BE%E5%88%87-%E5%AF%8C%E8%B2%B4%E9%AE%AE%E6%9E%9C-fruit-great-%E4%B8%89%E5%92%8C/kxdtSWeNVxmptBGYwie5pw
2026-08-25,台北市士林區中山北路七段81巷,e22c13e2bba81d569bf8477a93428169,旺梨村水果專賣店,SUCCESS,41,4.3,1000,20260825232752_e22c13e2_旺梨村水果專賣店.json,https://www.ubereats.com/tw/store/%E6%97%BA%E6%A2%A8%E6%9D%91%E6%B0%B4%E6%9E%9C%E5%B0%88%E8%B3%A3%E5%BA%97/tJ_Fzlo3QyScyRN7TXR10w
2026-08-25,台北市士林區中山北路七段81巷,34b00ce79ce53b9910b8fe9150784305,微堂Well done 三重店,SUCCESS,73,4.9,4000,20260825232752_34b00ce7_微堂Well_done_三重店.json,https://www.ubereats.com/tw/store/%E5%BE%AE%E5%A0%82well-done-%E4%B8%89%E9%87%8D%E5%BA%97/sDkCS2nGVpCNFoQksNmCCA
2026-08-25,台北市士林區中山北路七段81巷,c9ac3168bb269f5cb77a6892200dd2e1,吳家越南料理,SUCCESS,62,4.7,1500,20260825232752_c9ac3168_吳家越南料理.json,https://www.ubereats.com/tw/store/%E5%90%B3%E5%AE%B6%E8%B6%8A%E5%8D%97%E6%96%99%E7%90%86/9_-wL-JYVm-MX-tJejrCQw
2026-08-25,台北市士林區中山北路七段81巷,ac4b19a7433e1f3b91393cd3554b17ba,丁丁廚房 炒飯 炒麵 湯,SUCCESS,176,4.6,1000,20260825232752_ac4b19a7_丁丁廚房_炒飯_炒麵_湯.json,https://www.ubereats.com/tw/store/%E4%B8%81%E4%B8%81%E5%BB%9A%E6%88%BF-%E7%82%92%E9%A3%AF-%E7%82%92%E9%BA%B5-%E6%B9%AF/jLEcC5CLTBWrfsYKvrKCUw
2026-08-25,台北市士林區中山北路七段81巷,386ea50e6f89735f3ec30ef7069e0ef7,巷內古早味 三重公園店,SUCCESS,16,,,20260825232752_386ea50e_巷內古早味_三重公園店.json,https://www.ubereats.com/tw/store/%E5%B7%B7%E5%85%A7%E5%8F%A4%E6%97%A9%E5%91%B3-%E4%B8%89%E9%87%8D%E5%85%AC%E5%9C%92%E5%BA%97/0Uj1VI-dU1yA8jvJQZKt8Q
2026-08-25,台北市士林區中山北路七段81巷,8042d713b49a4d65cde31cc8c9b6edaa,五華炙燒雞排,SUCCESS,41,4.8,3000,20260825232752_8042d713_五華炙燒雞排.json,https://www.ubereats.com/tw/store/%E4%BA%94%E8%8F%AF%E7%82%99%E7%87%92%E9%9B%9E%E6%8E%92/1F8RZfsPQJGm8mNjXfa27g
2026-08-25,台北市士林區中山北路七段81巷,ddddafbf134fd0b8f3e60ba4cb0322bf,饗味鹹酥雞 三重自強店,SUCCESS,56,4.7,2000,20260825232752_ddddafbf_饗味鹹酥雞_三重自強店.json,https://www.ubereats.com/tw/store/%E9%A5%97%E5%91%B3%E9%B9%B9%E9%85%A5%E9%9B%9E-%E4%B8%89%E9%87%8D%E8%87%AA%E5%BC%B7%E5%BA%97/iub5jLz3QNS40ML9BbkdNg
2026-08-25,台北市士林區中山北路七段81巷,e35ad552269520842cf520c1497f3810,雅綺の店,SUCCESS,25,4.7,45,20260825232752_e35ad552_雅綺の店.json,https://www.ubereats.com/tw/store/%E9%9B%85%E7%B6%BA%E3%81%AE%E5%BA%97/ZzQXOpSbWQiPHcFL71qQMQ
2026-08-25,台北市士林區中山北路七段81巷,54be11076be1472b8711060d8b4cd014,廖記香川麻辣燙,SUCCESS,99,4.8,420,20260825232752_54be1107_廖記香川麻辣燙.json,https://www.ubereats.com/tw/store/%E5%BB%96%E8%A8%98%E9%A6%99%E5%B7%9D%E9%BA%BB%E8%BE%A3%E7%87%99/RWLxbtkLQtK7T2O_MmK5cg
2026-08-25,台北市士林區中山北路七段81巷,75322030b84e380daa45d705be267e65,鮮刺身日式丼飯,SUCCESS,30,4.7,1000,20260825232752_75322030_鮮刺身日式丼飯.json,https://www.ubereats.com/tw/store/%E9%AE%AE%E5%88%BA%E8%BA%AB%E6%97%A5%E5%BC%8F%E4%B8%BC%E9%A3%AF/ZECOSgyuQTi6mG3aysBg2A
2026-08-25,台北市士林區中山北路七段81巷,17ff6b71910b46073227ff79f2fedb63,羹湯飯麵館 三重仁愛店,SUCCESS,25,4.4,32,20260825232752_17ff6b71_羹湯飯麵館_三重仁愛店.json,https://www.ubereats.com/tw/store/%E7%BE%B9%E6%B9%AF%E9%A3%AF%E9%BA%B5%E9%A4%A8-%E4%B8%89%E9%87%8D%E4%BB%81%E6%84%9B%E5%BA%97/-WnVLP2NUeSDhtE9NpL3Cg
2026-08-25,台北市士林區中山北路七段81巷,acb8a31198b0634f8ca9332021019b04,公園小吃店,SUCCESS,12,,,20260825232752_acb8a311_公園小吃店.json,https://www.ubereats.com/tw/store/%E5%85%AC%E5%9C%92%E5%B0%8F%E5%90%83%E5%BA%97/MDfJPgCZXfqH9g7hEVRQQQ
2026-08-25,台北市士林區中山北路七段81巷,ffb6260d6164ce4b6f0fc80c71cf32e1,煲飯靚鍋,SUCCESS,47,4.5,420,20260825232752_ffb6260d_煲飯靚鍋.json,https://www.ubereats.com/tw/store/%E7%85%B2%E9%A3%AF%E9%9D%9A%E9%8D%8B/RSNCZYytSMisVY7nsWOQxA
2026-08-25,台北市士林區中山北路七段81巷,74ce0cb330a66db406a6192d7bc5e1f3,恬心屋午後宵夜舖,SUCCESS,30,,,20260825232752_74ce0cb3_恬心屋午後宵夜舖.json,https://www.ubereats.com/tw/store/%E6%81%AC%E5%BF%83%E5%B1%8B%E5%8D%88%E5%BE%8C%E5%AE%B5%E5%A4%9C%E8%88%96/AXOIyaVlWMufbYNUfC5iRQ
2026-08-25,台北市士林區中山北路七段81巷,84dfdedfb142f7d1d0d04fd4bf873ec9,巷中老味道 三重仁義店,SUCCESS,41,5,4,20260825232752_84dfdedf_巷中老味道_三重仁義店.json,https://www.ubereats.com/tw/store/%E5%B7%B7%E4%B8%AD%E8%80%81%E5%91%B3%E9%81%93-%E4%B8%89%E9%87%8D%E4%BB%81%E7%BE%A9%E5%BA%97/cbxAdhLYWCKrxXPdjpmMkw
2026-08-25,台北市士林區中山北路七段81巷,e584afa763b9aa2315433acc9bfc55e6,雞帥鹹水雞 蘆洲總店,SUCCESS,69,4.8,100,20260825232752_e584afa7_雞帥鹹水雞_蘆洲總店.json,https://www.ubereats.com/tw/store/%E9%9B%9E%E5%B8%A5%E9%B9%B9%E6%B0%B4%E9%9B%9E-%E8%98%86%E6%B4%B2%E7%B8%BD%E5%BA%97/SdzC7GDpVTi_4TMV98VYUw
2026-08-25,台北市士林區中山北路七段81巷,1ef4a79244df26209ff0fdda19eb2e71,謀魚蝦也蠔 三重總店,SUCCESS,67,4.7,200,20260825232752_1ef4a792_謀魚蝦也蠔_三重總店.json,https://www.ubereats.com/tw/store/%E8%AC%80%E9%AD%9A%E8%9D%A6%E4%B9%9F%E8%A0%94-%E4%B8%89%E9%87%8D%E7%B8%BD%E5%BA%97/xWoNsyFpQ3GAdVj1GhpOgQ
2026-08-25,台北市士林區中山北路七段81巷,6073299b6738e5b34924a070210cf625,杺日式餐酒館,SUCCESS,65,4.6,57,20260825232752_6073299b_杺日式餐酒館.json,https://www.ubereats.com/tw/store/%E6%9D%BA%E6%97%A5%E5%BC%8F%E9%A4%90%E9%85%92%E9%A4%A8/deKidSW4VEC84fYk507qZA
2026-08-25,台北市士林區中山北路七段81巷,2d0fda93e632424111e0ef9863f6af9a,饕客棧平價料理小館,SUCCESS,121,4.8,600,20260825232752_2d0fda93_饕客棧平價料理小館.json,https://www.ubereats.com/tw/store/%E9%A5%95%E5%AE%A2%E6%A3%A7%E5%B9%B3%E5%83%B9%E6%96%99%E7%90%86%E5%B0%8F%E9%A4%A8/f_raUdXCTEGNV919eg9oLA
2026-08-25,台北市士林區中山北路七段81巷,90a6d0abf9c7d6f4c98bd84dae0f6806,仁美小籠包,SUCCESS,84,4.8,1000,20260825232752_90a6d0ab_仁美小籠包.json,https://www.ubereats.com/tw/store/%E4%BB%81%E7%BE%8E%E5%B0%8F%E7%B1%A0%E5%8C%85/HxtYIChCWSipwp6XpDcOyg
2026-08-25,台北市士林區中山北路七段81巷,46099450db10ab76c64c3d25be4305e8,岡山沙茶炒牛肉,SUCCESS,40,4.8,5,20260825232752_46099450_岡山沙茶炒牛肉.json,https://www.ubereats.com/tw/store/%E5%B2%A1%E5%B1%B1%E6%B2%99%E8%8C%B6%E7%82%92%E7%89%9B%E8%82%89/7Ae7WbQTX12T9Am8adJNFA
2026-08-25,台北市士林區中山北路七段81巷,19c53ac574d073ddf46adbfda815852a,鮮拼鱻生猛海鮮熱炒,SUCCESS,134,4.6,150,20260825232752_19c53ac5_鮮拼鱻生猛海鮮熱炒.json,https://www.ubereats.com/tw/store/%E9%AE%AE%E6%8B%BC%E9%B1%BB%E7%94%9F%E7%8C%9B%E6%B5%B7%E9%AE%AE%E7%86%B1%E7%82%92/uZxdYXYcV5ay1oRsDWKpVQ
2026-08-25,台北市士林區中山北路七段81巷,1ef9585f8bee8b1e0b256f5457f49e08,華記帝王藥燉湯,SUCCESS,48,4,64,20260825232752_1ef9585f_華記帝王藥燉湯.json,https://www.ubereats.com/tw/store/%E8%8F%AF%E8%A8%98%E5%B8%9D%E7%8E%8B%E8%97%A5%E7%87%89%E6%B9%AF/zO5wV3X7VSyGE4SpluNi-w
2026-08-25,台北市士林區中山北路七段81巷,acc93d0efcbb0c2234c2a39e224f3fd9,鳴川拉麵 五華店,SUCCESS,80,4.8,1500,20260825232752_acc93d0e_鳴川拉麵_五華店.json,https://www.ubereats.com/tw/store/%E9%B3%B4%E5%B7%9D%E6%8B%89%E9%BA%B5-%E4%BA%94%E8%8F%AF%E5%BA%97/yictljeZTISVH5eZ3bOhFQ
2026-08-25,台北市士林區中山北路七段81巷,f247adcbc61dfc7dfb295ff481baa7b5,蕭媽媽牛排,SUCCESS,46,4.6,27,20260825232752_f247adcb_蕭媽媽牛排.json,https://www.ubereats.com/tw/store/%E8%95%AD%E5%AA%BD%E5%AA%BD%E7%89%9B%E6%8E%92/JZl0QBLhV_e2hnoFJNi56A
2026-08-25,台北市士林區中山北路七段81巷,7f75412d45404da0e1735fb7815dc904,泡沫紅茶 茶聚點,SUCCESS,164,4.3,14,20260825232752_7f75412d_泡沫紅茶_茶聚點.json,https://www.ubereats.com/tw/store/%E6%B3%A1%E6%B2%AB%E7%B4%85%E8%8C%B6-%E8%8C%B6%E8%81%9A%E9%BB%9E/GmTZhXIpUTyQwSKMbLDXzQ
2026-08-25,台北市士林區中山北路七段81巷,68f90c3430a899633ef724e30f540286,好食雞 嘉義雞肉飯,SUCCESS,58,4.4,200,20260825232752_68f90c34_好食雞_嘉義雞肉飯.json,https://www.ubereats.com/tw/store/%E5%A5%BD%E9%A3%9F%E9%9B%9E-%E5%98%89%E7%BE%A9%E9%9B%9E%E8%82%89%E9%A3%AF/F0paOBcMUh-2Ez5-RZh-9w
2026-08-25,台北市士林區中山北路七段81巷,167ab6a8f8c49addcc2a474299d552fb,士林炒牛羊肉 三重自強店,SUCCESS,41,3.6,22,20260825232752_167ab6a8_士林炒牛羊肉_三重自強店.json,https://www.ubereats.com/tw/store/%E5%A3%AB%E6%9E%97%E7%82%92%E7%89%9B%E7%BE%8A%E8%82%89-%E4%B8%89%E9%87%8D%E8%87%AA%E5%BC%B7%E5%BA%97/YYNBaNyrVOGmxNm6i0Bilw
2026-08-25,台北市士林區中山北路七段81巷,d32dd0d066551b800fbf41d546d6731b,大佳滷味 溪尾總店,SUCCESS,63,4.8,230,20260825232752_d32dd0d0_大佳滷味_溪尾總店.json,https://www.ubereats.com/tw/store/%E5%A4%A7%E4%BD%B3%E6%BB%B7%E5%91%B3-%E6%BA%AA%E5%B0%BE%E7%B8%BD%E5%BA%97/IKmqnALDUSSZ8x7ZcnoGnA
2026-08-25,台北市士林區中山北路七段81巷,c0fe2ecef337df6e497ceaad34e509f7,五飯俱全飯麵店 三重三和店,SUCCESS,50,4.8,31,20260825232752_c0fe2ece_五飯俱全飯麵店_三重三和店.json,https://www.ubereats.com/tw/store/%E4%BA%94%E9%A3%AF%E4%BF%B1%E5%85%A8%E9%A3%AF%E9%BA%B5%E5%BA%97-%E4%B8%89%E9%87%8D%E4%B8%89%E5%92%8C%E5%BA%97/mZ7S80u0U8a0saPHaU6SMg
2026-08-25,台北市士林區中山北路七段81巷,60b4dbdf1a8fdab65a4f23d8df364c07,舒童 Keto Ｍeat 三重店,SUCCESS,64,4.7,800,20260825232752_60b4dbdf_舒童_Keto_Ｍeat_三重店.json,https://www.ubereats.com/tw/store/%E8%88%92%E7%AB%A5-keto-meat-%E4%B8%89%E9%87%8D%E5%BA%97/Hd7UWA-bQYe-bGUIcY--2g
2026-08-25,台北市士林區中山北路七段81巷,59e5b5c0956bcacf0f67b90f12a8d26e,玉知高華 33年知高飯,SUCCESS,24,4.8,6000,20260825232752_59e5b5c0_玉知高華_33年知高飯.json,https://www.ubereats.com/tw/store/%E7%8E%89%E7%9F%A5%E9%AB%98%E8%8F%AF-33%E5%B9%B4%E7%9F%A5%E9%AB%98%E9%A3%AF/OvbPNButTM-CnUsIgM6VSg
2026-08-25,台北市士林區中山北路七段81巷,7e419bf11e535700285cf0abd05fc3a5,協力香雞排 五華店,SUCCESS,20,,,20260825232752_7e419bf1_協力香雞排_五華店.json,https://www.ubereats.com/tw/store/%E5%8D%94%E5%8A%9B%E9%A6%99%E9%9B%9E%E6%8E%92-%E4%BA%94%E8%8F%AF%E5%BA%97/U7LGIOCSW_2ZNCfF4wfS5g
2026-08-25,台北市士林區中山北路七段81巷,3f6311edec5e50533b09d35226d4fc1d,台式辣不怕創意現切滷味,SUCCESS,27,,,20260825232752_3f6311ed_台式辣不怕創意現切滷味.json,https://www.ubereats.com/tw/store/%E5%8F%B0%E5%BC%8F%E8%BE%A3%E4%B8%8D%E6%80%95%E5%89%B5%E6%84%8F%E7%8F%BE%E5%88%87%E6%BB%B7%E5%91%B3/jW44m0RdWni1jXFZPSu1yQ
2026-08-25,台北市士林區中山北路七段81巷,bcc3161c2732dcfd6ae29462488e5edd,喜羊羊貴州遵義羊肉粉創始店,SUCCESS,12,4.7,35,20260825232752_bcc3161c_喜羊羊貴州遵義羊肉粉創始店.json,https://www.ubereats.com/tw/store/%E5%96%9C%E7%BE%8A%E7%BE%8A%E8%B2%B4%E5%B7%9E%E9%81%B5%E7%BE%A9%E7%BE%8A%E8%82%89%E7%B2%89%E5%89%B5%E5%A7%8B%E5%BA%97/VJfayI5mWBShqd-h9BurqQ
2026-08-25,台北市士林區中山北路七段81巷,39376ded6ffa949a09f863166444766b,教父雞排丨God Father Fried Chicken,SUCCESS,2,4.9,10,20260825232752_39376ded_教父雞排丨God_Father_Fried_Chicken.json,https://www.ubereats.com/tw/store/%E6%95%99%E7%88%B6%E9%9B%9E%E6%8E%92%E4%B8%A8god-father-fried-chicken/H8C_bMtPWA68MPBd_ukmAw
2026-08-25,台北市士林區中山北路七段81巷,6cb9b68b57ccf880600b5e097a5fbb47,青峰麻辣鍋繪-三重本舖,SUCCESS,8,,,20260825232752_6cb9b68b_青峰麻辣鍋繪-三重本舖.json,https://www.ubereats.com/tw/store/%E9%9D%92%E5%B3%B0%E9%BA%BB%E8%BE%A3%E9%8D%8B%E7%B9%AA-%E4%B8%89%E9%87%8D%E6%9C%AC%E8%88%96/vGYzljwjUHG4019u0B7Otw
2026-08-25,台北市士林區中山北路七段81巷,6f947333989d7dad6b283f2a6346f7cc,Jk美式炸雞,SUCCESS,44,,,20260825232752_6f947333_Jk美式炸雞.json,https://www.ubereats.com/tw/store/jk%E7%BE%8E%E5%BC%8F%E7%82%B8%E9%9B%9E/KoPdAFdPWpmGEcxbubIVmg
2026-08-25,台北市士林區中山北路七段81巷,0e1354e3d04653c32197965ac5c4edd8,火少爺炒飯炒麵,SUCCESS,132,4.5,250,20260825232752_0e1354e3_火少爺炒飯炒麵.json,https://www.ubereats.com/tw/store/%E7%81%AB%E5%B0%91%E7%88%BA%E7%82%92%E9%A3%AF%E7%82%92%E9%BA%B5/BcLI-DAiQfWGtCdVXA4wEQ
2026-08-25,台北市士林區中山北路七段81巷,a3f8f665be86c4d3576894a05b9f6b7c,SAKU 刺身,SUCCESS,36,4.8,90,20260825232752_a3f8f665_SAKU_刺身.json,https://www.ubereats.com/tw/store/saku-%E5%88%BA%E8%BA%AB/FGLOtWxkUX6E5FP69ec6LA
2026-08-25,台北市士林區中山北路七段81巷,48f9be736af3e548d04834762c7774ab,雙城街夜市 阿富海鮮粥,SUCCESS,38,4.8,3000,20260825232752_48f9be73_雙城街夜市_阿富海鮮粥.json,https://www.ubereats.com/tw/store/%E9%9B%99%E5%9F%8E%E8%A1%97%E5%A4%9C%E5%B8%82-%E9%98%BF%E5%AF%8C%E6%B5%B7%E9%AE%AE%E7%B2%A5/NJ0WfgpdR52E8575Yec-ng
2026-08-25,台北市士林區中山北路七段81巷,a9a4a4faeafdfbe3c7b3f2c75a1c0b8f,貝克炸雞 芝山店,SUCCESS,41,3.9,15,20260825232752_a9a4a4fa_貝克炸雞_芝山店.json,https://www.ubereats.com/tw/store/%E8%B2%9D%E5%85%8B%E7%82%B8%E9%9B%9E-%E8%8A%9D%E5%B1%B1%E5%BA%97/fclXye1AViGa3aKXYw9oTg
2026-08-25,台北市士林區中山北路七段81巷,1400049b71e71dca86836c22821a07c9,石牌夜市 豪記東山鴨頭,SUCCESS,26,4.8,1000,20260825232752_1400049b_石牌夜市_豪記東山鴨頭.json,https://www.ubereats.com/tw/store/%E7%9F%B3%E7%89%8C%E5%A4%9C%E5%B8%82-%E8%B1%AA%E8%A8%98%E6%9D%B1%E5%B1%B1%E9%B4%A8%E9%A0%AD/hy2rWo55QPCEjwx5vfjdyQ
2026-08-25,台北市士林區中山北路七段81巷,2df93b5455e90f11b2198f746bbcf94f,檸檬輕時光 茶飲 點心,SUCCESS,56,,,20260825232752_2df93b54_檸檬輕時光_茶飲_點心.json,https://www.ubereats.com/tw/store/%E6%AA%B8%E6%AA%AC%E8%BC%95%E6%99%82%E5%85%89-%E8%8C%B6%E9%A3%B2-%E9%BB%9E%E5%BF%83/scHcdwG5VaWgl6nIYgOnWg
2026-08-25,台北市士林區中山北路七段81巷,539ac7b208fc5aaa1a926ffc5d1d2f43,巷口那碗麵線,SUCCESS,27,4.5,8,20260825232752_539ac7b2_巷口那碗麵線.json,https://www.ubereats.com/tw/store/%E5%B7%B7%E5%8F%A3%E9%82%A3%E7%A2%97%E9%BA%B5%E7%B7%9A/45EjU6DuWs-wp3GQak67Nw
2026-08-25,台北市士林區中山北路七段81巷,c8e30c0442cb4bbe0f3fdba5a849698b,口吅品麻辣臭豆腐 大東店,SUCCESS,42,4.8,1000,20260825232752_c8e30c04_口吅品麻辣臭豆腐_大東店.json,https://www.ubereats.com/tw/store/%E5%8F%A3%E5%90%85%E5%93%81%E9%BA%BB%E8%BE%A3%E8%87%AD%E8%B1%86%E8%85%90-%E5%A4%A7%E6%9D%B1%E5%BA%97/NAdbCJwyT-iKcu2TOv2emQ
2026-08-25,台北市士林區中山北路七段81巷,0c0d5567b7c8b0a37ad80f28e716a728,21鵝肉,SUCCESS,137,4.8,4000,20260825232752_0c0d5567_21鵝肉.json,https://www.ubereats.com/tw/store/21%E9%B5%9D%E8%82%89/oCcn3MFnR_iLBzCR-jrhIA
2026-08-25,台北市士林區中山北路七段81巷,21c254f4a8a569ff325e13ade24c1386,三兩三炸雞 仁愛店,SUCCESS,36,4.6,36,20260825232752_21c254f4_三兩三炸雞_仁愛店.json,https://www.ubereats.com/tw/store/%E4%B8%89%E5%85%A9%E4%B8%89%E7%82%B8%E9%9B%9E-%E4%BB%81%E6%84%9B%E5%BA%97/gavA-NlfUrO9_rDGVRjgKg
2026-08-25,台北市士林區中山北路七段81巷,45c210cdb84877aecd5b1b11352d13b8,士林商圈 串在一起平價串燒 士林店,SUCCESS,62,4.9,47,20260825232752_45c210cd_士林商圈_串在一起平價串燒_士林店.json,https://www.ubereats.com/tw/store/%E5%A3%AB%E6%9E%97%E5%95%86%E5%9C%88-%E4%B8%B2%E5%9C%A8%E4%B8%80%E8%B5%B7%E5%B9%B3%E5%83%B9%E4%B8%B2%E7%87%92-%E5%A3%AB%E6%9E%97%E5%BA%97/BPd_0PefU1yEFdZcWa6vJQ
2026-08-25,台北市士林區中山北路七段81巷,06180a2eaaf94e12891b8cefc5742c78,朱霸王小吃店 豬腳飯滷味,SUCCESS,52,4.7,9,20260825232752_06180a2e_朱霸王小吃店_豬腳飯滷味.json,https://www.ubereats.com/tw/store/%E6%9C%B1%E9%9C%B8%E7%8E%8B%E5%B0%8F%E5%90%83%E5%BA%97-%E8%B1%AC%E8%85%B3%E9%A3%AF%E6%BB%B7%E5%91%B3/iTWW0nuOWpyvQ1Gf_QdV2A
2026-08-25,台北市士林區中山北路七段81巷,7b216a33591eeea8606a6ddba3ab3dea,乾脆吃脆皮蔬菜蛋餅,SUCCESS,6,4.9,77,20260825232752_7b216a33_乾脆吃脆皮蔬菜蛋餅.json,https://www.ubereats.com/tw/store/%E4%B9%BE%E8%84%86%E5%90%83%E8%84%86%E7%9A%AE%E8%94%AC%E8%8F%9C%E8%9B%8B%E9%A4%85/YIitl8ErXwiC-Iwo-hmRfw
2026-08-25,台北市士林區中山北路七段81巷,969007964f08cdffd5053be35a755b09,祐是滷味,SUCCESS,43,4.4,210,20260825232752_96900796_祐是滷味.json,https://www.ubereats.com/tw/store/%E7%A5%90%E6%98%AF%E6%BB%B7%E5%91%B3/VrChB4b7RZaQfxDSeqGjEQ
2026-08-25,台北市士林區中山北路七段81巷,25fa4c701e4682344de33031b8c58c09,深坑脆皮臭豆腐 基河店,SUCCESS,7,4.7,14,20260825232752_25fa4c70_深坑脆皮臭豆腐_基河店.json,https://www.ubereats.com/tw/store/%E6%B7%B1%E5%9D%91%E8%84%86%E7%9A%AE%E8%87%AD%E8%B1%86%E8%85%90-%E5%9F%BA%E6%B2%B3%E5%BA%97/Pr1DtGpTUPaTKp3mOgsgJg
2026-08-25,台北市士林區中山北路七段81巷,4ddab8432afd0632d6c69fed59b27a34,士林夜市  ㄚ栗雞蛋仔,SUCCESS,11,4.6,88,20260825232752_4ddab843_士林夜市__ㄚ栗雞蛋仔.json,https://www.ubereats.com/tw/store/%E5%A3%AB%E6%9E%97%E5%A4%9C%E5%B8%82-%E3%84%9A%E6%A0%97%E9%9B%9E%E8%9B%8B%E4%BB%94/NVcLOm1cUwa-fZQ5WSaXBg
2026-08-25,台北市士林區中山北路七段81巷,c570f4e4a5c13336b3e9a4c96fa41c28,米粉湯阿姨,SUCCESS,19,4.5,160,20260825232752_c570f4e4_米粉湯阿姨.json,https://www.ubereats.com/tw/store/%E7%B1%B3%E7%B2%89%E6%B9%AF%E9%98%BF%E5%A7%A8/SFBDA_4rUb--7ep8o_aOrg
2026-08-25,台北市士林區中山北路七段81巷,bf35bbf2467b189c134d59e26290823c,四季香排骨酥 三重三和店,SUCCESS,44,4.6,350,20260825232752_bf35bbf2_四季香排骨酥_三重三和店.json,https://www.ubereats.com/tw/store/%E5%9B%9B%E5%AD%A3%E9%A6%99%E6%8E%92%E9%AA%A8%E9%85%A5-%E4%B8%89%E9%87%8D%E4%B8%89%E5%92%8C%E5%BA%97/loWlgVRCV_C4sv3hzCSk3g
2026-08-25,台北市士林區中山北路七段81巷,17cc36f23a9d6ad8fa91c8583a31fc4c,阿囉哈炸雞 三重五華店,SUCCESS,41,4.8,280,20260825232752_17cc36f2_阿囉哈炸雞_三重五華店.json,https://www.ubereats.com/tw/store/%E9%98%BF%E5%9B%89%E5%93%88%E7%82%B8%E9%9B%9E-%E4%B8%89%E9%87%8D%E4%BA%94%E8%8F%AF%E5%BA%97/uIL5Xe9pXeW_I6waEcmUHQ
2026-08-25,台北市士林區中山北路七段81巷,137c0e3391cde5ff276c21e1c8931db2,疆味串烤,SUCCESS,41,4.5,150,20260825232752_137c0e33_疆味串烤.json,https://www.ubereats.com/tw/store/%E7%96%86%E5%91%B3%E4%B8%B2%E7%83%A4/2Sq1QnBzR-CemCdbvSY28A
2026-08-25,台北市士林區中山北路七段81巷,ea88043d41771451cdc25b7bcf81b943,粥師傅廣東粥 Master Congee's Cantonese Congee,SUCCESS,10,4.9,1000,20260825232752_ea88043d_粥師傅廣東粥_Master_Congee's_Cantonese_Congee.json,https://www.ubereats.com/tw/store/%E7%B2%A5%E5%B8%AB%E5%82%85%E5%BB%A3%E6%9D%B1%E7%B2%A5-master-congees-cantonese-congee/1DGdfabuSu6ldudtJiNDsQ
2026-08-25,台北市士林區中山北路七段81巷,0832cc1aac1771d75f392b698120fa35,有漁有肉丨專業海鮮湯飯專賣,SUCCESS,37,4.7,27,20260825232752_0832cc1a_有漁有肉丨專業海鮮湯飯專賣.json,https://www.ubereats.com/tw/store/%E6%9C%89%E6%BC%81%E6%9C%89%E8%82%89%E4%B8%A8%E5%B0%88%E6%A5%AD%E6%B5%B7%E9%AE%AE%E6%B9%AF%E9%A3%AF%E5%B0%88%E8%B3%A3/tQj49P5bX3yqtrK6oSM0fQ
2026-08-25,台北市士林區中山北路七段81巷,9b82e8ec9c99739458891ff285ae86bb,雞二哥好吃雞肉 大直店,SUCCESS,3,4.5,2,20260825232752_9b82e8ec_雞二哥好吃雞肉_大直店.json,https://www.ubereats.com/tw/store/%E9%9B%9E%E4%BA%8C%E5%93%A5%E5%A5%BD%E5%90%83%E9%9B%9E%E8%82%89-%E5%A4%A7%E7%9B%B4%E5%BA%97/MMHUT8iaUrKbhA8h3j79GQ
2026-08-25,台北市士林區中山北路七段81巷,3bfdb811aba25c55e9f8af52041701a4,雞醬法炸物專賣,SUCCESS,56,4.6,170,20260825232752_3bfdb811_雞醬法炸物專賣.json,https://www.ubereats.com/tw/store/%E9%9B%9E%E9%86%AC%E6%B3%95%E7%82%B8%E7%89%A9%E5%B0%88%E8%B3%A3/hut36RC4VYGBy8HcLxcxTA
2026-08-25,台北市士林區中山北路七段81巷,c6df0db346a391e076485d1e4ed37a7a,冰豆綠豆沙 士林店,SUCCESS,11,5,5,20260825232752_c6df0db3_冰豆綠豆沙_士林店.json,https://www.ubereats.com/tw/store/%E5%86%B0%E8%B1%86%E7%B6%A0%E8%B1%86%E6%B2%99-%E5%A3%AB%E6%9E%97%E5%BA%97/xTLJxoYmU6SQ2c75eiJpZQ
2026-08-25,台北市士林區中山北路七段81巷,5418f90c72e019b899f333c587b2a2c5,味道讚鹽酥雞 士林和豐店,SUCCESS,36,4.7,60,20260825232752_5418f90c_味道讚鹽酥雞_士林和豐店.json,https://www.ubereats.com/tw/store/%E5%91%B3%E9%81%93%E8%AE%9A%E9%B9%BD%E9%85%A5%E9%9B%9E-%E5%A3%AB%E6%9E%97%E5%92%8C%E8%B1%90%E5%BA%97/8PklRAd4Xri0YfQoDOrE8g
2026-08-25,台北市士林區中山北路七段81巷,b4bd27a3b67cefe46c36c75894d85589,士林夜市 Raclette,SUCCESS,8,4.7,240,20260825232752_b4bd27a3_士林夜市_Raclette.json,https://www.ubereats.com/tw/store/%E5%A3%AB%E6%9E%97%E5%A4%9C%E5%B8%82-raclette/2Krockn_SQKHk3_8tFNsSQ
2026-08-25,台北市士林區中山北路七段81巷,1d4ed8b5d54b7d2627fdb30aedd99203,尚紅鹹酥雞 仁愛店,SUCCESS,43,4.2,150,20260825232752_1d4ed8b5_尚紅鹹酥雞_仁愛店.json,https://www.ubereats.com/tw/store/%E5%B0%9A%E7%B4%85%E9%B9%B9%E9%85%A5%E9%9B%9E-%E4%BB%81%E6%84%9B%E5%BA%97/iXaVghOzVFi6XEGCHSllpw
2026-08-25,台北市士林區中山北路七段81巷,372227ed657c53db31e736d2657363ab,士林夜市 買串燒烤,SUCCESS,121,4.7,230,20260825232752_372227ed_士林夜市_買串燒烤.json,https://www.ubereats.com/tw/store/%E5%A3%AB%E6%9E%97%E5%A4%9C%E5%B8%82-%E8%B2%B7%E4%B8%B2%E7%87%92%E7%83%A4/sMOfkF-tXt6tmQDlCYx53A
2026-08-25,台北市士林區中山北路七段81巷,f28fe19f22b6f0fc548043579a03dd5a,甘單ㄟ台灣味 冰沙專賣,SUCCESS,12,4.5,16,20260825232752_f28fe19f_甘單ㄟ台灣味_冰沙專賣.json,https://www.ubereats.com/tw/store/%E7%94%98%E5%96%AE%E3%84%9F%E5%8F%B0%E7%81%A3%E5%91%B3-%E5%86%B0%E6%B2%99%E5%B0%88%E8%B3%A3/BC78CKpUUP2Yxlh1G-dKrA
2026-08-25,台北市士林區中山北路七段81巷,65ae9e1ba57d889f8d434b37c9dbe205,滿福寶腸粉,SUCCESS,68,4.3,12,20260825232752_65ae9e1b_滿福寶腸粉.json,https://www.ubereats.com/tw/store/%E6%BB%BF%E7%A6%8F%E5%AF%B6%E8%85%B8%E7%B2%89/NjeYOPPCXGuPHLazY5zspQ
2026-08-25,台北市士林區中山北路七段81巷,8e9d79bb061e4380754c0238fb141025,小么雞鹹水雞 石牌店,SUCCESS,41,4.8,450,20260825232752_8e9d79bb_小么雞鹹水雞_石牌店.json,https://www.ubereats.com/tw/store/%E5%B0%8F%E4%B9%88%E9%9B%9E%E9%B9%B9%E6%B0%B4%E9%9B%9E-%E7%9F%B3%E7%89%8C%E5%BA%97/DWpUDagHUDa_d702J6h7_Q
2026-08-25,台北市士林區中山北路七段81巷,40f6c00bfc778350bcf08a2871e0f0ee,日船章魚燒小丸子 延三店,SUCCESS,7,4.8,470,20260825232752_40f6c00b_日船章魚燒小丸子_延三店.json,https://www.ubereats.com/tw/store/%E6%97%A5%E8%88%B9%E7%AB%A0%E9%AD%9A%E7%87%92%E5%B0%8F%E4%B8%B8%E5%AD%90-%E5%BB%B6%E4%B8%89%E5%BA%97/TnEaF1UXTgaDIl_U9JKCsg
2026-08-25,台北市士林區中山北路七段81巷,3ecddf288e8d3275f4360592be044f6f,大吃一斤泰國蝦料理 士林二店,SUCCESS,27,5,4,20260825232752_3ecddf28_大吃一斤泰國蝦料理_士林二店.json,https://www.ubereats.com/tw/store/%E5%A4%A7%E5%90%83%E4%B8%80%E6%96%A4%E6%B3%B0%E5%9C%8B%E8%9D%A6%E6%96%99%E7%90%86-%E5%A3%AB%E6%9E%97%E4%BA%8C%E5%BA%97/iSCU6vtqUsSKAq2FOjrj7Q
2026-08-25,台北市士林區中山北路七段81巷,5b7195c44e8bc15564229d62633210d6,士林夜市 士林老攤鐵板燒,SUCCESS,61,4.2,39,20260825232752_5b7195c4_士林夜市_士林老攤鐵板燒.json,https://www.ubereats.com/tw/store/%E5%A3%AB%E6%9E%97%E5%A4%9C%E5%B8%82-%E5%A3%AB%E6%9E%97%E8%80%81%E6%94%A4%E9%90%B5%E6%9D%BF%E7%87%92/UTZLnQYSXM-VaZypjKHRdg
2026-08-25,台北市士林區中山北路七段81巷,5533bf2dc8b55ededf6610d547e7bbd2,好雞匯鹽水雞 五華店,SUCCESS,28,4.8,360,20260825232752_5533bf2d_好雞匯鹽水雞_五華店.json,https://www.ubereats.com/tw/store/%E5%A5%BD%E9%9B%9E%E5%8C%AF%E9%B9%BD%E6%B0%B4%E9%9B%9E-%E4%BA%94%E8%8F%AF%E5%BA%97/6OJl_CCcU1WLYejRn8tgSA
2026-08-25,台北市士林區中山北路七段81巷,a12b5340d3016ed677fc536ff6c7ee7a,龍子油飯,SUCCESS,28,4.8,700,20260825232752_a12b5340_龍子油飯.json,https://www.ubereats.com/tw/store/%E9%BE%8D%E5%AD%90%E6%B2%B9%E9%A3%AF/0GH7mFdiSPeggQqQ43QZrg
2026-08-25,台北市士林區中山北路七段81巷,b3ef2e5004b64d60f104b7230bd89023,陳家刈包四神湯l,SUCCESS,13,4.7,69,20260825232752_b3ef2e50_陳家刈包四神湯l.json,https://www.ubereats.com/tw/store/%E9%99%B3%E5%AE%B6%E5%88%88%E5%8C%85%E5%9B%9B%E7%A5%9E%E6%B9%AFl/ZEGLVmfSV5qLsbcxc1wRpA
2026-08-25,台北市士林區中山北路七段81巷,df5c6174b8b937b4ae8551efaa8db6cd,廖記生魷魚羹 竹圍店,SUCCESS,18,5,8,20260825232752_df5c6174_廖記生魷魚羹_竹圍店.json,https://www.ubereats.com/tw/store/%E5%BB%96%E8%A8%98%E7%94%9F%E9%AD%B7%E9%AD%9A%E7%BE%B9-%E7%AB%B9%E5%9C%8D%E5%BA%97/PN5uVl1TVASGY6_zQuUFAg
2026-08-25,台北市士林區中山北路七段81巷,987f79f6ac44104ff28e674ccba6f078,九湯屋日本拉麵 淡水竹圍店,SUCCESS,48,4.8,1500,20260825232752_987f79f6_九湯屋日本拉麵_淡水竹圍店.json,https://www.ubereats.com/tw/store/%E4%B9%9D%E6%B9%AF%E5%B1%8B%E6%97%A5%E6%9C%AC%E6%8B%89%E9%BA%B5-%E6%B7%A1%E6%B0%B4%E7%AB%B9%E5%9C%8D%E5%BA%97/eQT3unXwQ-S48xP8HavV-Q
2026-08-25,台北市士林區中山北路七段81巷,e84c391967d02c40c3972d269a29bdbf,寧夏夜市 東石鮮蚵,SUCCESS,37,4.7,1000,20260825232752_e84c3919_寧夏夜市_東石鮮蚵.json,https://www.ubereats.com/tw/store/%E5%AF%A7%E5%A4%8F%E5%A4%9C%E5%B8%82-%E6%9D%B1%E7%9F%B3%E9%AE%AE%E8%9A%B5/Svpf709BWGuvHJkT8vu6ow
2026-08-25,台北市士林區中山北路七段81巷,00903fc7469f97335f38c92a7daabd9f,築間幸福鍋物 士林承德店,SUCCESS,32,4.4,85,20260825232752_00903fc7_築間幸福鍋物_士林承德店.json,https://www.ubereats.com/tw/store/%E7%AF%89%E9%96%93%E5%B9%B8%E7%A6%8F%E9%8D%8B%E7%89%A9-%E5%A3%AB%E6%9E%97%E6%89%BF%E5%BE%B7%E5%BA%97/LodvlOxLV6OuAoIA-vnQFQ
2026-08-25,台北市士林區中山北路七段81巷,b760d99b30661ad8794b137a50d15288,士林夜市 日上鐵板燒,SUCCESS,36,4.6,50,20260825232752_b760d99b_士林夜市_日上鐵板燒.json,https://www.ubereats.com/tw/store/%E5%A3%AB%E6%9E%97%E5%A4%9C%E5%B8%82-%E6%97%A5%E4%B8%8A%E9%90%B5%E6%9D%BF%E7%87%92/pcATyo6VXlOZBn0xxdRb-A
2026-08-25,台北市士林區中山北路七段81巷,2595fb31424c6057cb91f23c10153087,康廚麻油雙腰,SUCCESS,70,4.8,1000,20260825232752_2595fb31_康廚麻油雙腰.json,https://www.ubereats.com/tw/store/%E5%BA%B7%E5%BB%9A%E9%BA%BB%E6%B2%B9%E9%9B%99%E8%85%B0/x_GBGcKNRY2CA4WpgaSr_g
2026-08-25,台北市士林區中山北路七段81巷,486b443a3bc80c8f768b572a36812f8a,基隆港古早味 二店,SUCCESS,20,4.6,500,20260825232752_486b443a_基隆港古早味_二店.json,https://www.ubereats.com/tw/store/%E5%9F%BA%E9%9A%86%E6%B8%AF%E5%8F%A4%E6%97%A9%E5%91%B3-%E4%BA%8C%E5%BA%97/xYufegy1QhqHjCfjTbAFXw
2026-08-25,台北市士林區中山北路七段81巷,eaca736626b7b0ad79e2f5a3e88692b7,延三碳烤,SUCCESS,57,4.6,500,20260825232752_eaca7366_延三碳烤.json,https://www.ubereats.com/tw/store/%E5%BB%B6%E4%B8%89%E7%A2%B3%E7%83%A4/gUDsV6ePQeKgFa6e_8aGPA
2026-08-25,台北市士林區中山北路七段81巷,63c1c5b93d2855ba40b5b704b3969c40,Graffee Cafe 咖啡街台韓式料理餐館,SUCCESS,40,4.8,160,20260825232752_63c1c5b9_Graffee_Cafe_咖啡街台韓式料理餐館.json,https://www.ubereats.com/tw/store/graffee-cafe-%E5%92%96%E5%95%A1%E8%A1%97%E5%8F%B0%E9%9F%93%E5%BC%8F%E6%96%99%E7%90%86%E9%A4%90%E9%A4%A8/VnI0bsNqWDuOg59u2Gz37g
2026-08-25,台北市士林區中山北路七段81巷,e88292ea444edb7fa288105bc0184dc7,天燒 AMAYAKI 現代居酒屋,SUCCESS,51,5,7,20260825232752_e88292ea_天燒_AMAYAKI_現代居酒屋.json,https://www.ubereats.com/tw/store/%E5%A4%A9%E7%87%92-amayaki-%E7%8F%BE%E4%BB%A3%E5%B1%85%E9%85%92%E5%B1%8B/IfHv34fjUi-QFwvCVMdfXA
2026-08-25,台北市士林區中山北路七段81巷,c65c25191ed929770a44a71cbabe6767,紅茶洋行 蘆洲信義店,SUCCESS,80,4.9,210,20260825232752_c65c2519_紅茶洋行_蘆洲信義店.json,https://www.ubereats.com/tw/store/%E7%B4%85%E8%8C%B6%E6%B4%8B%E8%A1%8C-%E8%98%86%E6%B4%B2%E4%BF%A1%E7%BE%A9%E5%BA%97/XZC5QUqTXWutajicd_x3pA
2026-08-25,台北市士林區中山北路七段81巷,f30cf79b0c48652464767f09ae95b974,唐山婆古早味炸肉,SUCCESS,37,4.8,4000,20260825232752_f30cf79b_唐山婆古早味炸肉.json,https://www.ubereats.com/tw/store/%E5%94%90%E5%B1%B1%E5%A9%86%E5%8F%A4%E6%97%A9%E5%91%B3%E7%82%B8%E8%82%89/zQAzA0ENSfm1X9PyEWUUfA
2026-08-25,台北市士林區中山北路七段81巷,3d1e41ccf3180b10f8ad390403bae2e2,豬大郎豬血糕 大直店,SUCCESS,15,4.8,330,20260825232752_3d1e41cc_豬大郎豬血糕_大直店.json,https://www.ubereats.com/tw/store/%E8%B1%AC%E5%A4%A7%E9%83%8E%E8%B1%AC%E8%A1%80%E7%B3%95-%E5%A4%A7%E7%9B%B4%E5%BA%97/VZG0Um1wQpep_ciopSsT_Q
2026-08-25,台北市士林區中山北路七段81巷,f6b08ddb50cad0832ba120f69090213c,康廚魯肉飯,SUCCESS,12,4.5,700,20260825232752_f6b08ddb_康廚魯肉飯.json,https://www.ubereats.com/tw/store/%E5%BA%B7%E5%BB%9A%E9%AD%AF%E8%82%89%E9%A3%AF/2lIMZPieRiSXzPc1Jg6wSQ
2026-08-25,台北市士林區中山北路七段81巷,06e441c0782b8807f35ed8350be595ec,林記海鮮麵食料理,SUCCESS,7,4.4,220,20260825232752_06e441c0_林記海鮮麵食料理.json,https://www.ubereats.com/tw/store/%E6%9E%97%E8%A8%98%E6%B5%B7%E9%AE%AE%E9%BA%B5%E9%A3%9F%E6%96%99%E7%90%86/4fxTp1FeUH2xknFozfvnKg
2026-08-25,台北市士林區中山北路七段81巷,385d73ed2ebc2a96fff95b7642c690aa,小丸子美好食光,SUCCESS,146,3.8,180,20260825232752_385d73ed_小丸子美好食光.json,https://www.ubereats.com/tw/store/%E5%B0%8F%E4%B8%B8%E5%AD%90%E7%BE%8E%E5%A5%BD%E9%A3%9F%E5%85%89/w117fYyhTEGk2S9W7-DhQg
2026-08-25,台北市士林區中山北路七段81巷,8e173645d7a6185b6528bf6dcde5333a,得意速食店,SUCCESS,295,4.7,900,20260825232752_8e173645_得意速食店.json,https://www.ubereats.com/tw/store/%E5%BE%97%E6%84%8F%E9%80%9F%E9%A3%9F%E5%BA%97/rSH0v6BsRmy6uvyJNONCZA
2026-08-25,台北市士林區中山北路七段81巷,3c42c479ebdeefbf2b9742a114870e4f,康廚鮮魚湯專賣店,SUCCESS,22,4.6,4000,20260825232752_3c42c479_康廚鮮魚湯專賣店.json,https://www.ubereats.com/tw/store/%E5%BA%B7%E5%BB%9A%E9%AE%AE%E9%AD%9A%E6%B9%AF%E5%B0%88%E8%B3%A3%E5%BA%97/ojDa9ij_RLKT63WO5X1Emg
2026-08-25,台北市士林區中山北路七段81巷,aeb6f5762b828372c3440f48521fdca0,吃冰喝涼,SUCCESS,8,,,20260825232752_aeb6f576_吃冰喝涼.json,https://www.ubereats.com/tw/store/%E5%90%83%E5%86%B0%E5%96%9D%E6%B6%BC/wHMwdt82Wsa29nLUOPclAA
2026-08-25,台北市士林區中山北路七段81巷,53a80b8e5af74d87312631bd3c84433b,川妹子麻辣加熱滷味,SUCCESS,30,4.4,69,20260825232752_53a80b8e_川妹子麻辣加熱滷味.json,https://www.ubereats.com/tw/store/%E5%B7%9D%E5%A6%B9%E5%AD%90%E9%BA%BB%E8%BE%A3%E5%8A%A0%E7%86%B1%E6%BB%B7%E5%91%B3/OKyisLEmVa2umlOZz-PXLA
2026-08-25,台北市士林區中山北路七段81巷,816b2279c034dac50e9474864079390a,廣生堂幸福燕窩(台北天母店),SUCCESS,51,5,2,20260825232752_816b2279_廣生堂幸福燕窩(台北天母店).json,https://www.ubereats.com/tw/store/%E5%BB%A3%E7%94%9F%E5%A0%82%E5%B9%B8%E7%A6%8F%E7%87%95%E7%AA%A9%E5%8F%B0%E5%8C%97%E5%A4%A9%E6%AF%8D%E5%BA%97/ltSI9oJrWJOaqjtgW1-u4w
2026-08-25,台北市士林區中山北路七段81巷,d41b64b05e11d4f24b59f5a57cc304de,二水三京 涼心事業 冰的專門店,SUCCESS,113,4.8,4000,20260825232752_d41b64b0_二水三京_涼心事業_冰的專門店.json,https://www.ubereats.com/tw/store/%E4%BA%8C%E6%B0%B4%E4%B8%89%E4%BA%AC-%E6%B6%BC%E5%BF%83%E4%BA%8B%E6%A5%AD-%E5%86%B0%E7%9A%84%E5%B0%88%E9%96%80%E5%BA%97/ECgxEoqeWueBBVEJhgeOMg
2026-08-25,台北市士林區中山北路七段81巷,7e79c3da251973e85b1851e5a9a53845,壹足燒肉,SUCCESS,5,,,20260825232752_7e79c3da_壹足燒肉.json,https://www.ubereats.com/tw/store/%E5%A3%B9%E8%B6%B3%E7%87%92%E8%82%89/CVosyYwQWhGTNfm70ISBjQ
2026-08-25,台北市士林區中山北路七段81巷,98bbae39fbb4fb90071cfab277c95e0c,盆空間 Flower & Plant Studio,SUCCESS,25,5,2,20260825232752_98bbae39_盆空間_Flower_&_Plant_Studio.json,https://www.ubereats.com/tw/store/%E7%9B%86%E7%A9%BA%E9%96%93-flower-%26-plant-studio/M5u9qR6zXEeoCGxZHjIQyg
2026-08-25,台北市士林區中山北路七段81巷,f3d90d1bc64899304c41e51fc1c10bd6,雪坊 SNOW FACTORY 天玉門市,SUCCESS,52,4.8,12,20260825232752_f3d90d1b_雪坊_SNOW_FACTORY_天玉門市.json,https://www.ubereats.com/tw/store/%E9%9B%AA%E5%9D%8A-snow-factory-%E5%A4%A9%E7%8E%89%E9%96%80%E5%B8%82/0X2eObRHUfuMihbTVsr7pg
2026-08-25,台北市士林區中山北路七段81巷,341ae2daea98bc576e8582f3e8900939,美廉社 士林中山北店,SUCCESS,75,4.9,13,20260825232752_341ae2da_美廉社_士林中山北店.json,https://www.ubereats.com/tw/store/%E7%BE%8E%E5%BB%89%E7%A4%BE-%E5%A3%AB%E6%9E%97%E4%B8%AD%E5%B1%B1%E5%8C%97%E5%BA%97/9vldfBZsXs-F8eBxeBKK8w
2026-08-25,台北市士林區中山北路七段81巷,71b7e884f12b3467011263e4bb0e90f4,美珍香 士林店,SUCCESS,56,4.9,250,20260825232752_71b7e884_美珍香_士林店.json,https://www.ubereats.com/tw/store/%E7%BE%8E%E7%8F%8D%E9%A6%99-%E5%A3%AB%E6%9E%97%E5%BA%97/jh-EpzEwRi-X2LQyf0I6bw
2026-08-25,台北市士林區中山北路七段81巷,fde28b6ebc84480f813cda7d0dc75252,金吉利寵物精品(天母店),SUCCESS,48,,,20260825232752_fde28b6e_金吉利寵物精品(天母店).json,https://www.ubereats.com/tw/store/%E9%87%91%E5%90%89%E5%88%A9%E5%AF%B5%E7%89%A9%E7%B2%BE%E5%93%81%E5%A4%A9%E6%AF%8D%E5%BA%97/CUHRWvYgWXCwSrnt9ibMfw
2026-08-25,台北市士林區中山北路七段81巷,c8b5acda242f13ac7b3094eb24a9c1b4,元榆牧場 台北天母店,SUCCESS,75,4.8,700,20260825232752_c8b5acda_元榆牧場_台北天母店.json,https://www.ubereats.com/tw/store/%E5%85%83%E6%A6%86%E7%89%A7%E5%A0%B4-%E5%8F%B0%E5%8C%97%E5%A4%A9%E6%AF%8D%E5%BA%97/7-As_nXuTfOUaqXWhQCBUQ
2026-08-25,台北市士林區中山北路七段81巷,ab1004476a5d41fbd584574709c51b49,SofyDOG 蘇菲狗寵物精品 天母店,SUCCESS,70,,,20260825232752_ab100447_SofyDOG_蘇菲狗寵物精品_天母店.json,https://www.ubereats.com/tw/store/sofydog-%E8%98%87%E8%8F%B2%E7%8B%97%E5%AF%B5%E7%89%A9%E7%B2%BE%E5%93%81-%E5%A4%A9%E6%AF%8D%E5%BA%97/hpHd9D1_VKWQNl-rZauW9Q
2026-08-25,台北市士林區中山北路七段81巷,ed7ed906e78cb343b167401ca185e6fa,心藝花禮,SUCCESS,19,4.8,12,20260825232752_ed7ed906_心藝花禮.json,https://www.ubereats.com/tw/store/%E5%BF%83%E8%97%9D%E8%8A%B1%E7%A6%AE/fFNHfmPdVQ-worObUHUqsg
2026-08-25,台北市士林區中山北路七段81巷,873719c41dac1dddbfdf1d4f06e56e16,全聯福利中心  天母忠誠,SUCCESS,60,4.8,45,20260825232752_873719c4_全聯福利中心__天母忠誠.json,https://www.ubereats.com/tw/store/%E5%85%A8%E8%81%AF%E7%A6%8F%E5%88%A9%E4%B8%AD%E5%BF%83-%E5%A4%A9%E6%AF%8D%E5%BF%A0%E8%AA%A0/qujna7XOVKGFKQeN28FEVA
2026-08-25,台北市士林區中山北路七段81巷,f058f1df87d5505a732823ff23edb32d,燦坤 3C 北投新旗艦店,SUCCESS,60,4.6,71,20260825232752_f058f1df_燦坤_3C_北投新旗艦店.json,https://www.ubereats.com/tw/store/%E7%87%A6%E5%9D%A4-3c-%E5%8C%97%E6%8A%95%E6%96%B0%E6%97%97%E8%89%A6%E5%BA%97/GoiPBHhFUhOLjgHxh98s3w
2026-08-25,台北市士林區中山北路七段81巷,cdda0b75f187ec82221ee26ee2381319,棉花田生機園地 天母門市,SUCCESS,51,4.8,49,20260825232752_cdda0b75_棉花田生機園地_天母門市.json,https://www.ubereats.com/tw/store/%E6%A3%89%E8%8A%B1%E7%94%B0%E7%94%9F%E6%A9%9F%E5%9C%92%E5%9C%B0-%E5%A4%A9%E6%AF%8D%E9%96%80%E5%B8%82/-0AiqJ0VW5eCGjbADLTSDA
2026-08-25,台北市士林區中山北路七段81巷,809e77bea91f7c1addae4f701239ebf7,馬修嚴選 天母門市,SUCCESS,46,5,1000,20260825232752_809e77be_馬修嚴選_天母門市.json,https://www.ubereats.com/tw/store/%E9%A6%AC%E4%BF%AE%E5%9A%B4%E9%81%B8-%E5%A4%A9%E6%AF%8D%E9%96%80%E5%B8%82/E1qsMwJoTh-dxgikxci1PA
2026-08-25,台北市士林區中山北路七段81巷,809b4df05e2bc8376581f594fc5c5f9f,陽明山水果專賣店,SUCCESS,104,4.7,800,20260825232752_809b4df0_陽明山水果專賣店.json,https://www.ubereats.com/tw/store/%E9%99%BD%E6%98%8E%E5%B1%B1%E6%B0%B4%E6%9E%9C%E5%B0%88%E8%B3%A3%E5%BA%97/R-h9sfsRWa6-anzWV-q1-w
2026-08-25,台北市士林區中山北路七段81巷,3c9bc0eaa0d27d2c09a737a9f0a8a97b,聖德科斯 天母門市,SUCCESS,61,4.9,200,20260825232752_3c9bc0ea_聖德科斯_天母門市.json,https://www.ubereats.com/tw/store/%E8%81%96%E5%BE%B7%E7%A7%91%E6%96%AF-%E5%A4%A9%E6%AF%8D%E9%96%80%E5%B8%82/3q3PFX-iVny_lTjWrJiUSQ
2026-08-25,台北市士林區中山北路七段81巷,c3386e6ea7eb62bbde78e4b07e00ec49,東森寵物 北投中和店 S3200,SUCCESS,57,5,36,20260825232752_c3386e6e_東森寵物_北投中和店_S3200.json,https://www.ubereats.com/tw/store/%E6%9D%B1%E6%A3%AE%E5%AF%B5%E7%89%A9-%E5%8C%97%E6%8A%95%E4%B8%AD%E5%92%8C%E5%BA%97-s3200/o2WIoJ5LVOW2PHxM4Xyc2A
2026-08-25,台北市士林區中山北路七段81巷,2ff19a6f913c3df179ecf8c4dbe7cafd,Green&Safe 真食物專賣店 士東店,SUCCESS,47,4.9,1000,20260825232752_2ff19a6f_Green&Safe_真食物專賣店_士東店.json,https://www.ubereats.com/tw/store/green%26safe-%E7%9C%9F%E9%A3%9F%E7%89%A9%E5%B0%88%E8%B3%A3%E5%BA%97-%E5%A3%AB%E6%9D%B1%E5%BA%97/lzyQF0sTSqGbA6NaTDuc0w
2026-08-25,台北市士林區中山北路七段81巷,ebc8a6ad0d8e187e1a9ca62aab5ef190,Mia C'bon 台北大葉店,SUCCESS,60,4.9,400,20260825232752_ebc8a6ad_Mia_C'bon_台北大葉店.json,https://www.ubereats.com/tw/store/mia-cbon-%E5%8F%B0%E5%8C%97%E5%A4%A7%E8%91%89%E5%BA%97/Q4FlA6e7UX6mtx7MK7QIqA
2026-08-25,台北市士林區中山北路七段81巷,7d2a644a26602447a9d7a1b69fbd8998,Costco 好市多 北投店,SUCCESS,75,4.9,4000,20260825232752_7d2a644a_Costco_好市多_北投店.json,https://www.ubereats.com/tw/store/costco-%E5%A5%BD%E5%B8%82%E5%A4%9A-%E5%8C%97%E6%8A%95%E5%BA%97/pOIgHV_HWhCkGt_liXWnpw
2026-08-25,台北市士林區中山北路七段81巷,c380fec0f2318fc2fd81a21d54864ef1,心樸市集 天母店,SUCCESS,54,4.8,70,20260825232752_c380fec0_心樸市集_天母店.json,https://www.ubereats.com/tw/store/%E5%BF%83%E6%A8%B8%E5%B8%82%E9%9B%86-%E5%A4%A9%E6%AF%8D%E5%BA%97/wvzxI_i1VjOJm0vy0cCTJA
2026-08-25,台北市士林區中山北路七段81巷,c063462ace7c4a81f0ffcf56b9d4f1a5,Aposo 艾波索法式甜點 士林店,SUCCESS,52,4.7,180,20260825232752_c063462a_Aposo_艾波索法式甜點_士林店.json,https://www.ubereats.com/tw/store/aposo-%E8%89%BE%E6%B3%A2%E7%B4%A2%E6%B3%95%E5%BC%8F%E7%94%9C%E9%BB%9E-%E5%A3%AB%E6%9E%97%E5%BA%97/NfmBVJX1UVefFisTWOY3uw
2026-08-25,台北市士林區中山北路七段81巷,9ecdb9db2992219e60a0fc78da197500,亞尼克 北投石牌店,SUCCESS,59,4.9,1500,20260825232752_9ecdb9db_亞尼克_北投石牌店.json,https://www.ubereats.com/tw/store/%E4%BA%9E%E5%B0%BC%E5%85%8B-%E5%8C%97%E6%8A%95%E7%9F%B3%E7%89%8C%E5%BA%97/bP5Ph7F_Tquh7ZD5dn8uqA
2026-08-25,台北市士林區中山北路七段81巷,6feda691967595fa72a796d9364d043a,Semeur聖娜現烤麵包 石牌門市部,SUCCESS,55,4.9,900,20260825232752_6feda691_Semeur聖娜現烤麵包_石牌門市部.json,https://www.ubereats.com/tw/store/semeur%E8%81%96%E5%A8%9C%E7%8F%BE%E7%83%A4%E9%BA%B5%E5%8C%85-%E7%9F%B3%E7%89%8C%E9%96%80%E5%B8%82%E9%83%A8/Y_5WlifRSCqr7O60n_nzOA
2026-08-25,台北市士林區中山北路七段81巷,43d1a989851262f1ae2f919203946745,婷愛手創,SUCCESS,45,4.9,22,20260825232752_43d1a989_婷愛手創.json,https://www.ubereats.com/tw/store/%E5%A9%B7%E6%84%9B%E6%89%8B%E5%89%B5/1lgkw822XfK_UQPp8xeZvw
2026-08-25,台北市士林區中山北路七段81巷,261e16f69cd8507203e275ac40d1756f,萬家福 天母店,SUCCESS,72,4.8,10000,20260825232752_261e16f6_萬家福_天母店.json,https://www.ubereats.com/tw/store/%E8%90%AC%E5%AE%B6%E7%A6%8F-%E5%A4%A9%E6%AF%8D%E5%BA%97/dzzaHEkXQWqFJ5GgeOHG7w
2026-08-25,台北市士林區中山北路七段81巷,90f2325c75eb022e1e2b30b08eaa4088,樂家康超市 中山北路店,SUCCESS,75,4.8,2000,20260825232752_90f2325c_樂家康超市_中山北路店.json,https://www.ubereats.com/tw/store/%E6%A8%82%E5%AE%B6%E5%BA%B7%E8%B6%85%E5%B8%82-%E4%B8%AD%E5%B1%B1%E5%8C%97%E8%B7%AF%E5%BA%97/2TSGDDtESBugqE_JGZuvAA
2026-08-25,台北市士林區中山北路七段81巷,dd5e180e1a0209901cb655ac56d0c63f,特力屋 蘆洲集賢店,SUCCESS,69,5,14,20260825232752_dd5e180e_特力屋_蘆洲集賢店.json,https://www.ubereats.com/tw/store/%E7%89%B9%E5%8A%9B%E5%B1%8B-%E8%98%86%E6%B4%B2%E9%9B%86%E8%B3%A2%E5%BA%97/T5rUa0m2UViTLuVj5zX9ow
2026-08-25,台北市士林區中山北路七段81巷,b3497bb2d0625506d4a3507df6185f50,士東傳統市場,SUCCESS,60,4.9,9000,20260825232752_b3497bb2_士東傳統市場.json,https://www.ubereats.com/tw/store/%E5%A3%AB%E6%9D%B1%E5%82%B3%E7%B5%B1%E5%B8%82%E5%A0%B4/aw2AdiptREiCNlwcLizZdA
2026-08-25,台北市士林區中山北路七段81巷,1c8d0b98af878583df9a2b30e4c792c6,蛋白盒子健康餐盒 The Protein Box 天母德行東店,SUCCESS,37,5,4,20260825232752_1c8d0b98_蛋白盒子健康餐盒_The_Protein_Box_天母德行東店.json,https://www.ubereats.com/tw/store/%E8%9B%8B%E7%99%BD%E7%9B%92%E5%AD%90%E5%81%A5%E5%BA%B7%E9%A4%90%E7%9B%92-the-protein-box-%E5%A4%A9%E6%AF%8D%E5%BE%B7%E8%A1%8C%E6%9D%B1%E5%BA%97/crnHp1jlVvmRhsTs_as_Mw
2026-08-25,台北市士林區中山北路七段81巷,ec74846560aee8e7898e1bcc59590aa1,一沐日 士林文林店,SUCCESS,79,4.7,7,20260825232752_ec748465_一沐日_士林文林店.json,https://www.ubereats.com/tw/store/%E4%B8%80%E6%B2%90%E6%97%A5-%E5%A3%AB%E6%9E%97%E6%96%87%E6%9E%97%E5%BA%97/edSYfnoBVTO2MtgVqqJQAA
2026-08-25,台北市士林區中山北路七段81巷,a454d541337da1b128185c2f0a0c3d4f,阿德泰式叉燒麵 泰國奶茶,SUCCESS,28,5,23,20260825232752_a454d541_阿德泰式叉燒麵_泰國奶茶.json,https://www.ubereats.com/tw/store/%E9%98%BF%E5%BE%B7%E6%B3%B0%E5%BC%8F%E5%8F%89%E7%87%92%E9%BA%B5-%E6%B3%B0%E5%9C%8B%E5%A5%B6%E8%8C%B6/KGtE4WD2UPmT_qR7TEVJyQ
2026-08-25,台北市士林區中山北路七段81巷,b5c874bfe12891d3643b0ff892a33ccc,玉津咖啡 五華店,SUCCESS,45,5,5,20260825232752_b5c874bf_玉津咖啡_五華店.json,https://www.ubereats.com/tw/store/%E7%8E%89%E6%B4%A5%E5%92%96%E5%95%A1-%E4%BA%94%E8%8F%AF%E5%BA%97/EpXP5u13WKafNN1SVHmHWg
2026-08-25,台北市士林區中山北路七段81巷,4f6fe5fb673efa2d077109ae2e59e6d3,原康普茶,SUCCESS,6,,,20260825232752_4f6fe5fb_原康普茶.json,https://www.ubereats.com/tw/store/%E5%8E%9F%E5%BA%B7%E6%99%AE%E8%8C%B6/dVMFu_XZWhy5fpI3mE5TQA
2026-08-25,台北市士林區中山北路七段81巷,b1a8d8d4fde69dd98ce2baf80f247bd7,123甘草芭樂,SUCCESS,63,4.9,400,20260825232752_b1a8d8d4_123甘草芭樂.json,https://www.ubereats.com/tw/store/123%E7%94%98%E8%8D%89%E8%8A%AD%E6%A8%82/ghXU9Ch4Xa-M8vJvv0dNeA
2026-08-25,台北市士林區中山北路七段81巷,5f34460f1cfa3b0a1ca1cfae9743820a,珍香鹹酥雞,SUCCESS,42,4.9,2000,20260825232752_5f34460f_珍香鹹酥雞.json,https://www.ubereats.com/tw/store/%E7%8F%8D%E9%A6%99%E9%B9%B9%E9%85%A5%E9%9B%9E/yPi-DxwXSmSAxUUhdWqOUw
2026-08-25,台北市士林區中山北路七段81巷,68048372d42b73e135e492d6b9f02251,玩具反斗城 台北新生店,SUCCESS,60,5,14,20260825232752_68048372_玩具反斗城_台北新生店.json,https://www.ubereats.com/tw/store/%E7%8E%A9%E5%85%B7%E5%8F%8D%E6%96%97%E5%9F%8E-%E5%8F%B0%E5%8C%97%E6%96%B0%E7%94%9F%E5%BA%97/-eZFD37oWIaUNGvE2-DXeQ
2026-08-25,台北市士林區中山北路七段81巷,372f8f34366a156c020c8c7e03911145,基隆古早味 大腸圈 米粉湯 社子店,SUCCESS,28,4.8,1000,20260825232752_372f8f34_基隆古早味_大腸圈_米粉湯_社子店.json,https://www.ubereats.com/tw/store/%E5%9F%BA%E9%9A%86%E5%8F%A4%E6%97%A9%E5%91%B3-%E5%A4%A7%E8%85%B8%E5%9C%88-%E7%B1%B3%E7%B2%89%E6%B9%AF-%E7%A4%BE%E5%AD%90%E5%BA%97/WpslnYgVXtOZIgsOI_7aNQ
2026-08-25,台北市士林區中山北路七段81巷,8fa939f43e4235581f6b57274a95756e,愛瘋牛排 現煎餐盒,SUCCESS,26,5,15,20260825232752_8fa939f4_愛瘋牛排_現煎餐盒.json,https://www.ubereats.com/tw/store/%E6%84%9B%E7%98%8B%E7%89%9B%E6%8E%92-%E7%8F%BE%E7%85%8E%E9%A4%90%E7%9B%92/W740_osBVDuo6R2PDVI4-w
2026-08-25,台北市士林區中山北路七段81巷,95f47571763cc3f4ba5926d36753ebe4,好食居 職人功夫菜,SUCCESS,78,,,20260825232752_95f47571_好食居_職人功夫菜.json,https://www.ubereats.com/tw/store/%E5%A5%BD%E9%A3%9F%E5%B1%85-%E8%81%B7%E4%BA%BA%E5%8A%9F%E5%A4%AB%E8%8F%9C/AL71H0h-UJSJmDYHjTrR_Q
2026-08-25,台北市士林區中山北路七段81巷,f37b9610def4796e50cb408bb1a4913b,何佳佳蔥油餅 士林店,SUCCESS,30,4.7,130,20260825232752_f37b9610_何佳佳蔥油餅_士林店.json,https://www.ubereats.com/tw/store/%E4%BD%95%E4%BD%B3%E4%BD%B3%E8%94%A5%E6%B2%B9%E9%A4%85-%E5%A3%AB%E6%9E%97%E5%BA%97/6odzyXlsUTa3XWi7Lfx5hQ
2026-08-25,台北市士林區中山北路七段81巷,ffbc71c427c6a38850199e0a8f225717,鼎豐禾擂舖,SUCCESS,45,5,2,20260825232752_ffbc71c4_鼎豐禾擂舖.json,https://www.ubereats.com/tw/store/%E9%BC%8E%E8%B1%90%E7%A6%BE%E6%93%82%E8%88%96/41C8NDX9Xo6V4J6EIHp07Q
2026-08-25,台北市士林區中山北路七段81巷,57fa7947bfb5219f3f523d88e05822dc,第一家鹹酥雞 文林店,SUCCESS,31,,,20260825232752_57fa7947_第一家鹹酥雞_文林店.json,https://www.ubereats.com/tw/store/%E7%AC%AC%E4%B8%80%E5%AE%B6%E9%B9%B9%E9%85%A5%E9%9B%9E-%E6%96%87%E6%9E%97%E5%BA%97/ZtdYdKV7Wz2lKRdag4GhAA
2026-08-25,台北市士林區中山北路七段81巷,63e0fcef0da0d9eb0814c1b6ad3f869c,好客多早餐,SUCCESS,96,4.7,48,20260825232752_63e0fcef_好客多早餐.json,https://www.ubereats.com/tw/store/%E5%A5%BD%E5%AE%A2%E5%A4%9A%E6%97%A9%E9%A4%90/CPlR_zpJWPKQY8wqGsW94Q
2026-08-25,台北市士林區中山北路七段81巷,bdaae953d8b1a579edeb484186e6db45,滿福天脆皮炸雞,SUCCESS,14,,,20260825232752_bdaae953_滿福天脆皮炸雞.json,https://www.ubereats.com/tw/store/%E6%BB%BF%E7%A6%8F%E5%A4%A9%E8%84%86%E7%9A%AE%E7%82%B8%E9%9B%9E/gseSYoRlU7qR4A90xqYKgQ
2026-08-25,台北市士林區中山北路七段81巷,46473a755a1f95fb5a925629aa6979f1,拾珍茶所,SUCCESS,34,4.5,2,20260825232752_46473a75_拾珍茶所.json,https://www.ubereats.com/tw/store/%E6%8B%BE%E7%8F%8D%E8%8C%B6%E6%89%80/bGWY6sEBUCiDsmuQ-ReeiA
2026-08-25,台北市士林區中山北路七段81巷,297a675858cee2eccbd25a34977a4b8d,摩德年代 咖啡館,SUCCESS,31,4.7,10,20260825232752_297a6758_摩德年代_咖啡館.json,https://www.ubereats.com/tw/store/%E6%91%A9%E5%BE%B7%E5%B9%B4%E4%BB%A3-%E5%92%96%E5%95%A1%E9%A4%A8/cS8fYzWnVbexFekgfUJKBw
2026-08-25,台北市士林區中山北路七段81巷,497a9314558ae6ec3b06923e00fe933e,金屋平價海鮮熱炒,SUCCESS,45,,,20260825232752_497a9314_金屋平價海鮮熱炒.json,https://www.ubereats.com/tw/store/%E9%87%91%E5%B1%8B%E5%B9%B3%E5%83%B9%E6%B5%B7%E9%AE%AE%E7%86%B1%E7%82%92/LMlY9iyKV1yj3nhKwLzBQQ
2026-08-25,台北市士林區中山北路七段81巷,2b27998dc9bead4e832b491dee131d25,明記大塊雞排 關渡店,SUCCESS,42,4.7,1500,20260825232752_2b27998d_明記大塊雞排_關渡店.json,https://www.ubereats.com/tw/store/%E6%98%8E%E8%A8%98%E5%A4%A7%E5%A1%8A%E9%9B%9E%E6%8E%92-%E9%97%9C%E6%B8%A1%E5%BA%97/WmO8lEVMTnC_EkdlfwcD9A
2026-08-25,台北市士林區中山北路七段81巷,94b94242a7bcacb2df685819dbc6a81e,良木咖啡,SUCCESS,20,5,8,20260825232752_94b94242_良木咖啡.json,https://www.ubereats.com/tw/store/%E8%89%AF%E6%9C%A8%E5%92%96%E5%95%A1/Bmw07txwXu6O74cDZv6pig
2026-08-25,台北市士林區中山北路七段81巷,b6f9e0b0562a5036985406726ced0344,哈哈羅55泰式船麵 士林店,SUCCESS,36,4.8,38,20260825232752_b6f9e0b0_哈哈羅55泰式船麵_士林店.json,https://www.ubereats.com/tw/store/%E5%93%88%E5%93%88%E7%BE%8555%E6%B3%B0%E5%BC%8F%E8%88%B9%E9%BA%B5-%E5%A3%AB%E6%9E%97%E5%BA%97/lm-QLJciV-qQvuWLbajEEA
2026-08-25,台北市士林區中山北路七段81巷,990b410bf5ef4dc5c44084937fe0afa8,Noodle Booze,SUCCESS,9,,,20260825232752_990b410b_Noodle_Booze.json,https://www.ubereats.com/tw/store/noodle-booze/3k51keLqU8e1VjqaT8SE1Q
2026-08-25,台北市士林區中山北路七段81巷,9c81cf0b91956bc593154438a595643b,源圓滷味 劍潭總店,SUCCESS,101,4.9,1000,20260825232752_9c81cf0b_源圓滷味_劍潭總店.json,https://www.ubereats.com/tw/store/%E6%BA%90%E5%9C%93%E6%BB%B7%E5%91%B3-%E5%8A%8D%E6%BD%AD%E7%B8%BD%E5%BA%97/THSZSDiIRLmDMmIU4TL7eg
2026-08-25,台北市士林區中山北路七段81巷,0c3d1f4ea166ddbdca5f30ba391f530e,吉飽早餐 天母德行店,SUCCESS,149,,,20260825232752_0c3d1f4e_吉飽早餐_天母德行店.json,https://www.ubereats.com/tw/store/%E5%90%89%E9%A3%BD%E6%97%A9%E9%A4%90-%E5%A4%A9%E6%AF%8D%E5%BE%B7%E8%A1%8C%E5%BA%97/k7c-Pt-GUhuobEwYVFE1_g
2026-08-25,台北市士林區中山北路七段81巷,2b2d3bcd42c2464a4ec3e8abc9c5e85f,HUYA COFFEE,SUCCESS,23,5,5,20260825232752_2b2d3bcd_HUYA_COFFEE.json,https://www.ubereats.com/tw/store/huya-coffee/d7U7mz-BV1Ky5xkaklCn8g
2026-08-25,台北市士林區中山北路七段81巷,4b67eabf1006cc2530dedc5addffe4a2,十九甲雞排 三重溪尾店,SUCCESS,42,,,20260825232752_4b67eabf_十九甲雞排_三重溪尾店.json,https://www.ubereats.com/tw/store/%E5%8D%81%E4%B9%9D%E7%94%B2%E9%9B%9E%E6%8E%92-%E4%B8%89%E9%87%8D%E6%BA%AA%E5%B0%BE%E5%BA%97/b5f4xWO3VgSbHci355N5Lg
2026-08-25,台北市士林區中山北路七段81巷,48d9628793b23525825228d3046f92d9,台灣香雞排,SUCCESS,43,4.9,190,20260825232752_48d96287_台灣香雞排.json,https://www.ubereats.com/tw/store/%E5%8F%B0%E7%81%A3%E9%A6%99%E9%9B%9E%E6%8E%92/o-BEnNjRVjiAn9en2X334w
2026-08-25,台北市士林區中山北路七段81巷,cba253ab28ef9a620e30265af0afbf0f,得正 OOLONG TEA PROJECT 台北晴光計劃,SUCCESS,35,4.8,2000,20260825232752_cba253ab_得正_OOLONG_TEA_PROJECT_台北晴光計劃.json,https://www.ubereats.com/tw/store/%E5%BE%97%E6%AD%A3-oolong-tea-project-%E5%8F%B0%E5%8C%97%E6%99%B4%E5%85%89%E8%A8%88%E5%8A%83/-v258YARXxaVpxByu2uCWA
2026-08-25,台北市士林區中山北路七段81巷,eed6d19a31c0595a4cae70a0dfd0aa2d,狂野韓式炸雞,SUCCESS,24,4.8,3000,20260825232752_eed6d19a_狂野韓式炸雞.json,https://www.ubereats.com/tw/store/%E7%8B%82%E9%87%8E%E9%9F%93%E5%BC%8F%E7%82%B8%E9%9B%9E/gLC96dHITLmurO3qV6k0EA
2026-08-25,台北市士林區中山北路七段81巷,70de936d0909027df20c5dc0f404be1f,景福館正宗韓國料理,SUCCESS,50,5,17,20260825232752_70de936d_景福館正宗韓國料理.json,https://www.ubereats.com/tw/store/%E6%99%AF%E7%A6%8F%E9%A4%A8%E6%AD%A3%E5%AE%97%E9%9F%93%E5%9C%8B%E6%96%99%E7%90%86/r4kmUMoAUwGjyHNaJI4Jxg
2026-08-25,台北市士林區中山北路七段81巷,eec0ed5cfb8d8928933161370b84f969,喜果屋 商業午餐,SUCCESS,10,,,20260825232752_eec0ed5c_喜果屋_商業午餐.json,https://www.ubereats.com/tw/store/%E5%96%9C%E6%9E%9C%E5%B1%8B-%E5%95%86%E6%A5%AD%E5%8D%88%E9%A4%90/Xw92wKNDVfyPXpyNvFx3lA
2026-08-25,台北市士林區中山北路七段81巷,ef9736a4a77ace059de438afb88a4ad0,奉泉 FanTea,SUCCESS,40,,,20260825232752_ef9736a4_奉泉_FanTea.json,https://www.ubereats.com/tw/store/%E5%A5%89%E6%B3%89-fantea/xI492JxBW_aHJmCdilTHJQ
2026-08-25,台北市士林區中山北路七段81巷,afd8f2890d35af2729d0c7d0828f838f,彼得好咖啡 士林德東門市,SUCCESS,222,4.9,14,20260825232752_afd8f289_彼得好咖啡_士林德東門市.json,https://www.ubereats.com/tw/store/%E5%BD%BC%E5%BE%97%E5%A5%BD%E5%92%96%E5%95%A1-%E5%A3%AB%E6%9E%97%E5%BE%B7%E6%9D%B1%E9%96%80%E5%B8%82/OX0xrKb1U2mpMXSY0AmhBg
2026-08-25,台北市士林區中山北路七段81巷,d149ed6639be47e5f5d5413063a044a7,水澐靝茶舖 x MUMU,SUCCESS,24,4.9,45,20260825232752_d149ed66_水澐靝茶舖_x_MUMU.json,https://www.ubereats.com/tw/store/%E6%B0%B4%E6%BE%90%E9%9D%9D%E8%8C%B6%E8%88%96-x-mumu/1rDcXithUuaQqJNGEJFxpw
2026-08-25,台北市士林區中山北路七段81巷,d12ab97111d121d47ebde7abb4065291,RUMAH 星國料理 Singapore Cuisine,SUCCESS,36,4.2,17,20260825232752_d12ab971_RUMAH_星國料理_Singapore_Cuisine.json,https://www.ubereats.com/tw/store/rumah-%E6%98%9F%E5%9C%8B%E6%96%99%E7%90%86-singapore-cuisine/JUOqbwCuUgGup67qRsSyaQ
2026-08-25,台北市士林區中山北路七段81巷,debc2496e3f34e0d7625b3b6115811c3,紅豆飯館,SUCCESS,23,5,5,20260825232752_debc2496_紅豆飯館.json,https://www.ubereats.com/tw/store/%E7%B4%85%E8%B1%86%E9%A3%AF%E9%A4%A8/7Bk1tSIcUvuELNAQqzRTlA
2026-08-25,台北市士林區中山北路七段81巷,4e9fd0e1de4f02a8aabd2b0de6f9cd6e,樂玩義,SUCCESS,6,,,20260825232752_4e9fd0e1_樂玩義.json,https://www.ubereats.com/tw/store/%E6%A8%82%E7%8E%A9%E7%BE%A9/YlyNny5bVNCEPCj0hChGVw
2026-08-25,台北市士林區中山北路七段81巷,024f81bca24f14c308d2d0070dc19703,享初 雞蛋糕,SUCCESS,15,4.6,25,20260825232752_024f81bc_享初_雞蛋糕.json,https://www.ubereats.com/tw/store/%E4%BA%AB%E5%88%9D-%E9%9B%9E%E8%9B%8B%E7%B3%95/rhtp_CQsUMeXJvRYXyplhQ
2026-08-25,台北市士林區中山北路七段81巷,b5719053dbffad1647f496dc62ff23e4,晴光商圈 晴光姑嫂麵,SUCCESS,19,4.9,100,20260825232752_b5719053_晴光商圈_晴光姑嫂麵.json,https://www.ubereats.com/tw/store/%E6%99%B4%E5%85%89%E5%95%86%E5%9C%88-%E6%99%B4%E5%85%89%E5%A7%91%E5%AB%82%E9%BA%B5/4a0bBec0WP6BczTU9fWC0w
2026-08-25,台北市士林區中山北路七段81巷,13e972032528e29fc6952f4ed68b6b37,味擂家みらい家 士林店,SUCCESS,5,5,2,20260825232752_13e97203_味擂家みらい家_士林店.json,https://www.ubereats.com/tw/store/%E5%91%B3%E6%93%82%E5%AE%B6%E3%81%BF%E3%82%89%E3%81%84%E5%AE%B6-%E5%A3%AB%E6%9E%97%E5%BA%97/X1ZLN3ftXKqMs5zmY3f1uQ
2026-08-25,台北市士林區中山北路七段81巷,bc6c6620417ccf96831eae24a6be5de9,金滴咖啡,SUCCESS,101,5,6,20260825232752_bc6c6620_金滴咖啡.json,https://www.ubereats.com/tw/store/%E9%87%91%E6%BB%B4%E5%92%96%E5%95%A1/1UjONLDKXXWjA85NGl9o2Q
2026-08-25,台北市士林區中山北路七段81巷,b58e156e8b7491f3f121993d7dc057a3,啡創工廠,SUCCESS,63,4.7,6,20260825232752_b58e156e_啡創工廠.json,https://www.ubereats.com/tw/store/%E5%95%A1%E5%89%B5%E5%B7%A5%E5%BB%A0/busIQkHhSd2KJcgx4iJLUA
2026-08-25,台北市士林區中山北路七段81巷,551800b56a9ae4d3ec39efdf85b8c5cc,必勝客Pasta Hut義大利麵 (德行外送店),SUCCESS,172,4.7,55,20260825232752_551800b5_必勝客Pasta_Hut義大利麵_(德行外送店).json,https://www.ubereats.com/tw/store/%E5%BF%85%E5%8B%9D%E5%AE%A2pasta-hut%E7%BE%A9%E5%A4%A7%E5%88%A9%E9%BA%B5-%E5%BE%B7%E8%A1%8C%E5%A4%96%E9%80%81%E5%BA%97/m76upCLCWKGIHKjzN71Kng
2026-08-25,台北市士林區中山北路七段81巷,ec439a005c2eaac854ea96807838f29c,父子廚房 韓式中華料理,SUCCESS,67,5,14,20260825232752_ec439a00_父子廚房_韓式中華料理.json,https://www.ubereats.com/tw/store/%E7%88%B6%E5%AD%90%E5%BB%9A%E6%88%BF-%E9%9F%93%E5%BC%8F%E4%B8%AD%E8%8F%AF%E6%96%99%E7%90%86/--HrjeuaX1iFgMkejeuBng
2026-08-25,台北市士林區中山北路七段81巷,9c2cb8911ec0e9b298d59cfaef869692,士林夜市 印度拉茶,SUCCESS,16,4.6,73,20260825232752_9c2cb891_士林夜市_印度拉茶.json,https://www.ubereats.com/tw/store/%E5%A3%AB%E6%9E%97%E5%A4%9C%E5%B8%82-%E5%8D%B0%E5%BA%A6%E6%8B%89%E8%8C%B6/cEAojajGReybnHgneIWPcA
2026-08-25,台北市士林區中山北路七段81巷,edf20d013ef85673994b2f19fe3937a5,COMEBUY 台北明德,SUCCESS,118,4.9,170,20260825232752_edf20d01_COMEBUY_台北明德.json,https://www.ubereats.com/tw/store/comebuy-%E5%8F%B0%E5%8C%97%E6%98%8E%E5%BE%B7/Y9YzaItDXRKfn4PHnUC3VQ
2026-08-25,台北市士林區中山北路七段81巷,c07f93b02f3078777a03b425d9535d0c,時刻饗聚,SUCCESS,77,,,20260825232752_c07f93b0_時刻饗聚.json,https://www.ubereats.com/tw/store/%E6%99%82%E5%88%BB%E9%A5%97%E8%81%9A/YCptzugpWWG4kwRrcBWODw
2026-08-25,台北市士林區中山北路七段81巷,3c51e9de27215f1a92eb57e3d43c971a,一羽 咖哩飯｜唐揚雞便當,SUCCESS,36,4.8,20,20260825232752_3c51e9de_一羽_咖哩飯｜唐揚雞便當.json,https://www.ubereats.com/tw/store/%E4%B8%80%E7%BE%BD-%E5%92%96%E5%93%A9%E9%A3%AF%7C%E5%94%90%E6%8F%9A%E9%9B%9E%E4%BE%BF%E7%95%B6/vHQdeGdKVcSJimOc-ih6mg
2026-08-25,台北市士林區中山北路七段81巷,bc505169a9b8d1f09b1d4bcf86be28b3,Serious Coffee,SUCCESS,20,4.9,500,20260825232752_bc505169_Serious_Coffee.json,https://www.ubereats.com/tw/store/serious-coffee/duwlKvkpRfWh9_TJSVqoXw
2026-08-25,台北市士林區中山北路七段81巷,2b2d0b08fd7e3a4e2c798349327ae887,願籽職人手作甜點,SUCCESS,38,4.9,17,20260825232752_2b2d0b08_願籽職人手作甜點.json,https://www.ubereats.com/tw/store/%E9%A1%98%E7%B1%BD%E8%81%B7%E4%BA%BA%E6%89%8B%E4%BD%9C%E7%94%9C%E9%BB%9E/P_f2kUIqXdSZCCrtKFH80A
2026-08-25,台北市士林區中山北路七段81巷,998e2588cbe1451f1dbd9711a967c3e9,燊樂樂水煎包 北投中央店,SUCCESS,18,,,20260825232752_998e2588_燊樂樂水煎包_北投中央店.json,https://www.ubereats.com/tw/store/%E7%87%8A%E6%A8%82%E6%A8%82%E6%B0%B4%E7%85%8E%E5%8C%85-%E5%8C%97%E6%8A%95%E4%B8%AD%E5%A4%AE%E5%BA%97/jL7Ilv2BXla24qCZ4slnKA
2026-08-25,台北市士林區中山北路七段81巷,980ff18e56de4f289fff126bb3a1df40,無眠 饗味餐盒,SUCCESS,4,4.8,70,20260825232752_980ff18e_無眠_饗味餐盒.json,https://www.ubereats.com/tw/store/%E7%84%A1%E7%9C%A0-%E9%A5%97%E5%91%B3%E9%A4%90%E7%9B%92/wR0jy1PqUyyWIRQonmIuyQ
2026-08-25,台北市士林區中山北路七段81巷,83a0a0cf516d999e9be0ce3dee4dab2a,雨樹咖啡,SUCCESS,24,5,12,20260825232752_83a0a0cf_雨樹咖啡.json,https://www.ubereats.com/tw/store/%E9%9B%A8%E6%A8%B9%E5%92%96%E5%95%A1/LH2rGRmqUOqeXnUjTH5E1g
2026-08-25,台北市士林區中山北路七段81巷,1dd2dcd0143f529497a672cd5b05050f,陽明山彭城煎餅果子 肉夾饃,SUCCESS,39,4.8,36,20260825232752_1dd2dcd0_陽明山彭城煎餅果子_肉夾饃.json,https://www.ubereats.com/tw/store/%E9%99%BD%E6%98%8E%E5%B1%B1%E5%BD%AD%E5%9F%8E%E7%85%8E%E9%A4%85%E6%9E%9C%E5%AD%90-%E8%82%89%E5%A4%BE%E9%A5%83/Lld5K-pnWu6HGz9JFQ6C7w
2026-08-25,台北市士林區中山北路七段81巷,7924b4ad94ade10c76f710d6980ded84,Mr.庖匠,SUCCESS,151,4.9,260,20260825232752_7924b4ad_Mr.庖匠.json,https://www.ubereats.com/tw/store/mr%E5%BA%96%E5%8C%A0/LoOvNAmPXbC5GbPSDMEj5w
2026-08-25,台北市士林區中山北路七段81巷,cc694d3d2f201011c28307c696fcce40,麻辣天后炒香鍋 三重仁政店,SUCCESS,27,5,10,20260825232752_cc694d3d_麻辣天后炒香鍋_三重仁政店.json,https://www.ubereats.com/tw/store/%E9%BA%BB%E8%BE%A3%E5%A4%A9%E5%90%8E%E7%82%92%E9%A6%99%E9%8D%8B-%E4%B8%89%E9%87%8D%E4%BB%81%E6%94%BF%E5%BA%97/Lle9C1sHUo2qqbcCFiZcjQ
2026-08-25,台北市士林區中山北路七段81巷,113382080ce3b071431d9f6a0b8f1a20,Seul Café 寂室 天母店,SUCCESS,14,4.4,66,20260825232752_11338208_Seul_Café_寂室_天母店.json,https://www.ubereats.com/tw/store/seul-cafe-%E5%AF%82%E5%AE%A4-%E5%A4%A9%E6%AF%8D%E5%BA%97/OUgp3viMXVebKuFaz6XbBg
2026-08-25,台北市士林區中山北路七段81巷,a836efd95f88a0230fdc4a53d15d072e,MAYI滿溢 北投石牌店,SUCCESS,42,4.9,110,20260825232752_a836efd9_MAYI滿溢_北投石牌店.json,https://www.ubereats.com/tw/store/mayi%E6%BB%BF%E6%BA%A2-%E5%8C%97%E6%8A%95%E7%9F%B3%E7%89%8C%E5%BA%97/kHHNUl0oVS-gnmrlX4gFBQ
2026-08-25,台北市士林區中山北路七段81巷,888aef31940107cedf08a789e505dce8,榮記港式燒臘便當,SUCCESS,14,4.8,13,20260825232752_888aef31_榮記港式燒臘便當.json,https://www.ubereats.com/tw/store/%E6%A6%AE%E8%A8%98%E6%B8%AF%E5%BC%8F%E7%87%92%E8%87%98%E4%BE%BF%E7%95%B6/qBn9ObeIX3qiQzQfkN0_Hg
2026-08-25,台北市士林區中山北路七段81巷,71184fd44475d64d8a34289efb3fd14f,唻了老弟,SUCCESS,49,4.8,190,20260825232752_71184fd4_唻了老弟.json,https://www.ubereats.com/tw/store/%E5%94%BB%E4%BA%86%E8%80%81%E5%BC%9F/DULOFJK7TDSkQfKenVwnNw
2026-08-25,台北市士林區中山北路七段81巷,bbf043abef6bc2a6d20619e46d9567b6,J’adore pasta,SUCCESS,10,4.3,20,20260825232752_bbf043ab_J’adore_pasta.json,https://www.ubereats.com/tw/store/jadore-pasta/QravAu59V56DPRkk7VS0vA
2026-08-25,台北市士林區中山北路七段81巷,1916acd5053358b385a4e5e633c3a46e,錘子咖啡天母士東店,SUCCESS,14,4.9,130,20260825232752_1916acd5_錘子咖啡天母士東店.json,https://www.ubereats.com/tw/store/%E9%8C%98%E5%AD%90%E5%92%96%E5%95%A1%E5%A4%A9%E6%AF%8D%E5%A3%AB%E6%9D%B1%E5%BA%97/mxMV1pWDSq6ArfPJfc9dAA
2026-08-25,台北市士林區中山北路七段81巷,20609dc500115ac9fd8690ee62931460,青山 青茶專業製作 台北晴光店,SUCCESS,63,4.6,11,20260825232752_20609dc5_青山_青茶專業製作_台北晴光店.json,https://www.ubereats.com/tw/store/%E9%9D%92%E5%B1%B1-%E9%9D%92%E8%8C%B6%E5%B0%88%E6%A5%AD%E8%A3%BD%E4%BD%9C-%E5%8F%B0%E5%8C%97%E6%99%B4%E5%85%89%E5%BA%97/fBMo29LYWimBCdi648RNvg
2026-08-25,台北市士林區中山北路七段81巷,e069641005bfe3e1ebafc122bd9809ff,台灣番薯丸手作地瓜球 新北三重店,SUCCESS,31,4.9,150,20260825232752_e0696410_台灣番薯丸手作地瓜球_新北三重店.json,https://www.ubereats.com/tw/store/%E5%8F%B0%E7%81%A3%E7%95%AA%E8%96%AF%E4%B8%B8%E6%89%8B%E4%BD%9C%E5%9C%B0%E7%93%9C%E7%90%83-%E6%96%B0%E5%8C%97%E4%B8%89%E9%87%8D%E5%BA%97/SFcEgkveUdC3DOOyD4pXMQ
2026-08-25,台北市士林區中山北路七段81巷,1315b7a3ddbd27f82a0754a2d313d5c5,中和赤肉羹,SUCCESS,23,,,20260825232752_1315b7a3_中和赤肉羹.json,https://www.ubereats.com/tw/store/%E4%B8%AD%E5%92%8C%E8%B5%A4%E8%82%89%E7%BE%B9/ZXNCWD0nU6KmtdC3btkS3g
2026-08-25,台北市士林區中山北路七段81巷,1bc1f49c5c9ce9b4303a6053ecd1178e,天仁釀茶所 喫茶趣中山店,SUCCESS,89,4.9,1000,20260825232752_1bc1f49c_天仁釀茶所_喫茶趣中山店.json,https://www.ubereats.com/tw/store/%E5%A4%A9%E4%BB%81%E9%87%80%E8%8C%B6%E6%89%80-%E5%96%AB%E8%8C%B6%E8%B6%A3%E4%B8%AD%E5%B1%B1%E5%BA%97/DPfj_s_yQfKkvO2ZrGQw6A
2026-08-25,台北市士林區中山北路七段81巷,35959cc901cd446e4569da7ffc307be0,INTRO,SUCCESS,82,4.9,54,20260825232752_35959cc9_INTRO.json,https://www.ubereats.com/tw/store/intro/qvIbMANoX6q-QVuobTIS6g
2026-08-25,台北市士林區中山北路七段81巷,0b8dc957fe6a7bc1d490ce5173823193,Baires 阿根廷手工冰淇淋,SUCCESS,14,4.9,140,20260825232752_0b8dc957_Baires_阿根廷手工冰淇淋.json,https://www.ubereats.com/tw/store/baires-%E9%98%BF%E6%A0%B9%E5%BB%B7%E6%89%8B%E5%B7%A5%E5%86%B0%E6%B7%87%E6%B7%8B/9SYQ4mHfT4u-BHDCMhKqEg
2026-08-25,台北市士林區中山北路七段81巷,b674198f21b2fa93344cfb105da0a3e8,原形 東方茶飲 pûr Sweets,SUCCESS,111,4.9,64,20260825232752_b674198f_原形_東方茶飲_pûr_Sweets.json,https://www.ubereats.com/tw/store/%E5%8E%9F%E5%BD%A2-%E6%9D%B1%E6%96%B9%E8%8C%B6%E9%A3%B2-pur-sweets/QPuLIFyEXD6JOkneFQ0FVQ
2026-08-25,台北市士林區中山北路七段81巷,fb69880d1057e12edc8a6df28e4d27e4,千景咖啡 天母店,SUCCESS,22,5,11,20260825232752_fb69880d_千景咖啡_天母店.json,https://www.ubereats.com/tw/store/%E5%8D%83%E6%99%AF%E5%92%96%E5%95%A1-%E5%A4%A9%E6%AF%8D%E5%BA%97/iPYuYeq2X0e4FGdYgdj74A
2026-08-25,台北市士林區中山北路七段81巷,73baf40708cfd66a48d142bf9c6b1cfe,三隻貓曾記車輪餅 鮮果汁,SUCCESS,18,4.8,170,20260825232752_73baf407_三隻貓曾記車輪餅_鮮果汁.json,https://www.ubereats.com/tw/store/%E4%B8%89%E9%9A%BB%E8%B2%93%E6%9B%BE%E8%A8%98%E8%BB%8A%E8%BC%AA%E9%A4%85-%E9%AE%AE%E6%9E%9C%E6%B1%81/KITf7WSCXS-LWxugcQPvaQ
2026-08-25,台北市士林區中山北路七段81巷,2357d7e5f1906287f35609e70a9e006c,肯德基KFC甜點專賣店 天母中山店,SUCCESS,79,4.8,150,20260825232752_2357d7e5_肯德基KFC甜點專賣店_天母中山店.json,https://www.ubereats.com/tw/store/%E8%82%AF%E5%BE%B7%E5%9F%BAkfc%E7%94%9C%E9%BB%9E%E5%B0%88%E8%B3%A3%E5%BA%97-%E5%A4%A9%E6%AF%8D%E4%B8%AD%E5%B1%B1%E5%BA%97/JxKa08xWWmKSMPivVCHGkw
2026-08-25,台北市士林區中山北路七段81巷,b6bed9f82870a3236d68477f7d12ccbf,麥味登 士林永平店,SUCCESS,216,4.7,7,20260825232752_b6bed9f8_麥味登_士林永平店.json,https://www.ubereats.com/tw/store/%E9%BA%A5%E5%91%B3%E7%99%BB-%E5%A3%AB%E6%9E%97%E6%B0%B8%E5%B9%B3%E5%BA%97/MkDMg6YnUZKSdxDlux9oFQ
2026-08-25,台北市士林區中山北路七段81巷,97a280e6506aae9ef519d5aa820350e8,Banana Blue Coffee 士林店,SUCCESS,39,4.8,200,20260825232752_97a280e6_Banana_Blue_Coffee_士林店.json,https://www.ubereats.com/tw/store/banana-blue-coffee-%E5%A3%AB%E6%9E%97%E5%BA%97/Wpm4ZSPnT6GzhO7OA6ROHA
2026-08-25,台北市士林區中山北路七段81巷,9af9428df348870269bbe5fd6613aed7,豆咖啡BEANCAFE 虹吸x咖啡豆專門店 豆三,SUCCESS,79,4.9,36,20260825232752_9af9428d_豆咖啡BEANCAFE_虹吸x咖啡豆專門店_豆三.json,https://www.ubereats.com/tw/store/%E8%B1%86%E5%92%96%E5%95%A1beancafe-%E8%99%B9%E5%90%B8x%E5%92%96%E5%95%A1%E8%B1%86%E5%B0%88%E9%96%80%E5%BA%97-%E8%B1%86%E4%B8%89/5iDGEbbLWpylNTdIEOhMOA
2026-08-25,台北市士林區中山北路七段81巷,17797c65082e924950bdb4061b417402,鍋島青暖心鍋物,SUCCESS,48,,,20260825232752_17797c65_鍋島青暖心鍋物.json,https://www.ubereats.com/tw/store/%E9%8D%8B%E5%B3%B6%E9%9D%92%E6%9A%96%E5%BF%83%E9%8D%8B%E7%89%A9/oLormuT3Wey6DutbIymDKA
2026-08-25,台北市士林區中山北路七段81巷,a7198f123209d9fafdbdb33efddc021a,我餓了麻辣燙,SUCCESS,27,3.8,30,20260825232752_a7198f12_我餓了麻辣燙.json,https://www.ubereats.com/tw/store/%E6%88%91%E9%A4%93%E4%BA%86%E9%BA%BB%E8%BE%A3%E7%87%99/3Ic0i5rBUYGl9yn2iqNjNg
2026-08-25,台北市士林區中山北路七段81巷,ba3998990c7ec78c29cff26f0be27cda,28 Brunch早午餐,SUCCESS,58,4.8,73,20260825232752_ba399899_28_Brunch早午餐.json,https://www.ubereats.com/tw/store/28-brunch%E6%97%A9%E5%8D%88%E9%A4%90/YyO_qx37VlSLBE_s_qkI3w
2026-08-25,台北市士林區中山北路七段81巷,e92bad4d5f960eb58e361ca2cc351da0,天空廚房2,SUCCESS,20,4.6,52,20260825232752_e92bad4d_天空廚房2.json,https://www.ubereats.com/tw/store/%E5%A4%A9%E7%A9%BA%E5%BB%9A%E6%88%BF2/Nq24je9nWlyh6X8Crqfa5A
2026-08-25,台北市士林區中山北路七段81巷,49e76afbbb755d324afd7ca152596098,夯肉先生炭烤店,SUCCESS,110,4.6,1000,20260825232752_49e76afb_夯肉先生炭烤店.json,https://www.ubereats.com/tw/store/%E5%A4%AF%E8%82%89%E5%85%88%E7%94%9F%E7%82%AD%E7%83%A4%E5%BA%97/LHZxJkFmWkCC9CWdQwQ_cw
2026-08-25,台北市士林區中山北路七段81巷,b35160d4986a93266f994bb33c5dfbc9,Pizza Hut必勝客便當專賣店 (天母外送店),SUCCESS,135,4.9,23,20260825232752_b35160d4_Pizza_Hut必勝客便當專賣店_(天母外送店).json,https://www.ubereats.com/tw/store/pizza-hut%E5%BF%85%E5%8B%9D%E5%AE%A2%E4%BE%BF%E7%95%B6%E5%B0%88%E8%B3%A3%E5%BA%97-%E5%A4%A9%E6%AF%8D%E5%A4%96%E9%80%81%E5%BA%97/8SCEMVTyURCx6DG9rbUHFA
2026-08-25,台北市士林區中山北路七段81巷,f802f0018c2e832a28814b98ebfa8a0c,小君優質蔬果店,SUCCESS,70,4.9,33,20260825232752_f802f001_小君優質蔬果店.json,https://www.ubereats.com/tw/store/%E5%B0%8F%E5%90%9B%E5%84%AA%E8%B3%AA%E8%94%AC%E6%9E%9C%E5%BA%97/cVBC4pyxVe6dPtXlPDJAeA
2026-08-25,台北市士林區中山北路七段81巷,27c9f331143f5af65a71595404c34416,cama café 和碩立德店,SUCCESS,108,4.9,380,20260825232752_27c9f331_cama_café_和碩立德店.json,https://www.ubereats.com/tw/store/cama-cafe-%E5%92%8C%E7%A2%A9%E7%AB%8B%E5%BE%B7%E5%BA%97/CGAlCWMFQOC_BpHVc8wETg
2026-08-25,台北市士林區中山北路七段81巷,480955f6cda5f1e3516cd20ec493d52d,巨星食堂 炒飯｜燴飯｜便當,SUCCESS,31,,,20260825232752_480955f6_巨星食堂_炒飯｜燴飯｜便當.json,https://www.ubereats.com/tw/store/%E5%B7%A8%E6%98%9F%E9%A3%9F%E5%A0%82-%E7%82%92%E9%A3%AF%7C%E7%87%B4%E9%A3%AF%7C%E4%BE%BF%E7%95%B6/zl06jKzTW0SzGC6JbQPpug
2026-08-25,台北市士林區中山北路七段81巷,ffdf38fefb6fa9ec500cf12e166dc0ad,COMEBUY 台北士東門市,SUCCESS,115,4.9,500,20260825232752_ffdf38fe_COMEBUY_台北士東門市.json,https://www.ubereats.com/tw/store/comebuy-%E5%8F%B0%E5%8C%97%E5%A3%AB%E6%9D%B1%E9%96%80%E5%B8%82/8UzZzOBFXjuiOH5wXJTKOw
2026-08-25,台北市士林區中山北路七段81巷,a424919d8e81023c9f9c0e851b163b31,味馨齋 素食,SUCCESS,6,4.9,900,20260825232752_a424919d_味馨齋_素食.json,https://www.ubereats.com/tw/store/%E5%91%B3%E9%A6%A8%E9%BD%8B-%E7%B4%A0%E9%A3%9F/k-RZxLBYXhKEqXUH5Y8X5A
2026-08-25,台北市士林區中山北路七段81巷,db50caa1916030ece19fb16a96f4e014,士林夜市 小月台港點心屋,SUCCESS,10,4.4,34,20260825232752_db50caa1_士林夜市_小月台港點心屋.json,https://www.ubereats.com/tw/store/%E5%A3%AB%E6%9E%97%E5%A4%9C%E5%B8%82-%E5%B0%8F%E6%9C%88%E5%8F%B0%E6%B8%AF%E9%BB%9E%E5%BF%83%E5%B1%8B/RbZKEXTJVImqeLUIuc38_A
2026-08-25,台北市士林區中山北路七段81巷,95166bdb938f36d8b391888664e4fb35,群咖啡 石牌店,SUCCESS,46,5,500,20260825232752_95166bdb_群咖啡_石牌店.json,https://www.ubereats.com/tw/store/%E7%BE%A4%E5%92%96%E5%95%A1-%E7%9F%B3%E7%89%8C%E5%BA%97/nxiv2goZQWOv76kRytAZ8w
2026-08-25,台北市士林區中山北路七段81巷,69903c4cc4133461a15839ab877154ca,醇現烤 萬家福天母店,SUCCESS,14,4.8,14,20260825232752_69903c4c_醇現烤_萬家福天母店.json,https://www.ubereats.com/tw/store/%E9%86%87%E7%8F%BE%E7%83%A4-%E8%90%AC%E5%AE%B6%E7%A6%8F%E5%A4%A9%E6%AF%8D%E5%BA%97/2l5rfj_YW6Sq-U8YynWEbQ
2026-08-25,台北市士林區中山北路七段81巷,4bada66c75c8954e7620adb2f172c9f6,彭城堂青草茶,SUCCESS,12,4.6,64,20260825232752_4bada66c_彭城堂青草茶.json,https://www.ubereats.com/tw/store/%E5%BD%AD%E5%9F%8E%E5%A0%82%E9%9D%92%E8%8D%89%E8%8C%B6/tYsy3f-cVau8GvzVYr4Oug
2026-08-25,台北市士林區中山北路七段81巷,fdb69d4dbcb8b3c4640ad2502e56c36f,Kitchen Lab食驗室（大同店）,SUCCESS,72,4.4,29,20260825232752_fdb69d4d_Kitchen_Lab食驗室（大同店）.json,https://www.ubereats.com/tw/store/kitchen-lab%E9%A3%9F%E9%A9%97%E5%AE%A4%E5%A4%A7%E5%90%8C%E5%BA%97/_Ob2MqQ2Xu6xeGCXC5D0jA
2026-08-25,台北市士林區中山北路七段81巷,91735ba738e585b421c45d45be603235,仕紳品麵Gentry Noodle丨雞湯麵專賣,SUCCESS,29,,,20260825232752_91735ba7_仕紳品麵Gentry_Noodle丨雞湯麵專賣.json,https://www.ubereats.com/tw/store/%E4%BB%95%E7%B4%B3%E5%93%81%E9%BA%B5gentry-noodle%E4%B8%A8%E9%9B%9E%E6%B9%AF%E9%BA%B5%E5%B0%88%E8%B3%A3/2yQHO9-ZXvay49zaSZmIlw
2026-08-25,台北市士林區中山北路七段81巷,0587d0f9815900cf6a6098c802a20ae1,樂華夜市  歐益喜狀元糕,SUCCESS,7,4.6,160,20260825232752_0587d0f9_樂華夜市__歐益喜狀元糕.json,https://www.ubereats.com/tw/store/%E6%A8%82%E8%8F%AF%E5%A4%9C%E5%B8%82-%E6%AD%90%E7%9B%8A%E5%96%9C%E7%8B%80%E5%85%83%E7%B3%95/NYHSe4DLVua_wUPfmTAH4g
2026-08-25,台北市士林區中山北路七段81巷,447f05eb2aa41d8753e26edeba8a7d1b,魚之棧,SUCCESS,123,4.9,180,20260825232752_447f05eb_魚之棧.json,https://www.ubereats.com/tw/store/%E9%AD%9A%E4%B9%8B%E6%A3%A7/WGwVMVolVqazPEG44YUObQ
2026-08-25,台北市士林區中山北路七段81巷,aad203a56fc5487c96d60b1e56ceddc1,喜多炒飯蛋包飯,SUCCESS,35,4.7,160,20260825232752_aad203a5_喜多炒飯蛋包飯.json,https://www.ubereats.com/tw/store/%E5%96%9C%E5%A4%9A%E7%82%92%E9%A3%AF%E8%9B%8B%E5%8C%85%E9%A3%AF/_aUHtfUnXq-_81ceo_KxJQ
2026-08-25,台北市士林區中山北路七段81巷,5a0364b703942c51f937032a1c7e504a,WellSunJuicebar維生蔬果調飲,SUCCESS,23,4.9,800,20260825232752_5a0364b7_WellSunJuicebar維生蔬果調飲.json,https://www.ubereats.com/tw/store/wellsunjuicebar%E7%B6%AD%E7%94%9F%E8%94%AC%E6%9E%9C%E8%AA%BF%E9%A3%B2/eOobZ9rDRZ-o5i9ybDh1-A
2026-08-25,台北市士林區中山北路七段81巷,69391ece2b91e63c47aaa8a80b798d6c,Modern Mode Cafe,SUCCESS,17,5,7,20260825232752_69391ece_Modern_Mode_Cafe.json,https://www.ubereats.com/tw/store/modern-mode-cafe/JTNN57nmX6aoP71fDQyVeQ
2026-08-25,台北市士林區中山北路七段81巷,370172d76a6cccf896fd0870fda621f1,麥町吐司工房 天母士東店,SUCCESS,74,4.8,470,20260825232752_370172d7_麥町吐司工房_天母士東店.json,https://www.ubereats.com/tw/store/%E9%BA%A5%E7%94%BA%E5%90%90%E5%8F%B8%E5%B7%A5%E6%88%BF-%E5%A4%A9%E6%AF%8D%E5%A3%AB%E6%9D%B1%E5%BA%97/3QPE0wflWiiCMwpHoppn1Q
2026-08-25,台北市士林區中山北路七段81巷,6fb73fa2ac984df9c2d85bc2dcc9e0b7,良食堂健康餐,SUCCESS,12,4.8,130,20260825232752_6fb73fa2_良食堂健康餐.json,https://www.ubereats.com/tw/store/%E8%89%AF%E9%A3%9F%E5%A0%82%E5%81%A5%E5%BA%B7%E9%A4%90/2wILbi-aXxWUov__3S9zDA
2026-08-25,台北市士林區中山北路七段81巷,bd7c687ecd9cde3003678e34ea390557,Pistachill cafe,SUCCESS,54,5,2,20260825232752_bd7c687e_Pistachill_cafe.json,https://www.ubereats.com/tw/store/pistachill-cafe/a4Ptoen9XzWyMgXFCS_p4A
2026-08-25,台北市士林區中山北路七段81巷,5c64861f9eb5388b477d86fb4fbbedc6,士林夜市 MP 重口味美食,SUCCESS,30,4.5,110,20260825232752_5c64861f_士林夜市_MP_重口味美食.json,https://www.ubereats.com/tw/store/%E5%A3%AB%E6%9E%97%E5%A4%9C%E5%B8%82-mp-%E9%87%8D%E5%8F%A3%E5%91%B3%E7%BE%8E%E9%A3%9F/RYl9njVQXLivGZHX34i-eQ
2026-08-25,台北市士林區中山北路七段81巷,69f77bc8939efb19778177b03cd4a5c6,鮮味屋,SUCCESS,21,4.7,470,20260825232752_69f77bc8_鮮味屋.json,https://www.ubereats.com/tw/store/%E9%AE%AE%E5%91%B3%E5%B1%8B/IGHkjjNaS7GyYpdxLWCnlQ
2026-08-25,台北市士林區中山北路七段81巷,b63f3c13c6c875539c40933716197233,老闆愛猛炒 北投致遠店,SUCCESS,28,4.3,80,20260825232752_b63f3c13_老闆愛猛炒_北投致遠店.json,https://www.ubereats.com/tw/store/%E8%80%81%E9%97%86%E6%84%9B%E7%8C%9B%E7%82%92-%E5%8C%97%E6%8A%95%E8%87%B4%E9%81%A0%E5%BA%97/8U_j6VHzV7ahSvkgwjZa6w
2026-08-25,台北市士林區中山北路七段81巷,4dc3a04a75b0f0c4692f1f416f380d80,幸福關東煮烏龍麵,SUCCESS,44,4.8,1500,20260825232752_4dc3a04a_幸福關東煮烏龍麵.json,https://www.ubereats.com/tw/store/%E5%B9%B8%E7%A6%8F%E9%97%9C%E6%9D%B1%E7%85%AE%E7%83%8F%E9%BE%8D%E9%BA%B5/ooyBoLadTriRXWiAMRqPVg
2026-08-25,台北市士林區中山北路七段81巷,425cc0f88caee3cb2339608fe2b3a0ab,Louisa 路易莎 天母東,SUCCESS,123,4.9,2000,20260825232752_425cc0f8_Louisa_路易莎_天母東.json,https://www.ubereats.com/tw/store/louisa-%E8%B7%AF%E6%98%93%E8%8E%8E-%E5%A4%A9%E6%AF%8D%E6%9D%B1/6vnfwYg1TWm4mlJIoVveFw
2026-08-25,台北市士林區中山北路七段81巷,6632352e737ce77a4502ab41b8b5e6fe,阿嬤ㄟ50年麵館,SUCCESS,40,4.8,17,20260825232752_6632352e_阿嬤ㄟ50年麵館.json,https://www.ubereats.com/tw/store/%E9%98%BF%E5%AC%A4%E3%84%9F50%E5%B9%B4%E9%BA%B5%E9%A4%A8/4Vu0RRspWW2L-c2JA79DDw
2026-08-25,台北市士林區中山北路七段81巷,2f66d8ad60b71e360962146bc51646f2,葉子異國小廚坊,SUCCESS,98,4.6,800,20260825232752_2f66d8ad_葉子異國小廚坊.json,https://www.ubereats.com/tw/store/%E8%91%89%E5%AD%90%E7%95%B0%E5%9C%8B%E5%B0%8F%E5%BB%9A%E5%9D%8A/PtOXLaqvSoay0VfJBahFwA
2026-08-25,台北市士林區中山北路七段81巷,c76f79d118e3989f6e4a9df774001d22,吾麥窯烤麵包 天母店,SUCCESS,4,5,32,20260825232752_c76f79d1_吾麥窯烤麵包_天母店.json,https://www.ubereats.com/tw/store/%E5%90%BE%E9%BA%A5%E7%AA%AF%E7%83%A4%E9%BA%B5%E5%8C%85-%E5%A4%A9%E6%AF%8D%E5%BA%97/yMFweZ2JXKGEFrrP1VynUA
2026-08-25,台北市士林區中山北路七段81巷,45b24daa81301c9da8b2b0955f151b8d,梁社漢排骨 天母忠誠店,SUCCESS,67,4.8,35,20260825232752_45b24daa_梁社漢排骨_天母忠誠店.json,https://www.ubereats.com/tw/store/%E6%A2%81%E7%A4%BE%E6%BC%A2%E6%8E%92%E9%AA%A8-%E5%A4%A9%E6%AF%8D%E5%BF%A0%E8%AA%A0%E5%BA%97/Pqt2aFHLVa6JtYXMy1TQSA
2026-08-25,台北市士林區中山北路七段81巷,d381df399386c5354b6b33a614f7cdb3,朝食早午餐,SUCCESS,113,4.9,79,20260825232752_d381df39_朝食早午餐.json,https://www.ubereats.com/tw/store/%E6%9C%9D%E9%A3%9F%E6%97%A9%E5%8D%88%E9%A4%90/JZyrGHxgVca5rMxEQLl-kA
2026-08-25,台北市士林區中山北路七段81巷,9e998d1c828dddd10de038cb61230c09,哪次布喝,SUCCESS,59,4.8,64,20260825232752_9e998d1c_哪次布喝.json,https://www.ubereats.com/tw/store/%E5%93%AA%E6%AC%A1%E5%B8%83%E5%96%9D/5zfYm4bDWLKhfIv9F-w_6w
2026-08-25,台北市士林區中山北路七段81巷,0e7b1ee06a140a13d1e3ac4a74cdae76,Snuggles 優格時蔬拌麵,SUCCESS,27,5,23,20260825232752_0e7b1ee0_Snuggles_優格時蔬拌麵.json,https://www.ubereats.com/tw/store/snuggles-%E5%84%AA%E6%A0%BC%E6%99%82%E8%94%AC%E6%8B%8C%E9%BA%B5/YW8FoTZbXxOPIKfOapmUjQ
2026-08-25,台北市士林區中山北路七段81巷,a11f26eda2e52a483a340adf72357504,50嵐 奇岩店,SUCCESS,167,4.9,1500,20260825232752_a11f26ed_50嵐_奇岩店.json,https://www.ubereats.com/tw/store/50%E5%B5%90-%E5%A5%87%E5%B2%A9%E5%BA%97/lzTzvwLJWa2ayGueP0Kb6w
2026-08-25,台北市士林區中山北路七段81巷,b471a3ff716240d638058ce8b5138d8f,芝山東港強和牛燒肉,SUCCESS,35,4.9,150,20260825232752_b471a3ff_芝山東港強和牛燒肉.json,https://www.ubereats.com/tw/store/%E8%8A%9D%E5%B1%B1%E6%9D%B1%E6%B8%AF%E5%BC%B7%E5%92%8C%E7%89%9B%E7%87%92%E8%82%89/4QGWUqMFWb2-oM9YXz3rZQ
2026-08-25,台北市士林區中山北路七段81巷,9e109a530fb71f8c8e90bac5909645c3,越之鄉美食館,SUCCESS,97,4.9,2000,20260825232752_9e109a53_越之鄉美食館.json,https://www.ubereats.com/tw/store/%E8%B6%8A%E4%B9%8B%E9%84%89%E7%BE%8E%E9%A3%9F%E9%A4%A8/Das5Dcv6TwCXTWttr6-OgQ
2026-08-25,台北市士林區中山北路七段81巷,359a1e5339975f52ae862c80f868251c,123水餃,SUCCESS,39,4.7,250,20260825232752_359a1e53_123水餃.json,https://www.ubereats.com/tw/store/123%E6%B0%B4%E9%A4%83/3v8i249iQVSy3-yyy5Re_Q
2026-08-25,台北市士林區中山北路七段81巷,ffce232a9aa7603b4ae76101beb8e866,J.T私房海鮮料理,SUCCESS,39,4.2,46,20260825232752_ffce232a_J.T私房海鮮料理.json,https://www.ubereats.com/tw/store/jt%E7%A7%81%E6%88%BF%E6%B5%B7%E9%AE%AE%E6%96%99%E7%90%86/XSTtchNeUj6ajmwffpVfAQ
2026-08-25,台北市士林區中山北路七段81巷,af344aef4e2ed167eb65831d6382bdd8,台灣綠豆沙綠豆沙,SUCCESS,29,5,5,20260825232752_af344aef_台灣綠豆沙綠豆沙.json,https://www.ubereats.com/tw/store/%E5%8F%B0%E7%81%A3%E7%B6%A0%E8%B1%86%E6%B2%99%E7%B6%A0%E8%B1%86%E6%B2%99/EFhmLpbwWhe4APmlb-tTZQ
2026-08-25,台北市士林區中山北路七段81巷,c886e036407909dc021ec028202cff0d,福港成都牛肉麵,SUCCESS,60,4.8,83,20260825232752_c886e036_福港成都牛肉麵.json,https://www.ubereats.com/tw/store/%E7%A6%8F%E6%B8%AF%E6%88%90%E9%83%BD%E7%89%9B%E8%82%89%E9%BA%B5/syWgoMleWsiYvV7z0gScNA
2026-08-25,台北市士林區中山北路七段81巷,721173ca32f66f914d4c4ae9765cc7d9,八方雲集 北投崇仁店,SUCCESS,87,5,130,20260825232752_721173ca_八方雲集_北投崇仁店.json,https://www.ubereats.com/tw/store/%E5%85%AB%E6%96%B9%E9%9B%B2%E9%9B%86-%E5%8C%97%E6%8A%95%E5%B4%87%E4%BB%81%E5%BA%97/jxLpAUUHWaGf9diPHJoMBg
2026-08-25,台北市士林區中山北路七段81巷,592d69bfcdf321410bfb23fe07061292,早點名 漢堡吐司蛋餅,SUCCESS,71,4.8,4,20260825232752_592d69bf_早點名_漢堡吐司蛋餅.json,https://www.ubereats.com/tw/store/%E6%97%A9%E9%BB%9E%E5%90%8D-%E6%BC%A2%E5%A0%A1%E5%90%90%E5%8F%B8%E8%9B%8B%E9%A4%85/hzoMp-e0XGWH5kX7MNWfvw
2026-08-25,台北市士林區中山北路七段81巷,9f798d4513e5631903b94b5d44c2970f,滴韻咖啡DripU Coffee,SUCCESS,54,,,20260825232752_9f798d45_滴韻咖啡DripU_Coffee.json,https://www.ubereats.com/tw/store/%E6%BB%B4%E9%9F%BB%E5%92%96%E5%95%A1dripu-coffee/jnspOznBUxqSAmL3tBbkbw
2026-08-25,台北市士林區中山北路七段81巷,7c3aa8a101fb0d95e214568e78c2e05d,勾癮咖啡,SUCCESS,72,4.9,160,20260825232752_7c3aa8a1_勾癮咖啡.json,https://www.ubereats.com/tw/store/%E5%8B%BE%E7%99%AE%E5%92%96%E5%95%A1/EHuC6lyYXEWbwx5FK8U-LA
2026-08-25,台北市士林區中山北路七段81巷,1b235ad22595401a25f43f435b4838e6,伍常咖啡 DAILY COFFEE,SUCCESS,39,5,71,20260825232752_1b235ad2_伍常咖啡_DAILY_COFFEE.json,https://www.ubereats.com/tw/store/%E4%BC%8D%E5%B8%B8%E5%92%96%E5%95%A1-daily-coffee/LKceKpKlX5OHV76qKbMxYA
2026-08-25,台北市士林區中山北路七段81巷,766e9f70a0fa42a5f326d762e196655c,姬丼日式蓋飯,SUCCESS,30,4.8,180,20260825232752_766e9f70_姬丼日式蓋飯.json,https://www.ubereats.com/tw/store/%E5%A7%AC%E4%B8%BC%E6%97%A5%E5%BC%8F%E8%93%8B%E9%A3%AF/0uHjJtgPWbaO5qAM_ioETw
2026-08-25,台北市士林區中山北路七段81巷,ba30b20ad4b6ffbb70311a1a7e3d9079,美美廚房,SUCCESS,14,5,19,20260825232752_ba30b20a_美美廚房.json,https://www.ubereats.com/tw/store/%E7%BE%8E%E7%BE%8E%E5%BB%9A%E6%88%BF/s7MIu8zrWZCGAk5fieUp6w
2026-08-25,台北市士林區中山北路七段81巷,87d27b3c6e6d15096c99f33d9aa4732e,BU-LI 不理,SUCCESS,50,4.7,78,20260825232752_87d27b3c_BU-LI_不理.json,https://www.ubereats.com/tw/store/bu-li-%E4%B8%8D%E7%90%86/YMEe-8kNUfC_ecMvuQWAgg
2026-08-25,台北市士林區中山北路七段81巷,0ca9449ad26e2e72ecfa3270aa69d95e,士林夜市 歐益喜狀元糕,SUCCESS,26,4.4,78,20260825232752_0ca9449a_士林夜市_歐益喜狀元糕.json,https://www.ubereats.com/tw/store/%E5%A3%AB%E6%9E%97%E5%A4%9C%E5%B8%82-%E6%AD%90%E7%9B%8A%E5%96%9C%E7%8B%80%E5%85%83%E7%B3%95/QWH-H4UHWAOeC1BSs5QUWw
2026-08-25,台北市士林區中山北路七段81巷,f7ff89dd4821e3915e088b1901e7efab,萃茶風健康餐 台北德惠店,SUCCESS,46,4.9,440,20260825232752_f7ff89dd_萃茶風健康餐_台北德惠店.json,https://www.ubereats.com/tw/store/%E8%90%83%E8%8C%B6%E9%A2%A8%E5%81%A5%E5%BA%B7%E9%A4%90-%E5%8F%B0%E5%8C%97%E5%BE%B7%E6%83%A0%E5%BA%97/i4lqqbvdWDOLdRBjwvnfmQ
2026-08-25,台北市士林區中山北路七段81巷,81f273b5722e0bc2f31f08a58dcded70,STAND cafébar 和泰門市,SUCCESS,68,5,5,20260825232752_81f273b5_STAND_cafébar_和泰門市.json,https://www.ubereats.com/tw/store/stand-cafebar-%E5%92%8C%E6%B3%B0%E9%96%80%E5%B8%82/MnK0gDpmUQ6iphGupTU1lw
2026-08-25,台北市士林區中山北路七段81巷,bf41de72f4ff5001cc7af2b133017526,麥麥Pasta,SUCCESS,21,4.8,120,20260825232752_bf41de72_麥麥Pasta.json,https://www.ubereats.com/tw/store/%E9%BA%A5%E9%BA%A5pasta/oeLHJu42W-qgRzYEu75qwQ
2026-08-25,台北市士林區中山北路七段81巷,804f9520c4af756769d08c2bf9e00e8f,天母北港肉焿店,SUCCESS,52,4.8,600,20260825232752_804f9520_天母北港肉焿店.json,https://www.ubereats.com/tw/store/%E5%A4%A9%E6%AF%8D%E5%8C%97%E6%B8%AF%E8%82%89%E7%84%BF%E5%BA%97/cIlEKfFSSbStO-NedeJOwg
2026-08-25,台北市士林區中山北路七段81巷,b84970ce191df26ea932bd1132c82ac0,QQ 越南風味料理,SUCCESS,39,4.7,170,20260825232752_b84970ce_QQ_越南風味料理.json,https://www.ubereats.com/tw/store/qq-%E8%B6%8A%E5%8D%97%E9%A2%A8%E5%91%B3%E6%96%99%E7%90%86/cCd4ANSnWxOJJYgOP2M2Zg
2026-08-25,台北市士林區中山北路七段81巷,d0a5e660ee9916e6e5fff26b0179f7ee,石牌夜市 夯豆綠豆沙,SUCCESS,21,4.8,52,20260825232752_d0a5e660_石牌夜市_夯豆綠豆沙.json,https://www.ubereats.com/tw/store/%E7%9F%B3%E7%89%8C%E5%A4%9C%E5%B8%82-%E5%A4%AF%E8%B1%86%E7%B6%A0%E8%B1%86%E6%B2%99/wPuiCosoWemnhkpCNcgU0A
2026-08-25,台北市士林區中山北路七段81巷,7ff7a257118056bbb00fda69ef838bdb,歐品香廚餐坊,SUCCESS,26,4.8,240,20260825232752_7ff7a257_歐品香廚餐坊.json,https://www.ubereats.com/tw/store/%E6%AD%90%E5%93%81%E9%A6%99%E5%BB%9A%E9%A4%90%E5%9D%8A/baRT-U35TYiY2HBnnqFiwQ
2026-08-25,台北市士林區中山北路七段81巷,d142b1e94f1a53233b2a1cc9b1d24457,GL Brunch&coffee,SUCCESS,130,,,20260825232752_d142b1e9_GL_Brunch&coffee.json,https://www.ubereats.com/tw/store/gl-brunch%26coffee/Q7w2PNoeXK64mIHI3DxpLg
2026-08-25,台北市士林區中山北路七段81巷,02adf3ececd659d3e76619fa59987ba5,馬克老爹咖啡 天母門市,SUCCESS,51,4.8,360,20260825232752_02adf3ec_馬克老爹咖啡_天母門市.json,https://www.ubereats.com/tw/store/%E9%A6%AC%E5%85%8B%E8%80%81%E7%88%B9%E5%92%96%E5%95%A1-%E5%A4%A9%E6%AF%8D%E9%96%80%E5%B8%82/gmjwLiD0Qo-mltuGrYyXUw
2026-08-25,台北市士林區中山北路七段81巷,f1dd63fbff19c58dd61d125a69970a9c,臺灣味魯肉飯 米粉湯,SUCCESS,42,4.7,470,20260825232752_f1dd63fb_臺灣味魯肉飯_米粉湯.json,https://www.ubereats.com/tw/store/%E8%87%BA%E7%81%A3%E5%91%B3%E9%AD%AF%E8%82%89%E9%A3%AF-%E7%B1%B3%E7%B2%89%E6%B9%AF/rYClxMCmSDyLHc3qwZSzHA
2026-08-25,台北市士林區中山北路七段81巷,15878e65491274869edfbc097fc01e94,夥食餐廚 Brosmeal,SUCCESS,14,4.7,17,20260825232752_15878e65_夥食餐廚_Brosmeal.json,https://www.ubereats.com/tw/store/%E5%A4%A5%E9%A3%9F%E9%A4%90%E5%BB%9A-brosmeal/nWILQQBRVt6ZA12FVdnQZg
2026-08-25,台北市士林區中山北路七段81巷,e7e5f9c696a980c0b265fbd946f5e775,首席主廚義大利麵  林森晴光店,SUCCESS,133,4.2,250,20260825232752_e7e5f9c6_首席主廚義大利麵__林森晴光店.json,https://www.ubereats.com/tw/store/%E9%A6%96%E5%B8%AD%E4%B8%BB%E5%BB%9A%E7%BE%A9%E5%A4%A7%E5%88%A9%E9%BA%B5-%E6%9E%97%E6%A3%AE%E6%99%B4%E5%85%89%E5%BA%97/ImRnUC-zVa26hNjBLUCdNw
2026-08-25,台北市士林區中山北路七段81巷,49d8d709c3096351f221ac8c64c2d759,咵腹好香雞肉飯 士林店,SUCCESS,25,2.6,25,20260825232752_49d8d709_咵腹好香雞肉飯_士林店.json,https://www.ubereats.com/tw/store/%E5%92%B5%E8%85%B9%E5%A5%BD%E9%A6%99%E9%9B%9E%E8%82%89%E9%A3%AF-%E5%A3%AB%E6%9E%97%E5%BA%97/UY2HjhltXISb3DWf-X6MEQ
2026-08-25,台北市士林區中山北路七段81巷,1082f38c9f59b620f11ceaf943ef0b89,文啝桐丨四味麵屋,SUCCESS,43,4.9,88,20260825232752_1082f38c_文啝桐丨四味麵屋.json,https://www.ubereats.com/tw/store/%E6%96%87%E5%95%9D%E6%A1%90%E4%B8%A8%E5%9B%9B%E5%91%B3%E9%BA%B5%E5%B1%8B/9eccgZ5fUNud2ZCq6-Gc5Q
2026-08-25,台北市士林區中山北路七段81巷,bf895773265314bb409f49bc9547e0c6,全多麥 鮮作早餐,SUCCESS,110,4.6,420,20260825232752_bf895773_全多麥_鮮作早餐.json,https://www.ubereats.com/tw/store/%E5%85%A8%E5%A4%9A%E9%BA%A5-%E9%AE%AE%E4%BD%9C%E6%97%A9%E9%A4%90/FVZtFPtET8aqNlCgnH098g
2026-08-25,台北市士林區中山北路七段81巷,cd52d8292ea94df97054a7b0c687638a,壹咖啡 中山德惠店,SUCCESS,120,4.8,380,20260825232752_cd52d829_壹咖啡_中山德惠店.json,https://www.ubereats.com/tw/store/%E5%A3%B9%E5%92%96%E5%95%A1-%E4%B8%AD%E5%B1%B1%E5%BE%B7%E6%83%A0%E5%BA%97/rODN_dVUQMCGEopMHAJl7w
2026-08-25,台北市士林區中山北路七段81巷,987edb48caaf3d4911130de2449e7047,99漢堡早午餐 |抓餅|鐵板麵,SUCCESS,114,4.9,100,20260825232752_987edb48_99漢堡早午餐__抓餅_鐵板麵.json,https://www.ubereats.com/tw/store/99%E6%BC%A2%E5%A0%A1%E6%97%A9%E5%8D%88%E9%A4%90-%7C%E6%8A%93%E9%A4%85%7C%E9%90%B5%E6%9D%BF%E9%BA%B5/PLMm0VEfUhiRHDNXTAyaAw
2026-08-25,台北市士林區中山北路七段81巷,b22cb25bd6d2640e4ec4a6d7dc1af5c6,厚HOLD Café,SUCCESS,28,5,27,20260825232752_b22cb25b_厚HOLD_Café.json,https://www.ubereats.com/tw/store/%E5%8E%9Ahold-cafe/ajZuX6_-VFKLBP1kFNOXuA
2026-08-25,台北市士林區中山北路七段81巷,f0e13264c59ba15a00f8eb1e4f80f3bf,鵝肉川食堂,SUCCESS,48,4.8,400,20260825232752_f0e13264_鵝肉川食堂.json,https://www.ubereats.com/tw/store/%E9%B5%9D%E8%82%89%E5%B7%9D%E9%A3%9F%E5%A0%82/J4LDXfO0T_Cn1lr4sZL_Sg
2026-08-25,台北市士林區中山北路七段81巷,8856547f801342057e29262920e457b5,橘子工坊 北投中和店,SUCCESS,75,4.9,390,20260825232752_8856547f_橘子工坊_北投中和店.json,https://www.ubereats.com/tw/store/%E6%A9%98%E5%AD%90%E5%B7%A5%E5%9D%8A-%E5%8C%97%E6%8A%95%E4%B8%AD%E5%92%8C%E5%BA%97/Gw6Wiv9RQoGMfkbYgpZ8nQ
2026-08-25,台北市士林區中山北路七段81巷,c8a5cd0ffb5a1b20e028684a81f0a7c1,Masala Magic Indian Restaurant香料魔法印度餐廳,SUCCESS,92,4.7,160,20260825232752_c8a5cd0f_Masala_Magic_Indian_Restaurant香料魔法印度餐廳.json,https://www.ubereats.com/tw/store/masala-magic-indian-restaurant%E9%A6%99%E6%96%99%E9%AD%94%E6%B3%95%E5%8D%B0%E5%BA%A6%E9%A4%90%E5%BB%B3/jNHU2ZsUWP2-SeTWfHj71Q
2026-08-25,台北市士林區中山北路七段81巷,b343f196a3a8507780c090a1f6a18c5c,Q Burger 早午餐 士林延平店,SUCCESS,256,4.8,110,20260825232752_b343f196_Q_Burger_早午餐_士林延平店.json,https://www.ubereats.com/tw/store/q-burger-%E6%97%A9%E5%8D%88%E9%A4%90-%E5%A3%AB%E6%9E%97%E5%BB%B6%E5%B9%B3%E5%BA%97/Q6175YhiWxuwamSlw8Yx3Q
2026-08-25,台北市士林區中山北路七段81巷,9b257c7fced7f4c0cfb211c6c6ad85ad,檸夏鮮果茶 手搖專賣,SUCCESS,55,4.9,130,20260825232752_9b257c7f_檸夏鮮果茶_手搖專賣.json,https://www.ubereats.com/tw/store/%E6%AA%B8%E5%A4%8F%E9%AE%AE%E6%9E%9C%E8%8C%B6-%E6%89%8B%E6%90%96%E5%B0%88%E8%B3%A3/-CCLBSfjUFCegsV0xm6b3g
2026-08-25,台北市士林區中山北路七段81巷,23fee30869b1da907ed35607d7e7ef20,CoCo都可 北投中和,SUCCESS,75,4.9,240,20260825232752_23fee308_CoCo都可_北投中和.json,https://www.ubereats.com/tw/store/coco%E9%83%BD%E5%8F%AF-%E5%8C%97%E6%8A%95%E4%B8%AD%E5%92%8C/kDPI6-YsWsytT89i--yiqQ
2026-08-25,台北市士林區中山北路七段81巷,1b77616cedf249bbf457b2737864881b,春水堂 大直店,SUCCESS,178,4.8,6000,20260825232752_1b77616c_春水堂_大直店.json,https://www.ubereats.com/tw/store/%E6%98%A5%E6%B0%B4%E5%A0%82-%E5%A4%A7%E7%9B%B4%E5%BA%97/QnsleHZJQMO_zAs1-zgcrA
